record_type,raw_source_key,raw_value,canonical_id,canonical_value,method,confidence,source_url,reason
startup,yc-vault:2025-04-21:YC_Companies.csv:row:3,Monzo Bank,458a4163-d0ea-5da9-978d-03d9418f3e5a,Monzo Bank,source_row_identity,1.0,https://github.com/lukaflpvc/YC-Vault/blob/1c86f32a981d479249496298f6bb746ff3c79efe/data/2025-04-21/YC_Companies.csv#L3,No name-only merge: source-row identity prevents conflating documented startup homonyms.
startup,yc-vault:2025-04-21:YC_Companies.csv:row:4,Convoy,5703b07e-c948-57f9-9ff1-42fb78fc551a,Convoy,source_row_identity,1.0,https://github.com/lukaflpvc/YC-Vault/blob/1c86f32a981d479249496298f6bb746ff3c79efe/data/2025-04-21/YC_Companies.csv#L4,No name-only merge: source-row identity prevents conflating documented startup homonyms.
startup,yc-vault:2025-04-21:YC_Companies.csv:row:5,Reddit,00517298-ec44-5513-8997-d838a99b3b20,Reddit,source_row_identity,1.0,https://github.com/lukaflpvc/YC-Vault/blob/1c86f32a981d479249496298f6bb746ff3c79efe/data/2025-04-21/YC_Companies.csv#L5,No name-only merge: source-row identity prevents conflating documented startup homonyms.
startup,yc-vault:2025-04-21:YC_Companies.csv:row:7,Clickfacts,2ce269b9-ea7e-5710-9521-19b7c32939aa,Clickfacts,source_row_identity,1.0,https://github.com/lukaflpvc/YC-Vault/blob/1c86f32a981d479249496298f6bb746ff3c79efe/data/2025-04-21/YC_Companies.csv#L7,No name-only merge: source-row identity prevents conflating documented startup homonyms.
startup,yc-vault:2025-04-21:YC_Companies.csv:row:8,TextPayMe,0356a2db-c185-51cf-ba72-a6808bb7fe17,TextPayMe,source_row_identity,1.0,https://github.com/lukaflpvc/YC-Vault/blob/1c86f32a981d479249496298f6bb746ff3c79efe/data/2025-04-21/YC_Companies.csv#L8,No name-only merge: source-row identity prevents conflating documented startup homonyms.
startup,yc-vault:2025-04-21:YC_Companies.csv:row:9,Loopt,36b015e8-b362-5853-b887-8651c835e88f,Loopt,source_row_identity,1.0,https://github.com/lukaflpvc/YC-Vault/blob/1c86f32a981d479249496298f6bb746ff3c79efe/data/2025-04-21/YC_Companies.csv#L9,No name-only merge: source-row identity prevents conflating documented startup homonyms.
startup,yc-vault:2025-04-21:YC_Companies.csv:row:10,Infogami,39677354-494a-5d47-a977-974ded868986,Infogami,source_row_identity,1.0,https://github.com/lukaflpvc/YC-Vault/blob/1c86f32a981d479249496298f6bb746ff3c79efe/data/2025-04-21/YC_Companies.csv#L10,No name-only merge: source-row identity prevents conflating documented startup homonyms.
startup,yc-vault:2025-04-21:YC_Companies.csv:row:13,Wufoo,220cdd09-2558-5f0b-b4ab-d621fdf6de7f,Wufoo,source_row_identity,1.0,https://github.com/lukaflpvc/YC-Vault/blob/1c86f32a981d479249496298f6bb746ff3c79efe/data/2025-04-21/YC_Companies.csv#L13,No name-only merge: source-row identity prevents conflating documented startup homonyms.
startup,yc-vault:2025-04-21:YC_Companies.csv:row:14,Project Wedding,759626c2-18f0-54d8-9251-1c14575bbb61,Project Wedding,source_row_identity,1.0,https://github.com/lukaflpvc/YC-Vault/blob/1c86f32a981d479249496298f6bb746ff3c79efe/data/2025-04-21/YC_Companies.csv#L14,No name-only merge: source-row identity prevents conflating documented startup homonyms.
startup,yc-vault:2025-04-21:YC_Companies.csv:row:15,Clustrix,cbcad23e-f118-58d1-a2d4-0af95625e58f,Clustrix,source_row_identity,1.0,https://github.com/lukaflpvc/YC-Vault/blob/1c86f32a981d479249496298f6bb746ff3c79efe/data/2025-04-21/YC_Companies.csv#L15,No name-only merge: source-row identity prevents conflating documented startup homonyms.
startup,yc-vault:2025-04-21:YC_Companies.csv:row:16,Inkling,e0c0da1e-827d-59f7-ac7c-46390569f5dc,Inkling,source_row_identity,1.0,https://github.com/lukaflpvc/YC-Vault/blob/1c86f32a981d479249496298f6bb746ff3c79efe/data/2025-04-21/YC_Companies.csv#L16,No name-only merge: source-row identity prevents conflating documented startup homonyms.
startup,yc-vault:2025-04-21:YC_Companies.csv:row:18,Flagr,0f8ed32c-baf6-5b68-96fe-40960820fa8c,Flagr,source_row_identity,1.0,https://github.com/lukaflpvc/YC-Vault/blob/1c86f32a981d479249496298f6bb746ff3c79efe/data/2025-04-21/YC_Companies.csv#L18,No name-only merge: source-row identity prevents conflating documented startup homonyms.
startup,yc-vault:2025-04-21:YC_Companies.csv:row:21,Scribd,b715403a-9d7e-53de-9da5-129fd8b0a26f,Scribd,source_row_identity,1.0,https://github.com/lukaflpvc/YC-Vault/blob/1c86f32a981d479249496298f6bb746ff3c79efe/data/2025-04-21/YC_Companies.csv#L21,No name-only merge: source-row identity prevents conflating documented startup homonyms.
startup,yc-vault:2025-04-21:YC_Companies.csv:row:22,Xobni,c23a2311-ac71-5f9b-be83-4e1dfe3c3681,Xobni,source_row_identity,1.0,https://github.com/lukaflpvc/YC-Vault/blob/1c86f32a981d479249496298f6bb746ff3c79efe/data/2025-04-21/YC_Companies.csv#L22,No name-only merge: source-row identity prevents conflating documented startup homonyms.
startup,yc-vault:2025-04-21:YC_Companies.csv:row:23,Jumpchat,26ae61d8-2749-59eb-976b-992f911d350b,Jumpchat,source_row_identity,1.0,https://github.com/lukaflpvc/YC-Vault/blob/1c86f32a981d479249496298f6bb746ff3c79efe/data/2025-04-21/YC_Companies.csv#L23,No name-only merge: source-row identity prevents conflating documented startup homonyms.
startup,yc-vault:2025-04-21:YC_Companies.csv:row:24,Likebetter,cc215d8e-65dc-52e2-a2be-1ff8ae083b45,Likebetter,source_row_identity,1.0,https://github.com/lukaflpvc/YC-Vault/blob/1c86f32a981d479249496298f6bb746ff3c79efe/data/2025-04-21/YC_Companies.csv#L24,No name-only merge: source-row identity prevents conflating documented startup homonyms.
startup,yc-vault:2025-04-21:YC_Companies.csv:row:27,Shoutfit,b95ffdf6-a431-5cee-a309-b7934b030850,Shoutfit,source_row_identity,1.0,https://github.com/lukaflpvc/YC-Vault/blob/1c86f32a981d479249496298f6bb746ff3c79efe/data/2025-04-21/YC_Companies.csv#L27,No name-only merge: source-row identity prevents conflating documented startup homonyms.
startup,yc-vault:2025-04-21:YC_Companies.csv:row:30,Jamglue,bfa69bf7-f91f-50a6-a57d-51ceff0fbede,Jamglue,source_row_identity,1.0,https://github.com/lukaflpvc/YC-Vault/blob/1c86f32a981d479249496298f6bb746ff3c79efe/data/2025-04-21/YC_Companies.csv#L30,No name-only merge: source-row identity prevents conflating documented startup homonyms.
startup,yc-vault:2025-04-21:YC_Companies.csv:row:31,Machine Zone,cee52a23-76c3-50fd-9cc3-1032cc4363ff,Machine Zone,source_row_identity,1.0,https://github.com/lukaflpvc/YC-Vault/blob/1c86f32a981d479249496298f6bb746ff3c79efe/data/2025-04-21/YC_Companies.csv#L31,No name-only merge: source-row identity prevents conflating documented startup homonyms.
startup,yc-vault:2025-04-21:YC_Companies.csv:row:32,Heroku,939ca5aa-f5b3-5ace-88d7-2b0021e4cb0a,Heroku,source_row_identity,1.0,https://github.com/lukaflpvc/YC-Vault/blob/1c86f32a981d479249496298f6bb746ff3c79efe/data/2025-04-21/YC_Companies.csv#L32,No name-only merge: source-row identity prevents conflating documented startup homonyms.
startup,yc-vault:2025-04-21:YC_Companies.csv:row:33,Ninite,c3a2aa15-97cb-5168-bc3e-f6f667ccaf4c,Ninite,source_row_identity,1.0,https://github.com/lukaflpvc/YC-Vault/blob/1c86f32a981d479249496298f6bb746ff3c79efe/data/2025-04-21/YC_Companies.csv#L33,No name-only merge: source-row identity prevents conflating documented startup homonyms.
startup,yc-vault:2025-04-21:YC_Companies.csv:row:34,RescueTime,4de54154-45a1-5832-8dfe-833c4089fd92,RescueTime,source_row_identity,1.0,https://github.com/lukaflpvc/YC-Vault/blob/1c86f32a981d479249496298f6bb746ff3c79efe/data/2025-04-21/YC_Companies.csv#L34,No name-only merge: source-row identity prevents conflating documented startup homonyms.
startup,yc-vault:2025-04-21:YC_Companies.csv:row:37,A Thinking Ape,1b0a3c95-8075-54b1-b367-6e88a2a25eee,A Thinking Ape,source_row_identity,1.0,https://github.com/lukaflpvc/YC-Vault/blob/1c86f32a981d479249496298f6bb746ff3c79efe/data/2025-04-21/YC_Companies.csv#L37,No name-only merge: source-row identity prevents conflating documented startup homonyms.
startup,yc-vault:2025-04-21:YC_Companies.csv:row:39,Joberator,a14035c0-e90a-57f6-a093-4a2067f78e41,Joberator,source_row_identity,1.0,https://github.com/lukaflpvc/YC-Vault/blob/1c86f32a981d479249496298f6bb746ff3c79efe/data/2025-04-21/YC_Companies.csv#L39,No name-only merge: source-row identity prevents conflating documented startup homonyms.
startup,yc-vault:2025-04-21:YC_Companies.csv:row:41,Snaptalent,044b51f0-3431-516e-89bf-2e769e70a622,Snaptalent,source_row_identity,1.0,https://github.com/lukaflpvc/YC-Vault/blob/1c86f32a981d479249496298f6bb746ff3c79efe/data/2025-04-21/YC_Companies.csv#L41,No name-only merge: source-row identity prevents conflating documented startup homonyms.
startup,yc-vault:2025-04-21:YC_Companies.csv:row:42,YumDots,ac374775-c668-5e8e-b71a-3d115e50daa7,YumDots,source_row_identity,1.0,https://github.com/lukaflpvc/YC-Vault/blob/1c86f32a981d479249496298f6bb746ff3c79efe/data/2025-04-21/YC_Companies.csv#L42,No name-only merge: source-row identity prevents conflating documented startup homonyms.
startup,yc-vault:2025-04-21:YC_Companies.csv:row:43,Deluux,f5d9d996-37e0-5f93-b9e3-915253d7c179,Deluux,source_row_identity,1.0,https://github.com/lukaflpvc/YC-Vault/blob/1c86f32a981d479249496298f6bb746ff3c79efe/data/2025-04-21/YC_Companies.csv#L43,No name-only merge: source-row identity prevents conflating documented startup homonyms.
startup,yc-vault:2025-04-21:YC_Companies.csv:row:44,Kirkland North,402dd65d-aa1f-5e0d-b3e1-f747b78a5da2,Kirkland North,source_row_identity,1.0,https://github.com/lukaflpvc/YC-Vault/blob/1c86f32a981d479249496298f6bb746ff3c79efe/data/2025-04-21/YC_Companies.csv#L44,No name-only merge: source-row identity prevents conflating documented startup homonyms.
startup,yc-vault:2025-04-21:YC_Companies.csv:row:46,Mixwit,406364e7-6bb6-53a9-ae3e-798b73d13e02,Mixwit,source_row_identity,1.0,https://github.com/lukaflpvc/YC-Vault/blob/1c86f32a981d479249496298f6bb746ff3c79efe/data/2025-04-21/YC_Companies.csv#L46,No name-only merge: source-row identity prevents conflating documented startup homonyms.
startup,yc-vault:2025-04-21:YC_Companies.csv:row:47,Socialbrowse,4bd05700-f131-5d02-bb56-1a59d430b050,Socialbrowse,source_row_identity,1.0,https://github.com/lukaflpvc/YC-Vault/blob/1c86f32a981d479249496298f6bb746ff3c79efe/data/2025-04-21/YC_Companies.csv#L47,No name-only merge: source-row identity prevents conflating documented startup homonyms.
startup,yc-vault:2025-04-21:YC_Companies.csv:row:48,Wundrbar,d7329fd3-2681-5ac8-9836-c220c20661e1,Wundrbar,source_row_identity,1.0,https://github.com/lukaflpvc/YC-Vault/blob/1c86f32a981d479249496298f6bb746ff3c79efe/data/2025-04-21/YC_Companies.csv#L48,No name-only merge: source-row identity prevents conflating documented startup homonyms.
startup,yc-vault:2025-04-21:YC_Companies.csv:row:50,MightyQuiz,c0d1e31c-12aa-58a6-b74f-d9577d795308,MightyQuiz,source_row_identity,1.0,https://github.com/lukaflpvc/YC-Vault/blob/1c86f32a981d479249496298f6bb746ff3c79efe/data/2025-04-21/YC_Companies.csv#L50,No name-only merge: source-row identity prevents conflating documented startup homonyms.
startup,yc-vault:2025-04-21:YC_Companies.csv:row:51,Trigger,751f167e-e963-5550-a301-5824186c731a,Trigger,source_row_identity,1.0,https://github.com/lukaflpvc/YC-Vault/blob/1c86f32a981d479249496298f6bb746ff3c79efe/data/2025-04-21/YC_Companies.csv#L51,No name-only merge: source-row identity prevents conflating documented startup homonyms.
startup,yc-vault:2025-04-21:YC_Companies.csv:row:52,Poll Everywhere,ef18d6e9-ff16-5b37-9742-3b8909b4befc,Poll Everywhere,source_row_identity,1.0,https://github.com/lukaflpvc/YC-Vault/blob/1c86f32a981d479249496298f6bb746ff3c79efe/data/2025-04-21/YC_Companies.csv#L52,No name-only merge: source-row identity prevents conflating documented startup homonyms.
startup,yc-vault:2025-04-21:YC_Companies.csv:row:56,Posterous,c3e2daaa-8251-504f-bab8-ce80dbd11e94,Posterous,source_row_identity,1.0,https://github.com/lukaflpvc/YC-Vault/blob/1c86f32a981d479249496298f6bb746ff3c79efe/data/2025-04-21/YC_Companies.csv#L56,No name-only merge: source-row identity prevents conflating documented startup homonyms.
startup,yc-vault:2025-04-21:YC_Companies.csv:row:57,Slinkset,f45b0c5a-b8a2-54ab-acf9-8f0d1465657d,Slinkset,source_row_identity,1.0,https://github.com/lukaflpvc/YC-Vault/blob/1c86f32a981d479249496298f6bb746ff3c79efe/data/2025-04-21/YC_Companies.csv#L57,No name-only merge: source-row identity prevents conflating documented startup homonyms.
startup,yc-vault:2025-04-21:YC_Companies.csv:row:58,Treehouse,9cc11730-3523-514a-8564-75cf5219aa98,Treehouse,source_row_identity,1.0,https://github.com/lukaflpvc/YC-Vault/blob/1c86f32a981d479249496298f6bb746ff3c79efe/data/2025-04-21/YC_Companies.csv#L58,No name-only merge: source-row identity prevents conflating documented startup homonyms.
startup,yc-vault:2025-04-21:YC_Companies.csv:row:61,Popcuts,76af666f-d665-5273-b83c-b290d8ba8e7c,Popcuts,source_row_identity,1.0,https://github.com/lukaflpvc/YC-Vault/blob/1c86f32a981d479249496298f6bb746ff3c79efe/data/2025-04-21/YC_Companies.csv#L61,No name-only merge: source-row identity prevents conflating documented startup homonyms.
startup,yc-vault:2025-04-21:YC_Companies.csv:row:62,Snipd,6b0698bc-aa2c-5773-9964-1c9a29cac9be,Snipd,source_row_identity,1.0,https://github.com/lukaflpvc/YC-Vault/blob/1c86f32a981d479249496298f6bb746ff3c79efe/data/2025-04-21/YC_Companies.csv#L62,No name-only merge: source-row identity prevents conflating documented startup homonyms.
startup,yc-vault:2025-04-21:YC_Companies.csv:row:63,Ticket Stumbler,dc837b05-be29-546a-b88c-d291ba30944c,Ticket Stumbler,source_row_identity,1.0,https://github.com/lukaflpvc/YC-Vault/blob/1c86f32a981d479249496298f6bb746ff3c79efe/data/2025-04-21/YC_Companies.csv#L63,No name-only merge: source-row identity prevents conflating documented startup homonyms.
startup,yc-vault:2025-04-21:YC_Companies.csv:row:65,Team Apart,2d910dec-ca3f-5819-bf5f-f8334da2f86c,Team Apart,source_row_identity,1.0,https://github.com/lukaflpvc/YC-Vault/blob/1c86f32a981d479249496298f6bb746ff3c79efe/data/2025-04-21/YC_Companies.csv#L65,No name-only merge: source-row identity prevents conflating documented startup homonyms.
startup,yc-vault:2025-04-21:YC_Companies.csv:row:66,Youlicit,e6eb6141-f20f-5dd5-9013-7102c1327775,Youlicit,source_row_identity,1.0,https://github.com/lukaflpvc/YC-Vault/blob/1c86f32a981d479249496298f6bb746ff3c79efe/data/2025-04-21/YC_Companies.csv#L66,No name-only merge: source-row identity prevents conflating documented startup homonyms.
startup,yc-vault:2025-04-21:YC_Companies.csv:row:68,Picwing,cc8cff43-669b-5fbb-ae0e-cd4286a99813,Picwing,source_row_identity,1.0,https://github.com/lukaflpvc/YC-Vault/blob/1c86f32a981d479249496298f6bb746ff3c79efe/data/2025-04-21/YC_Companies.csv#L68,No name-only merge: source-row identity prevents conflating documented startup homonyms.
startup,yc-vault:2025-04-21:YC_Companies.csv:row:70,Anyvite,0dc7cc23-c188-5b16-923d-38fffd919790,Anyvite,source_row_identity,1.0,https://github.com/lukaflpvc/YC-Vault/blob/1c86f32a981d479249496298f6bb746ff3c79efe/data/2025-04-21/YC_Companies.csv#L70,No name-only merge: source-row identity prevents conflating documented startup homonyms.
startup,yc-vault:2025-04-21:YC_Companies.csv:row:71,Frogmetrics,366b73c6-eb9e-5f24-b2d9-6d322a976cf3,Frogmetrics,source_row_identity,1.0,https://github.com/lukaflpvc/YC-Vault/blob/1c86f32a981d479249496298f6bb746ff3c79efe/data/2025-04-21/YC_Companies.csv#L71,No name-only merge: source-row identity prevents conflating documented startup homonyms.
startup,yc-vault:2025-04-21:YC_Companies.csv:row:73,OhLife,08a39070-494b-5aaf-9f4b-32ecb310c237,OhLife,source_row_identity,1.0,https://github.com/lukaflpvc/YC-Vault/blob/1c86f32a981d479249496298f6bb746ff3c79efe/data/2025-04-21/YC_Companies.csv#L73,No name-only merge: source-row identity prevents conflating documented startup homonyms.
startup,yc-vault:2025-04-21:YC_Companies.csv:row:74,Airbnb,8579a279-9679-5447-809e-37c9b0621573,Airbnb,source_row_identity,1.0,https://github.com/lukaflpvc/YC-Vault/blob/1c86f32a981d479249496298f6bb746ff3c79efe/data/2025-04-21/YC_Companies.csv#L74,No name-only merge: source-row identity prevents conflating documented startup homonyms.
startup,yc-vault:2025-04-21:YC_Companies.csv:row:75,Volantio,e8365a6a-0d04-5c93-b91f-d2f5391b0acb,Volantio,source_row_identity,1.0,https://github.com/lukaflpvc/YC-Vault/blob/1c86f32a981d479249496298f6bb746ff3c79efe/data/2025-04-21/YC_Companies.csv#L75,No name-only merge: source-row identity prevents conflating documented startup homonyms.
startup,yc-vault:2025-04-21:YC_Companies.csv:row:76,Cloudkick,8a983ec7-3883-55a6-a477-9c2e7c3eee91,Cloudkick,source_row_identity,1.0,https://github.com/lukaflpvc/YC-Vault/blob/1c86f32a981d479249496298f6bb746ff3c79efe/data/2025-04-21/YC_Companies.csv#L76,No name-only merge: source-row identity prevents conflating documented startup homonyms.
startup,yc-vault:2025-04-21:YC_Companies.csv:row:79,Divvyshot,59e01474-89ae-5d78-b1dd-38424c77b3aa,Divvyshot,source_row_identity,1.0,https://github.com/lukaflpvc/YC-Vault/blob/1c86f32a981d479249496298f6bb746ff3c79efe/data/2025-04-21/YC_Companies.csv#L79,No name-only merge: source-row identity prevents conflating documented startup homonyms.
startup,yc-vault:2025-04-21:YC_Companies.csv:row:81,PetaSales,e6b9e329-b280-55a9-980e-8d90e667621d,PetaSales,source_row_identity,1.0,https://github.com/lukaflpvc/YC-Vault/blob/1c86f32a981d479249496298f6bb746ff3c79efe/data/2025-04-21/YC_Companies.csv#L81,No name-only merge: source-row identity prevents conflating documented startup homonyms.
startup,yc-vault:2025-04-21:YC_Companies.csv:row:82,Voxli,103bbc46-17f9-5c7e-a7e7-9a3864a0d730,Voxli,source_row_identity,1.0,https://github.com/lukaflpvc/YC-Vault/blob/1c86f32a981d479249496298f6bb746ff3c79efe/data/2025-04-21/YC_Companies.csv#L82,No name-only merge: source-row identity prevents conflating documented startup homonyms.
startup,yc-vault:2025-04-21:YC_Companies.csv:row:84,Picurio,c3a23d75-11e2-5c4b-a620-f33d3d5fd7c9,Picurio,source_row_identity,1.0,https://github.com/lukaflpvc/YC-Vault/blob/1c86f32a981d479249496298f6bb746ff3c79efe/data/2025-04-21/YC_Companies.csv#L84,No name-only merge: source-row identity prevents conflating documented startup homonyms.
startup,yc-vault:2025-04-21:YC_Companies.csv:row:86,Foodoro,058ec88d-da63-508f-b717-9a903bb58935,Foodoro,source_row_identity,1.0,https://github.com/lukaflpvc/YC-Vault/blob/1c86f32a981d479249496298f6bb746ff3c79efe/data/2025-04-21/YC_Companies.csv#L86,No name-only merge: source-row identity prevents conflating documented startup homonyms.
startup,yc-vault:2025-04-21:YC_Companies.csv:row:88,Skysheet,0bec4c9e-ed81-5e57-b9b3-4ed83a5c9ea1,Skysheet,source_row_identity,1.0,https://github.com/lukaflpvc/YC-Vault/blob/1c86f32a981d479249496298f6bb746ff3c79efe/data/2025-04-21/YC_Companies.csv#L88,No name-only merge: source-row identity prevents conflating documented startup homonyms.
startup,yc-vault:2025-04-21:YC_Companies.csv:row:90,WePay,90832a8b-f070-5bff-b037-2aea6523f5af,WePay,source_row_identity,1.0,https://github.com/lukaflpvc/YC-Vault/blob/1c86f32a981d479249496298f6bb746ff3c79efe/data/2025-04-21/YC_Companies.csv#L90,No name-only merge: source-row identity prevents conflating documented startup homonyms.
startup,yc-vault:2025-04-21:YC_Companies.csv:row:91,Mixpanel,1ea8f16e-2d3e-5b17-9d9b-9f5fbce0d92e,Mixpanel,source_row_identity,1.0,https://github.com/lukaflpvc/YC-Vault/blob/1c86f32a981d479249496298f6bb746ff3c79efe/data/2025-04-21/YC_Companies.csv#L91,No name-only merge: source-row identity prevents conflating documented startup homonyms.
startup,yc-vault:2025-04-21:YC_Companies.csv:row:92,Stripe,c005186e-d56a-5d76-ab06-bf07183e41e1,Stripe,source_row_identity,1.0,https://github.com/lukaflpvc/YC-Vault/blob/1c86f32a981d479249496298f6bb746ff3c79efe/data/2025-04-21/YC_Companies.csv#L92,No name-only merge: source-row identity prevents conflating documented startup homonyms.
startup,yc-vault:2025-04-21:YC_Companies.csv:row:93,Lingt,c6c60956-b370-5526-835c-129655c0c4d7,Lingt,source_row_identity,1.0,https://github.com/lukaflpvc/YC-Vault/blob/1c86f32a981d479249496298f6bb746ff3c79efe/data/2025-04-21/YC_Companies.csv#L93,No name-only merge: source-row identity prevents conflating documented startup homonyms.
startup,yc-vault:2025-04-21:YC_Companies.csv:row:94,RentHop,1a29ac32-fda2-5211-b2bc-64bdbd0abc70,RentHop,source_row_identity,1.0,https://github.com/lukaflpvc/YC-Vault/blob/1c86f32a981d479249496298f6bb746ff3c79efe/data/2025-04-21/YC_Companies.csv#L94,No name-only merge: source-row identity prevents conflating documented startup homonyms.
startup,yc-vault:2025-04-21:YC_Companies.csv:row:95,Olark,35d39fbb-8378-5221-b503-cc1793d5086b,Olark,source_row_identity,1.0,https://github.com/lukaflpvc/YC-Vault/blob/1c86f32a981d479249496298f6bb746ff3c79efe/data/2025-04-21/YC_Companies.csv#L95,No name-only merge: source-row identity prevents conflating documented startup homonyms.
startup,yc-vault:2025-04-21:YC_Companies.csv:row:96,Directed Edge,fd549392-e476-5deb-8e25-a8222dca8d73,Directed Edge,source_row_identity,1.0,https://github.com/lukaflpvc/YC-Vault/blob/1c86f32a981d479249496298f6bb746ff3c79efe/data/2025-04-21/YC_Companies.csv#L96,No name-only merge: source-row identity prevents conflating documented startup homonyms.
startup,yc-vault:2025-04-21:YC_Companies.csv:row:97,Listia,22151586-bde1-5bff-b8f1-b733caabc7ad,Listia,source_row_identity,1.0,https://github.com/lukaflpvc/YC-Vault/blob/1c86f32a981d479249496298f6bb746ff3c79efe/data/2025-04-21/YC_Companies.csv#L97,No name-only merge: source-row identity prevents conflating documented startup homonyms.
startup,yc-vault:2025-04-21:YC_Companies.csv:row:98,Flightcaster,304e78c4-2ca3-50f4-9acb-7d3bfc0e95c6,Flightcaster,source_row_identity,1.0,https://github.com/lukaflpvc/YC-Vault/blob/1c86f32a981d479249496298f6bb746ff3c79efe/data/2025-04-21/YC_Companies.csv#L98,No name-only merge: source-row identity prevents conflating documented startup homonyms.
startup,yc-vault:2025-04-21:YC_Companies.csv:row:99,GraffitiGeo,23239ae3-66d3-5f77-b753-7f1e3d5bb14f,GraffitiGeo,source_row_identity,1.0,https://github.com/lukaflpvc/YC-Vault/blob/1c86f32a981d479249496298f6bb746ff3c79efe/data/2025-04-21/YC_Companies.csv#L99,No name-only merge: source-row identity prevents conflating documented startup homonyms.
startup,yc-vault:2025-04-21:YC_Companies.csv:row:100,Lockitron,0438054a-db25-5ead-af83-27ddf0b00fd4,Lockitron,source_row_identity,1.0,https://github.com/lukaflpvc/YC-Vault/blob/1c86f32a981d479249496298f6bb746ff3c79efe/data/2025-04-21/YC_Companies.csv#L100,No name-only merge: source-row identity prevents conflating documented startup homonyms.
startup,yc-vault:2025-04-21:YC_Companies.csv:row:101,RethinkDB,322c206b-ef6a-5175-9bcc-c9ea8f073d76,RethinkDB,source_row_identity,1.0,https://github.com/lukaflpvc/YC-Vault/blob/1c86f32a981d479249496298f6bb746ff3c79efe/data/2025-04-21/YC_Companies.csv#L101,No name-only merge: source-row identity prevents conflating documented startup homonyms.
startup,yc-vault:2025-04-21:YC_Companies.csv:row:102,Bump,5be2569f-d336-5859-ba04-8b3c03309820,Bump,source_row_identity,1.0,https://github.com/lukaflpvc/YC-Vault/blob/1c86f32a981d479249496298f6bb746ff3c79efe/data/2025-04-21/YC_Companies.csv#L102,No name-only merge: source-row identity prevents conflating documented startup homonyms.
startup,yc-vault:2025-04-21:YC_Companies.csv:row:103,DailyBooth,a5eef054-7858-5cda-ba30-5d0bee0d3fb6,DailyBooth,source_row_identity,1.0,https://github.com/lukaflpvc/YC-Vault/blob/1c86f32a981d479249496298f6bb746ff3c79efe/data/2025-04-21/YC_Companies.csv#L103,No name-only merge: source-row identity prevents conflating documented startup homonyms.
startup,yc-vault:2025-04-21:YC_Companies.csv:row:104,Instantq,89b5dceb-48a5-53f1-bb02-deb45b0da6f1,Instantq,source_row_identity,1.0,https://github.com/lukaflpvc/YC-Vault/blob/1c86f32a981d479249496298f6bb746ff3c79efe/data/2025-04-21/YC_Companies.csv#L104,No name-only merge: source-row identity prevents conflating documented startup homonyms.
startup,yc-vault:2025-04-21:YC_Companies.csv:row:105,Wakemate,399e4e47-0371-5858-abc3-14106fd270fe,Wakemate,source_row_identity,1.0,https://github.com/lukaflpvc/YC-Vault/blob/1c86f32a981d479249496298f6bb746ff3c79efe/data/2025-04-21/YC_Companies.csv#L105,No name-only merge: source-row identity prevents conflating documented startup homonyms.
startup,yc-vault:2025-04-21:YC_Companies.csv:row:109,NudgePad,0be8ce67-ca4a-5624-bb8a-544979f9e80e,NudgePad,source_row_identity,1.0,https://github.com/lukaflpvc/YC-Vault/blob/1c86f32a981d479249496298f6bb746ff3c79efe/data/2025-04-21/YC_Companies.csv#L109,No name-only merge: source-row identity prevents conflating documented startup homonyms.
startup,yc-vault:2025-04-21:YC_Companies.csv:row:110,Plurchase,a8ed5308-6d2a-5525-9a41-38a503052163,Plurchase,source_row_identity,1.0,https://github.com/lukaflpvc/YC-Vault/blob/1c86f32a981d479249496298f6bb746ff3c79efe/data/2025-04-21/YC_Companies.csv#L110,No name-only merge: source-row identity prevents conflating documented startup homonyms.
startup,yc-vault:2025-04-21:YC_Companies.csv:row:111,Fanchatter,9d458371-3ecb-5674-b9fe-94a156a23ab9,Fanchatter,source_row_identity,1.0,https://github.com/lukaflpvc/YC-Vault/blob/1c86f32a981d479249496298f6bb746ff3c79efe/data/2025-04-21/YC_Companies.csv#L111,No name-only merge: source-row identity prevents conflating documented startup homonyms.
startup,yc-vault:2025-04-21:YC_Companies.csv:row:112,SSovereign,118f8f59-6df4-51b6-a883-dcd8e5f2bb81,SSovereign,source_row_identity,1.0,https://github.com/lukaflpvc/YC-Vault/blob/1c86f32a981d479249496298f6bb746ff3c79efe/data/2025-04-21/YC_Companies.csv#L112,No name-only merge: source-row identity prevents conflating documented startup homonyms.
startup,yc-vault:2025-04-21:YC_Companies.csv:row:113,CarWoo,d1885a29-4f5e-5e1e-90ce-fe69485f538c,CarWoo,source_row_identity,1.0,https://github.com/lukaflpvc/YC-Vault/blob/1c86f32a981d479249496298f6bb746ff3c79efe/data/2025-04-21/YC_Companies.csv#L113,No name-only merge: source-row identity prevents conflating documented startup homonyms.
startup,yc-vault:2025-04-21:YC_Companies.csv:row:114,Jobspice,659f7607-85e9-5238-aa95-b80290d59881,Jobspice,source_row_identity,1.0,https://github.com/lukaflpvc/YC-Vault/blob/1c86f32a981d479249496298f6bb746ff3c79efe/data/2025-04-21/YC_Companies.csv#L114,No name-only merge: source-row identity prevents conflating documented startup homonyms.
startup,yc-vault:2025-04-21:YC_Companies.csv:row:115,HighlightCam,4d4d3f92-31f4-528e-8be0-e224001c6efa,HighlightCam,source_row_identity,1.0,https://github.com/lukaflpvc/YC-Vault/blob/1c86f32a981d479249496298f6bb746ff3c79efe/data/2025-04-21/YC_Companies.csv#L115,No name-only merge: source-row identity prevents conflating documented startup homonyms.
startup,yc-vault:2025-04-21:YC_Companies.csv:row:116,Optimizely,329924a2-9ab6-5aea-a0a0-fa4be441543d,Optimizely,source_row_identity,1.0,https://github.com/lukaflpvc/YC-Vault/blob/1c86f32a981d479249496298f6bb746ff3c79efe/data/2025-04-21/YC_Companies.csv#L116,No name-only merge: source-row identity prevents conflating documented startup homonyms.
startup,yc-vault:2025-04-21:YC_Companies.csv:row:117,OwnLocal,82ebc59e-5a1b-5941-bb64-e42fab0672b2,OwnLocal,source_row_identity,1.0,https://github.com/lukaflpvc/YC-Vault/blob/1c86f32a981d479249496298f6bb746ff3c79efe/data/2025-04-21/YC_Companies.csv#L117,No name-only merge: source-row identity prevents conflating documented startup homonyms.
startup,yc-vault:2025-04-21:YC_Companies.csv:row:119,Movity,992c37bc-ff67-5573-8b87-18f3f72c21f2,Movity,source_row_identity,1.0,https://github.com/lukaflpvc/YC-Vault/blob/1c86f32a981d479249496298f6bb746ff3c79efe/data/2025-04-21/YC_Companies.csv#L119,No name-only merge: source-row identity prevents conflating documented startup homonyms.
startup,yc-vault:2025-04-21:YC_Companies.csv:row:120,Cardpool,89104c47-d993-580b-b2b0-c9ee5afbd39c,Cardpool,source_row_identity,1.0,https://github.com/lukaflpvc/YC-Vault/blob/1c86f32a981d479249496298f6bb746ff3c79efe/data/2025-04-21/YC_Companies.csv#L120,No name-only merge: source-row identity prevents conflating documented startup homonyms.
startup,yc-vault:2025-04-21:YC_Companies.csv:row:121,Cue,0379c217-99e1-5443-8388-a802a08eed53,Cue,source_row_identity,1.0,https://github.com/lukaflpvc/YC-Vault/blob/1c86f32a981d479249496298f6bb746ff3c79efe/data/2025-04-21/YC_Companies.csv#L121,No name-only merge: source-row identity prevents conflating documented startup homonyms.
startup,yc-vault:2025-04-21:YC_Companies.csv:row:122,Zencoder,a667dfb6-3c6a-55b8-b42e-b5c08b9fbe92,Zencoder,source_row_identity,1.0,https://github.com/lukaflpvc/YC-Vault/blob/1c86f32a981d479249496298f6bb746ff3c79efe/data/2025-04-21/YC_Companies.csv#L122,No name-only merge: source-row identity prevents conflating documented startup homonyms.
startup,yc-vault:2025-04-21:YC_Companies.csv:row:125,Embedly,3d2bfbf2-0a4a-52d1-9e06-d72ee5e61916,Embedly,source_row_identity,1.0,https://github.com/lukaflpvc/YC-Vault/blob/1c86f32a981d479249496298f6bb746ff3c79efe/data/2025-04-21/YC_Companies.csv#L125,No name-only merge: source-row identity prevents conflating documented startup homonyms.
startup,yc-vault:2025-04-21:YC_Companies.csv:row:128,140Fire,9ccf104f-3cfa-5b8f-b3f9-0e523afeee2e,140Fire,source_row_identity,1.0,https://github.com/lukaflpvc/YC-Vault/blob/1c86f32a981d479249496298f6bb746ff3c79efe/data/2025-04-21/YC_Companies.csv#L128,No name-only merge: source-row identity prevents conflating documented startup homonyms.
startup,yc-vault:2025-04-21:YC_Companies.csv:row:129,500Friends,5851257e-997d-5de4-8ad6-d2be29413884,500Friends,source_row_identity,1.0,https://github.com/lukaflpvc/YC-Vault/blob/1c86f32a981d479249496298f6bb746ff3c79efe/data/2025-04-21/YC_Companies.csv#L129,No name-only merge: source-row identity prevents conflating documented startup homonyms.
startup,yc-vault:2025-04-21:YC_Companies.csv:row:130,Mertado,1bb17ea0-4da7-5912-b932-64750efffa94,Mertado,source_row_identity,1.0,https://github.com/lukaflpvc/YC-Vault/blob/1c86f32a981d479249496298f6bb746ff3c79efe/data/2025-04-21/YC_Companies.csv#L130,No name-only merge: source-row identity prevents conflating documented startup homonyms.
startup,yc-vault:2025-04-21:YC_Companies.csv:row:132,Notifo,d6e099f2-a740-5f3c-bcb6-d2b0a5ed0c4d,Notifo,source_row_identity,1.0,https://github.com/lukaflpvc/YC-Vault/blob/1c86f32a981d479249496298f6bb746ff3c79efe/data/2025-04-21/YC_Companies.csv#L132,No name-only merge: source-row identity prevents conflating documented startup homonyms.
startup,yc-vault:2025-04-21:YC_Companies.csv:row:133,Infoharmoni,31e565f5-02be-5896-b29c-94a907e5a6d0,Infoharmoni,source_row_identity,1.0,https://github.com/lukaflpvc/YC-Vault/blob/1c86f32a981d479249496298f6bb746ff3c79efe/data/2025-04-21/YC_Companies.csv#L133,No name-only merge: source-row identity prevents conflating documented startup homonyms.
startup,yc-vault:2025-04-21:YC_Companies.csv:row:134,Newcope,2b0c75d4-e339-5077-af7a-3105acce4d2d,Newcope,source_row_identity,1.0,https://github.com/lukaflpvc/YC-Vault/blob/1c86f32a981d479249496298f6bb746ff3c79efe/data/2025-04-21/YC_Companies.csv#L134,No name-only merge: source-row identity prevents conflating documented startup homonyms.
startup,yc-vault:2025-04-21:YC_Companies.csv:row:135,Newslabs,bc5ca1d1-cd09-544d-8adc-601aa92f101a,Newslabs,source_row_identity,1.0,https://github.com/lukaflpvc/YC-Vault/blob/1c86f32a981d479249496298f6bb746ff3c79efe/data/2025-04-21/YC_Companies.csv#L135,No name-only merge: source-row identity prevents conflating documented startup homonyms.
startup,yc-vault:2025-04-21:YC_Companies.csv:row:136,Data Marketplace,dbdb3e64-b106-5ae2-9119-2e5c731b1b57,Data Marketplace,source_row_identity,1.0,https://github.com/lukaflpvc/YC-Vault/blob/1c86f32a981d479249496298f6bb746ff3c79efe/data/2025-04-21/YC_Companies.csv#L136,No name-only merge: source-row identity prevents conflating documented startup homonyms.
startup,yc-vault:2025-04-21:YC_Companies.csv:row:138,Gamador,3652d4a0-7da9-5c00-8d71-4eead306f564,Gamador,source_row_identity,1.0,https://github.com/lukaflpvc/YC-Vault/blob/1c86f32a981d479249496298f6bb746ff3c79efe/data/2025-04-21/YC_Companies.csv#L138,No name-only merge: source-row identity prevents conflating documented startup homonyms.
startup,yc-vault:2025-04-21:YC_Companies.csv:row:139,Zenedy,a16970a2-9da0-50d2-9427-3d5248f0e0e1,Zenedy,source_row_identity,1.0,https://github.com/lukaflpvc/YC-Vault/blob/1c86f32a981d479249496298f6bb746ff3c79efe/data/2025-04-21/YC_Companies.csv#L139,No name-only merge: source-row identity prevents conflating documented startup homonyms.
startup,yc-vault:2025-04-21:YC_Companies.csv:row:140,Answerly,2e432947-3186-5636-9e67-7b1a247b76f4,Answerly,source_row_identity,1.0,https://github.com/lukaflpvc/YC-Vault/blob/1c86f32a981d479249496298f6bb746ff3c79efe/data/2025-04-21/YC_Companies.csv#L140,No name-only merge: source-row identity prevents conflating documented startup homonyms.
startup,yc-vault:2025-04-21:YC_Companies.csv:row:141,LaunchHear,b02779da-bfdd-5df6-a1d7-2af560c1c7f0,LaunchHear,source_row_identity,1.0,https://github.com/lukaflpvc/YC-Vault/blob/1c86f32a981d479249496298f6bb746ff3c79efe/data/2025-04-21/YC_Companies.csv#L141,No name-only merge: source-row identity prevents conflating documented startup homonyms.
startup,yc-vault:2025-04-21:YC_Companies.csv:row:142,Fabricly,337de03e-1943-548e-ad23-2f6bb89d19e8,Fabricly,source_row_identity,1.0,https://github.com/lukaflpvc/YC-Vault/blob/1c86f32a981d479249496298f6bb746ff3c79efe/data/2025-04-21/YC_Companies.csv#L142,No name-only merge: source-row identity prevents conflating documented startup homonyms.
startup,yc-vault:2025-04-21:YC_Companies.csv:row:143,PagerDuty,9a8daede-88b0-5f10-8821-4fab4cdd1eb1,PagerDuty,source_row_identity,1.0,https://github.com/lukaflpvc/YC-Vault/blob/1c86f32a981d479249496298f6bb746ff3c79efe/data/2025-04-21/YC_Companies.csv#L143,No name-only merge: source-row identity prevents conflating documented startup homonyms.
startup,yc-vault:2025-04-21:YC_Companies.csv:row:144,Presto,bb1e97bb-b914-56b1-9be6-2376a2ad33bb,Presto,source_row_identity,1.0,https://github.com/lukaflpvc/YC-Vault/blob/1c86f32a981d479249496298f6bb746ff3c79efe/data/2025-04-21/YC_Companies.csv#L144,No name-only merge: source-row identity prevents conflating documented startup homonyms.
startup,yc-vault:2025-04-21:YC_Companies.csv:row:145,FutureAdvisor,209a733e-fede-508c-b2ed-acf30de4fc5a,FutureAdvisor,source_row_identity,1.0,https://github.com/lukaflpvc/YC-Vault/blob/1c86f32a981d479249496298f6bb746ff3c79efe/data/2025-04-21/YC_Companies.csv#L145,No name-only merge: source-row identity prevents conflating documented startup homonyms.
startup,yc-vault:2025-04-21:YC_Companies.csv:row:146,WorkFlowy,6ddde59e-7f13-5841-978b-38b0bebb9c70,WorkFlowy,source_row_identity,1.0,https://github.com/lukaflpvc/YC-Vault/blob/1c86f32a981d479249496298f6bb746ff3c79efe/data/2025-04-21/YC_Companies.csv#L146,No name-only merge: source-row identity prevents conflating documented startup homonyms.
startup,yc-vault:2025-04-21:YC_Companies.csv:row:147,inDinero,6ba85623-79b3-558b-9d8b-88d9d22c3b67,inDinero,source_row_identity,1.0,https://github.com/lukaflpvc/YC-Vault/blob/1c86f32a981d479249496298f6bb746ff3c79efe/data/2025-04-21/YC_Companies.csv#L147,No name-only merge: source-row identity prevents conflating documented startup homonyms.
startup,yc-vault:2025-04-21:YC_Companies.csv:row:148,Docker,5f565953-fc7d-585f-b982-228a25c56f36,Docker,source_row_identity,1.0,https://github.com/lukaflpvc/YC-Vault/blob/1c86f32a981d479249496298f6bb746ff3c79efe/data/2025-04-21/YC_Companies.csv#L148,No name-only merge: source-row identity prevents conflating documented startup homonyms.
startup,yc-vault:2025-04-21:YC_Companies.csv:row:149,AnyList,c1c73bbe-1f77-53f9-a79e-ed509716f82a,AnyList,source_row_identity,1.0,https://github.com/lukaflpvc/YC-Vault/blob/1c86f32a981d479249496298f6bb746ff3c79efe/data/2025-04-21/YC_Companies.csv#L149,No name-only merge: source-row identity prevents conflating documented startup homonyms.
startup,yc-vault:2025-04-21:YC_Companies.csv:row:150,DemandSphere,8482875c-2285-50e2-8ef4-67667f1977c8,DemandSphere,source_row_identity,1.0,https://github.com/lukaflpvc/YC-Vault/blob/1c86f32a981d479249496298f6bb746ff3c79efe/data/2025-04-21/YC_Companies.csv#L150,No name-only merge: source-row identity prevents conflating documented startup homonyms.
startup,yc-vault:2025-04-21:YC_Companies.csv:row:151,Recurse Center,82c41beb-5d31-5c5d-8f9d-a2bed22323b2,Recurse Center,source_row_identity,1.0,https://github.com/lukaflpvc/YC-Vault/blob/1c86f32a981d479249496298f6bb746ff3c79efe/data/2025-04-21/YC_Companies.csv#L151,No name-only merge: source-row identity prevents conflating documented startup homonyms.
startup,yc-vault:2025-04-21:YC_Companies.csv:row:153,Whereoscope,515c9116-271e-55e0-85aa-0a871d1a1953,Whereoscope,source_row_identity,1.0,https://github.com/lukaflpvc/YC-Vault/blob/1c86f32a981d479249496298f6bb746ff3c79efe/data/2025-04-21/YC_Companies.csv#L153,No name-only merge: source-row identity prevents conflating documented startup homonyms.
startup,yc-vault:2025-04-21:YC_Companies.csv:row:154,Tapzilla,93fb8d55-043f-5d8f-bf73-94d2e0fe5b33,Tapzilla,source_row_identity,1.0,https://github.com/lukaflpvc/YC-Vault/blob/1c86f32a981d479249496298f6bb746ff3c79efe/data/2025-04-21/YC_Companies.csv#L154,No name-only merge: source-row identity prevents conflating documented startup homonyms.
startup,yc-vault:2025-04-21:YC_Companies.csv:row:155,Fridge,b5f233a5-169e-5338-a4a5-a9a9eac8567f,Fridge,source_row_identity,1.0,https://github.com/lukaflpvc/YC-Vault/blob/1c86f32a981d479249496298f6bb746ff3c79efe/data/2025-04-21/YC_Companies.csv#L155,No name-only merge: source-row identity prevents conflating documented startup homonyms.
startup,yc-vault:2025-04-21:YC_Companies.csv:row:156,Fanvibe,ada37ef8-c3cb-5bdd-a997-d7f44797384b,Fanvibe,source_row_identity,1.0,https://github.com/lukaflpvc/YC-Vault/blob/1c86f32a981d479249496298f6bb746ff3c79efe/data/2025-04-21/YC_Companies.csv#L156,No name-only merge: source-row identity prevents conflating documented startup homonyms.
startup,yc-vault:2025-04-21:YC_Companies.csv:row:157,Leftronic,14fd9f75-6fc5-5dd9-a45d-16e7988d7f67,Leftronic,source_row_identity,1.0,https://github.com/lukaflpvc/YC-Vault/blob/1c86f32a981d479249496298f6bb746ff3c79efe/data/2025-04-21/YC_Companies.csv#L157,No name-only merge: source-row identity prevents conflating documented startup homonyms.
startup,yc-vault:2025-04-21:YC_Companies.csv:row:158,GazeHawk,00936f27-e0e0-5287-994f-38289f1ce9bc,GazeHawk,source_row_identity,1.0,https://github.com/lukaflpvc/YC-Vault/blob/1c86f32a981d479249496298f6bb746ff3c79efe/data/2025-04-21/YC_Companies.csv#L158,No name-only merge: source-row identity prevents conflating documented startup homonyms.
startup,yc-vault:2025-04-21:YC_Companies.csv:row:159,1000Memories,57c823f8-265e-5f0d-8400-934214caad14,1000Memories,source_row_identity,1.0,https://github.com/lukaflpvc/YC-Vault/blob/1c86f32a981d479249496298f6bb746ff3c79efe/data/2025-04-21/YC_Companies.csv#L159,No name-only merge: source-row identity prevents conflating documented startup homonyms.
startup,yc-vault:2025-04-21:YC_Companies.csv:row:160,Homejoy,df7d5df7-c225-541e-a197-a2250979677e,Homejoy,source_row_identity,1.0,https://github.com/lukaflpvc/YC-Vault/blob/1c86f32a981d479249496298f6bb746ff3c79efe/data/2025-04-21/YC_Companies.csv#L160,No name-only merge: source-row identity prevents conflating documented startup homonyms.
startup,yc-vault:2025-04-21:YC_Companies.csv:row:161,PadMapper,08621934-e9f3-5c28-9403-aeb0eb927176,PadMapper,source_row_identity,1.0,https://github.com/lukaflpvc/YC-Vault/blob/1c86f32a981d479249496298f6bb746ff3c79efe/data/2025-04-21/YC_Companies.csv#L161,No name-only merge: source-row identity prevents conflating documented startup homonyms.
startup,yc-vault:2025-04-21:YC_Companies.csv:row:162,AeroFS,b1c27816-066e-55e7-828f-e997106e8eca,AeroFS,source_row_identity,1.0,https://github.com/lukaflpvc/YC-Vault/blob/1c86f32a981d479249496298f6bb746ff3c79efe/data/2025-04-21/YC_Companies.csv#L162,No name-only merge: source-row identity prevents conflating documented startup homonyms.
startup,yc-vault:2025-04-21:YC_Companies.csv:row:163,Simperium,ad67b505-3e95-5f18-9246-59496e5fe823,Simperium,source_row_identity,1.0,https://github.com/lukaflpvc/YC-Vault/blob/1c86f32a981d479249496298f6bb746ff3c79efe/data/2025-04-21/YC_Companies.csv#L163,No name-only merge: source-row identity prevents conflating documented startup homonyms.
startup,yc-vault:2025-04-21:YC_Companies.csv:row:164,Rapportive,53486585-2dc2-5fe8-a93c-c713544f52b3,Rapportive,source_row_identity,1.0,https://github.com/lukaflpvc/YC-Vault/blob/1c86f32a981d479249496298f6bb746ff3c79efe/data/2025-04-21/YC_Companies.csv#L164,No name-only merge: source-row identity prevents conflating documented startup homonyms.
startup,yc-vault:2025-04-21:YC_Companies.csv:row:165,Hipmunk,996b0a36-c4ee-50c3-a4fd-8056d4e68b4c,Hipmunk,source_row_identity,1.0,https://github.com/lukaflpvc/YC-Vault/blob/1c86f32a981d479249496298f6bb746ff3c79efe/data/2025-04-21/YC_Companies.csv#L165,No name-only merge: source-row identity prevents conflating documented startup homonyms.
startup,yc-vault:2025-04-21:YC_Companies.csv:row:166,Chartio,780256fd-1691-59d6-afde-b611cc989175,Chartio,source_row_identity,1.0,https://github.com/lukaflpvc/YC-Vault/blob/1c86f32a981d479249496298f6bb746ff3c79efe/data/2025-04-21/YC_Companies.csv#L166,No name-only merge: source-row identity prevents conflating documented startup homonyms.
startup,yc-vault:2025-04-21:YC_Companies.csv:row:167,Koduco,73a96a37-3d40-5e49-b953-7bcf4e87bff3,Koduco,source_row_identity,1.0,https://github.com/lukaflpvc/YC-Vault/blob/1c86f32a981d479249496298f6bb746ff3c79efe/data/2025-04-21/YC_Companies.csv#L167,No name-only merge: source-row identity prevents conflating documented startup homonyms.
startup,yc-vault:2025-04-21:YC_Companies.csv:row:169,MessageParty,7e924db5-e622-59ed-8047-3601cd97f6f4,MessageParty,source_row_identity,1.0,https://github.com/lukaflpvc/YC-Vault/blob/1c86f32a981d479249496298f6bb746ff3c79efe/data/2025-04-21/YC_Companies.csv#L169,No name-only merge: source-row identity prevents conflating documented startup homonyms.
startup,yc-vault:2025-04-21:YC_Companies.csv:row:173,Upbeat,0cd0ed17-cb7f-56c8-af81-a3aee77234b9,Upbeat,source_row_identity,1.0,https://github.com/lukaflpvc/YC-Vault/blob/1c86f32a981d479249496298f6bb746ff3c79efe/data/2025-04-21/YC_Companies.csv#L173,No name-only merge: source-row identity prevents conflating documented startup homonyms.
startup,yc-vault:2025-04-21:YC_Companies.csv:row:176,Habit Labs,80d8f37c-49ec-5eed-be6b-c5159be47e18,Habit Labs,source_row_identity,1.0,https://github.com/lukaflpvc/YC-Vault/blob/1c86f32a981d479249496298f6bb746ff3c79efe/data/2025-04-21/YC_Companies.csv#L176,No name-only merge: source-row identity prevents conflating documented startup homonyms.
startup,yc-vault:2025-04-21:YC_Companies.csv:row:177,Chirply,9dac1b9d-5f18-5a2a-bd0b-cd617d599768,Chirply,source_row_identity,1.0,https://github.com/lukaflpvc/YC-Vault/blob/1c86f32a981d479249496298f6bb746ff3c79efe/data/2025-04-21/YC_Companies.csv#L177,No name-only merge: source-row identity prevents conflating documented startup homonyms.
startup,yc-vault:2025-04-21:YC_Companies.csv:row:178,Teevox,8ff6d503-8be2-5238-b773-a91c2c998bf0,Teevox,source_row_identity,1.0,https://github.com/lukaflpvc/YC-Vault/blob/1c86f32a981d479249496298f6bb746ff3c79efe/data/2025-04-21/YC_Companies.csv#L178,No name-only merge: source-row identity prevents conflating documented startup homonyms.
startup,yc-vault:2025-04-21:YC_Companies.csv:row:179,Fivestars,cd559eeb-d699-5242-ab3c-7feaba77715f,Fivestars,source_row_identity,1.0,https://github.com/lukaflpvc/YC-Vault/blob/1c86f32a981d479249496298f6bb746ff3c79efe/data/2025-04-21/YC_Companies.csv#L179,No name-only merge: source-row identity prevents conflating documented startup homonyms.
startup,yc-vault:2025-04-21:YC_Companies.csv:row:180,GOAT Group,35237c9f-4914-5840-84c1-381db6a73c10,GOAT Group,source_row_identity,1.0,https://github.com/lukaflpvc/YC-Vault/blob/1c86f32a981d479249496298f6bb746ff3c79efe/data/2025-04-21/YC_Companies.csv#L180,No name-only merge: source-row identity prevents conflating documented startup homonyms.
startup,yc-vault:2025-04-21:YC_Companies.csv:row:181,HelloSign,4a2646ea-8059-5768-8bc0-0af58ea67501,HelloSign,source_row_identity,1.0,https://github.com/lukaflpvc/YC-Vault/blob/1c86f32a981d479249496298f6bb746ff3c79efe/data/2025-04-21/YC_Companies.csv#L181,No name-only merge: source-row identity prevents conflating documented startup homonyms.
startup,yc-vault:2025-04-21:YC_Companies.csv:row:182,DrChrono,a8f67894-e93c-59dd-af59-84eb0e4f7a2a,DrChrono,source_row_identity,1.0,https://github.com/lukaflpvc/YC-Vault/blob/1c86f32a981d479249496298f6bb746ff3c79efe/data/2025-04-21/YC_Companies.csv#L182,No name-only merge: source-row identity prevents conflating documented startup homonyms.
startup,yc-vault:2025-04-21:YC_Companies.csv:row:183,Storyworth,b0e8af01-0b8e-5873-9d1b-30c29fdd93dd,Storyworth,source_row_identity,1.0,https://github.com/lukaflpvc/YC-Vault/blob/1c86f32a981d479249496298f6bb746ff3c79efe/data/2025-04-21/YC_Companies.csv#L183,No name-only merge: source-row identity prevents conflating documented startup homonyms.
startup,yc-vault:2025-04-21:YC_Companies.csv:row:184,Zerocater,fd876719-4215-56f4-b871-467d77292e5e,Zerocater,source_row_identity,1.0,https://github.com/lukaflpvc/YC-Vault/blob/1c86f32a981d479249496298f6bb746ff3c79efe/data/2025-04-21/YC_Companies.csv#L184,No name-only merge: source-row identity prevents conflating documented startup homonyms.
startup,yc-vault:2025-04-21:YC_Companies.csv:row:185,Mino Games,e4d5f2ea-7b8b-5b34-8906-ad10e4c69574,Mino Games,source_row_identity,1.0,https://github.com/lukaflpvc/YC-Vault/blob/1c86f32a981d479249496298f6bb746ff3c79efe/data/2025-04-21/YC_Companies.csv#L185,No name-only merge: source-row identity prevents conflating documented startup homonyms.
startup,yc-vault:2025-04-21:YC_Companies.csv:row:186,Close,0002fc34-9f01-5a5a-8ba8-77ccb081e7dc,Close,source_row_identity,1.0,https://github.com/lukaflpvc/YC-Vault/blob/1c86f32a981d479249496298f6bb746ff3c79efe/data/2025-04-21/YC_Companies.csv#L186,No name-only merge: source-row identity prevents conflating documented startup homonyms.
startup,yc-vault:2025-04-21:YC_Companies.csv:row:187,Tremendous,cf0c17b7-133e-59cd-b62c-da795b06fe52,Tremendous,source_row_identity,1.0,https://github.com/lukaflpvc/YC-Vault/blob/1c86f32a981d479249496298f6bb746ff3c79efe/data/2025-04-21/YC_Companies.csv#L187,No name-only merge: source-row identity prevents conflating documented startup homonyms.
startup,yc-vault:2025-04-21:YC_Companies.csv:row:188,You Got Listings,8dc6973e-32cf-532e-afff-fa435acd9b66,You Got Listings,source_row_identity,1.0,https://github.com/lukaflpvc/YC-Vault/blob/1c86f32a981d479249496298f6bb746ff3c79efe/data/2025-04-21/YC_Companies.csv#L188,No name-only merge: source-row identity prevents conflating documented startup homonyms.
startup,yc-vault:2025-04-21:YC_Companies.csv:row:189,Instapainting,2f000d64-02fe-5a4c-b35e-81fb37d98328,Instapainting,source_row_identity,1.0,https://github.com/lukaflpvc/YC-Vault/blob/1c86f32a981d479249496298f6bb746ff3c79efe/data/2025-04-21/YC_Companies.csv#L189,No name-only merge: source-row identity prevents conflating documented startup homonyms.
startup,yc-vault:2025-04-21:YC_Companies.csv:row:191,Tumult,ba635c0d-1a06-5bc1-88f6-21b3a7e77fd4,Tumult,source_row_identity,1.0,https://github.com/lukaflpvc/YC-Vault/blob/1c86f32a981d479249496298f6bb746ff3c79efe/data/2025-04-21/YC_Companies.csv#L191,No name-only merge: source-row identity prevents conflating documented startup homonyms.
startup,yc-vault:2025-04-21:YC_Companies.csv:row:192,Talkable,ccfe6a26-5e52-5543-8860-848aef9e6819,Talkable,source_row_identity,1.0,https://github.com/lukaflpvc/YC-Vault/blob/1c86f32a981d479249496298f6bb746ff3c79efe/data/2025-04-21/YC_Companies.csv#L192,No name-only merge: source-row identity prevents conflating documented startup homonyms.
startup,yc-vault:2025-04-21:YC_Companies.csv:row:193,SingleStore,8ece0945-98c6-5b22-94c7-3dba831e6276,SingleStore,source_row_identity,1.0,https://github.com/lukaflpvc/YC-Vault/blob/1c86f32a981d479249496298f6bb746ff3c79efe/data/2025-04-21/YC_Companies.csv#L193,No name-only merge: source-row identity prevents conflating documented startup homonyms.
startup,yc-vault:2025-04-21:YC_Companies.csv:row:195,OrderAhead,ad497335-b3db-5fa9-adab-7ed702839a1c,OrderAhead,source_row_identity,1.0,https://github.com/lukaflpvc/YC-Vault/blob/1c86f32a981d479249496298f6bb746ff3c79efe/data/2025-04-21/YC_Companies.csv#L195,No name-only merge: source-row identity prevents conflating documented startup homonyms.
startup,yc-vault:2025-04-21:YC_Companies.csv:row:196,Lanyrd,227e236f-c9e4-59dc-b773-ffa52991ab4c,Lanyrd,source_row_identity,1.0,https://github.com/lukaflpvc/YC-Vault/blob/1c86f32a981d479249496298f6bb746ff3c79efe/data/2025-04-21/YC_Companies.csv#L196,No name-only merge: source-row identity prevents conflating documented startup homonyms.
startup,yc-vault:2025-04-21:YC_Companies.csv:row:197,Mailgun,0a6d6b91-2273-57fe-a7db-87e5fddb31b7,Mailgun,source_row_identity,1.0,https://github.com/lukaflpvc/YC-Vault/blob/1c86f32a981d479249496298f6bb746ff3c79efe/data/2025-04-21/YC_Companies.csv#L197,No name-only merge: source-row identity prevents conflating documented startup homonyms.
startup,yc-vault:2025-04-21:YC_Companies.csv:row:198,Apportable,cf8b4a5f-ee5c-523b-8915-4a3342c0fef8,Apportable,source_row_identity,1.0,https://github.com/lukaflpvc/YC-Vault/blob/1c86f32a981d479249496298f6bb746ff3c79efe/data/2025-04-21/YC_Companies.csv#L198,No name-only merge: source-row identity prevents conflating documented startup homonyms.
startup,yc-vault:2025-04-21:YC_Companies.csv:row:199,Pebble,7c3a7110-1f1d-5438-b8eb-13f119e8a15b,Pebble,source_row_identity,1.0,https://github.com/lukaflpvc/YC-Vault/blob/1c86f32a981d479249496298f6bb746ff3c79efe/data/2025-04-21/YC_Companies.csv#L199,No name-only merge: source-row identity prevents conflating documented startup homonyms.
startup,yc-vault:2025-04-21:YC_Companies.csv:row:200,Humble Bundle,00ba34ed-6296-5c64-a797-73232156aa6b,Humble Bundle,source_row_identity,1.0,https://github.com/lukaflpvc/YC-Vault/blob/1c86f32a981d479249496298f6bb746ff3c79efe/data/2025-04-21/YC_Companies.csv#L200,No name-only merge: source-row identity prevents conflating documented startup homonyms.
startup,yc-vault:2025-04-21:YC_Companies.csv:row:201,Comprehend,776c7e29-9f0b-5499-9afd-cb61624485b5,Comprehend,source_row_identity,1.0,https://github.com/lukaflpvc/YC-Vault/blob/1c86f32a981d479249496298f6bb746ff3c79efe/data/2025-04-21/YC_Companies.csv#L201,No name-only merge: source-row identity prevents conflating documented startup homonyms.
startup,yc-vault:2025-04-21:YC_Companies.csv:row:202,Custora,849f9106-3b9c-5bdf-a808-b127cf8bb548,Custora,source_row_identity,1.0,https://github.com/lukaflpvc/YC-Vault/blob/1c86f32a981d479249496298f6bb746ff3c79efe/data/2025-04-21/YC_Companies.csv#L202,No name-only merge: source-row identity prevents conflating documented startup homonyms.
startup,yc-vault:2025-04-21:YC_Companies.csv:row:203,Hotspots,bb4f3ba9-e4c1-5e93-a271-3994a5bef490,Hotspots,source_row_identity,1.0,https://github.com/lukaflpvc/YC-Vault/blob/1c86f32a981d479249496298f6bb746ff3c79efe/data/2025-04-21/YC_Companies.csv#L203,No name-only merge: source-row identity prevents conflating documented startup homonyms.
startup,yc-vault:2025-04-21:YC_Companies.csv:row:204,Sendoid,abf4db1f-61c7-58fe-8730-7e0c88266979,Sendoid,source_row_identity,1.0,https://github.com/lukaflpvc/YC-Vault/blob/1c86f32a981d479249496298f6bb746ff3c79efe/data/2025-04-21/YC_Companies.csv#L204,No name-only merge: source-row identity prevents conflating documented startup homonyms.
startup,yc-vault:2025-04-21:YC_Companies.csv:row:205,Earbits,eff7506c-c8b9-5137-87d2-0dda3ff67a80,Earbits,source_row_identity,1.0,https://github.com/lukaflpvc/YC-Vault/blob/1c86f32a981d479249496298f6bb746ff3c79efe/data/2025-04-21/YC_Companies.csv#L205,No name-only merge: source-row identity prevents conflating documented startup homonyms.
startup,yc-vault:2025-04-21:YC_Companies.csv:row:206,Upverter,e65083f5-f08f-52a3-b8f2-3fbadeb401e6,Upverter,source_row_identity,1.0,https://github.com/lukaflpvc/YC-Vault/blob/1c86f32a981d479249496298f6bb746ff3c79efe/data/2025-04-21/YC_Companies.csv#L206,No name-only merge: source-row identity prevents conflating documented startup homonyms.
startup,yc-vault:2025-04-21:YC_Companies.csv:row:207,SimplyListed,f454cbfb-4de6-558a-bd88-4631ac80b6f0,SimplyListed,source_row_identity,1.0,https://github.com/lukaflpvc/YC-Vault/blob/1c86f32a981d479249496298f6bb746ff3c79efe/data/2025-04-21/YC_Companies.csv#L207,No name-only merge: source-row identity prevents conflating documented startup homonyms.
startup,yc-vault:2025-04-21:YC_Companies.csv:row:208,Venuetastic,36251e60-a731-569e-b838-3b873aa43216,Venuetastic,source_row_identity,1.0,https://github.com/lukaflpvc/YC-Vault/blob/1c86f32a981d479249496298f6bb746ff3c79efe/data/2025-04-21/YC_Companies.csv#L208,No name-only merge: source-row identity prevents conflating documented startup homonyms.
startup,yc-vault:2025-04-21:YC_Companies.csv:row:209,Siasto,d1dbc2c4-c68e-51a9-84d1-691a1f3d5cec,Siasto,source_row_identity,1.0,https://github.com/lukaflpvc/YC-Vault/blob/1c86f32a981d479249496298f6bb746ff3c79efe/data/2025-04-21/YC_Companies.csv#L209,No name-only merge: source-row identity prevents conflating documented startup homonyms.
startup,yc-vault:2025-04-21:YC_Companies.csv:row:210,TrustEgg,47d22fb2-a7dd-5778-b3d7-ae81bab48c02,TrustEgg,source_row_identity,1.0,https://github.com/lukaflpvc/YC-Vault/blob/1c86f32a981d479249496298f6bb746ff3c79efe/data/2025-04-21/YC_Companies.csv#L210,No name-only merge: source-row identity prevents conflating documented startup homonyms.
startup,yc-vault:2025-04-21:YC_Companies.csv:row:211,Tutorspree,dead130a-2aa7-5b83-b11a-5ce18a73ce46,Tutorspree,source_row_identity,1.0,https://github.com/lukaflpvc/YC-Vault/blob/1c86f32a981d479249496298f6bb746ff3c79efe/data/2025-04-21/YC_Companies.csv#L211,No name-only merge: source-row identity prevents conflating documented startup homonyms.
startup,yc-vault:2025-04-21:YC_Companies.csv:row:212,Balanced,30ab23e1-81a1-5bb5-9e99-4906f304e110,Balanced,source_row_identity,1.0,https://github.com/lukaflpvc/YC-Vault/blob/1c86f32a981d479249496298f6bb746ff3c79efe/data/2025-04-21/YC_Companies.csv#L212,No name-only merge: source-row identity prevents conflating documented startup homonyms.
startup,yc-vault:2025-04-21:YC_Companies.csv:row:213,Flotype,1c9cb0af-baa4-561e-8ab4-82f16bd28c8e,Flotype,source_row_identity,1.0,https://github.com/lukaflpvc/YC-Vault/blob/1c86f32a981d479249496298f6bb746ff3c79efe/data/2025-04-21/YC_Companies.csv#L213,No name-only merge: source-row identity prevents conflating documented startup homonyms.
startup,yc-vault:2025-04-21:YC_Companies.csv:row:215,Insight Data Science,c47e23fa-d3b9-576d-a1c8-3c5042b01722,Insight Data Science,source_row_identity,1.0,https://github.com/lukaflpvc/YC-Vault/blob/1c86f32a981d479249496298f6bb746ff3c79efe/data/2025-04-21/YC_Companies.csv#L215,No name-only merge: source-row identity prevents conflating documented startup homonyms.
startup,yc-vault:2025-04-21:YC_Companies.csv:row:216,Hyperink,1beb3b56-69e9-5f6d-bb49-6b6c4a7fc106,Hyperink,source_row_identity,1.0,https://github.com/lukaflpvc/YC-Vault/blob/1c86f32a981d479249496298f6bb746ff3c79efe/data/2025-04-21/YC_Companies.csv#L216,No name-only merge: source-row identity prevents conflating documented startup homonyms.
startup,yc-vault:2025-04-21:YC_Companies.csv:row:217,AppHarbor,1505aadf-0039-5230-b2b5-6afe6ee387fd,AppHarbor,source_row_identity,1.0,https://github.com/lukaflpvc/YC-Vault/blob/1c86f32a981d479249496298f6bb746ff3c79efe/data/2025-04-21/YC_Companies.csv#L217,No name-only merge: source-row identity prevents conflating documented startup homonyms.
startup,yc-vault:2025-04-21:YC_Companies.csv:row:219,Assembled,ed8c9c98-4b4f-59f6-b3a7-352fd971dd26,Assembled,source_row_identity,1.0,https://github.com/lukaflpvc/YC-Vault/blob/1c86f32a981d479249496298f6bb746ff3c79efe/data/2025-04-21/YC_Companies.csv#L219,No name-only merge: source-row identity prevents conflating documented startup homonyms.
startup,yc-vault:2025-04-21:YC_Companies.csv:row:220,TellFi,c5c1a66d-5aba-5d90-86f0-279cee38cc3e,TellFi,source_row_identity,1.0,https://github.com/lukaflpvc/YC-Vault/blob/1c86f32a981d479249496298f6bb746ff3c79efe/data/2025-04-21/YC_Companies.csv#L220,No name-only merge: source-row identity prevents conflating documented startup homonyms.
startup,yc-vault:2025-04-21:YC_Companies.csv:row:221,Beetailer,2e35edb3-dd6a-5c4b-93c6-70fa61d9e48e,Beetailer,source_row_identity,1.0,https://github.com/lukaflpvc/YC-Vault/blob/1c86f32a981d479249496298f6bb746ff3c79efe/data/2025-04-21/YC_Companies.csv#L221,No name-only merge: source-row identity prevents conflating documented startup homonyms.
startup,yc-vault:2025-04-21:YC_Companies.csv:row:222,Inporia,d1231dc2-2ad8-567d-a367-292519628d22,Inporia,source_row_identity,1.0,https://github.com/lukaflpvc/YC-Vault/blob/1c86f32a981d479249496298f6bb746ff3c79efe/data/2025-04-21/YC_Companies.csv#L222,No name-only merge: source-row identity prevents conflating documented startup homonyms.
startup,yc-vault:2025-04-21:YC_Companies.csv:row:223,Userfox,0fa08c80-640b-5c02-be4a-9423d3b078f0,Userfox,source_row_identity,1.0,https://github.com/lukaflpvc/YC-Vault/blob/1c86f32a981d479249496298f6bb746ff3c79efe/data/2025-04-21/YC_Companies.csv#L223,No name-only merge: source-row identity prevents conflating documented startup homonyms.
startup,yc-vault:2025-04-21:YC_Companies.csv:row:224,Segment,8b3d8b18-3d86-5063-bce2-4edcd64a1984,Segment,source_row_identity,1.0,https://github.com/lukaflpvc/YC-Vault/blob/1c86f32a981d479249496298f6bb746ff3c79efe/data/2025-04-21/YC_Companies.csv#L224,No name-only merge: source-row identity prevents conflating documented startup homonyms.
startup,yc-vault:2025-04-21:YC_Companies.csv:row:225,Codecademy,dec134c0-f59f-59ad-80b9-ab74cc39d305,Codecademy,source_row_identity,1.0,https://github.com/lukaflpvc/YC-Vault/blob/1c86f32a981d479249496298f6bb746ff3c79efe/data/2025-04-21/YC_Companies.csv#L225,No name-only merge: source-row identity prevents conflating documented startup homonyms.
startup,yc-vault:2025-04-21:YC_Companies.csv:row:226,GoCardless,28d590bc-e1b4-5542-8f18-74300eee3e61,GoCardless,source_row_identity,1.0,https://github.com/lukaflpvc/YC-Vault/blob/1c86f32a981d479249496298f6bb746ff3c79efe/data/2025-04-21/YC_Companies.csv#L226,No name-only merge: source-row identity prevents conflating documented startup homonyms.
startup,yc-vault:2025-04-21:YC_Companies.csv:row:227,Clerky,c6347e30-c4ae-5334-9c9b-53b16965f169,Clerky,source_row_identity,1.0,https://github.com/lukaflpvc/YC-Vault/blob/1c86f32a981d479249496298f6bb746ff3c79efe/data/2025-04-21/YC_Companies.csv#L227,No name-only merge: source-row identity prevents conflating documented startup homonyms.
startup,yc-vault:2025-04-21:YC_Companies.csv:row:228,AgileMD,c7cabaf6-6b85-59d7-9b71-e26e27d6b52a,AgileMD,source_row_identity,1.0,https://github.com/lukaflpvc/YC-Vault/blob/1c86f32a981d479249496298f6bb746ff3c79efe/data/2025-04-21/YC_Companies.csv#L228,No name-only merge: source-row identity prevents conflating documented startup homonyms.
startup,yc-vault:2025-04-21:YC_Companies.csv:row:229,Quartzy,51555705-516d-5586-b27c-3d7ba05aae57,Quartzy,source_row_identity,1.0,https://github.com/lukaflpvc/YC-Vault/blob/1c86f32a981d479249496298f6bb746ff3c79efe/data/2025-04-21/YC_Companies.csv#L229,No name-only merge: source-row identity prevents conflating documented startup homonyms.
startup,yc-vault:2025-04-21:YC_Companies.csv:row:230,Streak,467dd340-8bc1-51e7-afd5-62732c23036a,Streak,source_row_identity,1.0,https://github.com/lukaflpvc/YC-Vault/blob/1c86f32a981d479249496298f6bb746ff3c79efe/data/2025-04-21/YC_Companies.csv#L230,No name-only merge: source-row identity prevents conflating documented startup homonyms.
startup,yc-vault:2025-04-21:YC_Companies.csv:row:231,OneSignal,a68a5578-a758-5fe9-9f7b-4c2736acf8d8,OneSignal,source_row_identity,1.0,https://github.com/lukaflpvc/YC-Vault/blob/1c86f32a981d479249496298f6bb746ff3c79efe/data/2025-04-21/YC_Companies.csv#L231,No name-only merge: source-row identity prevents conflating documented startup homonyms.
startup,yc-vault:2025-04-21:YC_Companies.csv:row:232,HackerRank,861d86f6-ff19-5ffa-93f2-8364ffa25ae3,HackerRank,source_row_identity,1.0,https://github.com/lukaflpvc/YC-Vault/blob/1c86f32a981d479249496298f6bb746ff3c79efe/data/2025-04-21/YC_Companies.csv#L232,No name-only merge: source-row identity prevents conflating documented startup homonyms.
startup,yc-vault:2025-04-21:YC_Companies.csv:row:233,Apollo,cdeefa37-2aa0-5cb8-bbd8-6ae8e8244ff7,Apollo,source_row_identity,1.0,https://github.com/lukaflpvc/YC-Vault/blob/1c86f32a981d479249496298f6bb746ff3c79efe/data/2025-04-21/YC_Companies.csv#L233,No name-only merge: source-row identity prevents conflating documented startup homonyms.
startup,yc-vault:2025-04-21:YC_Companies.csv:row:234,Vidyard,ceb1a89b-8a2e-5300-8038-a4689e036595,Vidyard,source_row_identity,1.0,https://github.com/lukaflpvc/YC-Vault/blob/1c86f32a981d479249496298f6bb746ff3c79efe/data/2025-04-21/YC_Companies.csv#L234,No name-only merge: source-row identity prevents conflating documented startup homonyms.
startup,yc-vault:2025-04-21:YC_Companies.csv:row:235,imgix,04f0237e-f86e-5895-9fde-ff53582fef0f,imgix,source_row_identity,1.0,https://github.com/lukaflpvc/YC-Vault/blob/1c86f32a981d479249496298f6bb746ff3c79efe/data/2025-04-21/YC_Companies.csv#L235,No name-only merge: source-row identity prevents conflating documented startup homonyms.
startup,yc-vault:2025-04-21:YC_Companies.csv:row:236,Videopixie,b6786acc-0dd3-5e91-8e91-186c54143763,Videopixie,source_row_identity,1.0,https://github.com/lukaflpvc/YC-Vault/blob/1c86f32a981d479249496298f6bb746ff3c79efe/data/2025-04-21/YC_Companies.csv#L236,No name-only merge: source-row identity prevents conflating documented startup homonyms.
startup,yc-vault:2025-04-21:YC_Companies.csv:row:237,MixRank,14d401f2-7397-52d4-a45a-5f89d5985e02,MixRank,source_row_identity,1.0,https://github.com/lukaflpvc/YC-Vault/blob/1c86f32a981d479249496298f6bb746ff3c79efe/data/2025-04-21/YC_Companies.csv#L237,No name-only merge: source-row identity prevents conflating documented startup homonyms.
startup,yc-vault:2025-04-21:YC_Companies.csv:row:238,LeadGenius,48096825-0221-53ff-82ee-db9f37d4b19b,LeadGenius,source_row_identity,1.0,https://github.com/lukaflpvc/YC-Vault/blob/1c86f32a981d479249496298f6bb746ff3c79efe/data/2025-04-21/YC_Companies.csv#L238,No name-only merge: source-row identity prevents conflating documented startup homonyms.
startup,yc-vault:2025-04-21:YC_Companies.csv:row:242,Realm,6552756d-24da-53b1-9178-cf1b86571c53,Realm,source_row_identity,1.0,https://github.com/lukaflpvc/YC-Vault/blob/1c86f32a981d479249496298f6bb746ff3c79efe/data/2025-04-21/YC_Companies.csv#L242,No name-only merge: source-row identity prevents conflating documented startup homonyms.
startup,yc-vault:2025-04-21:YC_Companies.csv:row:243,Citus Data,d010f0f6-0a44-563d-aee1-e443ed4c04e4,Citus Data,source_row_identity,1.0,https://github.com/lukaflpvc/YC-Vault/blob/1c86f32a981d479249496298f6bb746ff3c79efe/data/2025-04-21/YC_Companies.csv#L243,No name-only merge: source-row identity prevents conflating documented startup homonyms.
startup,yc-vault:2025-04-21:YC_Companies.csv:row:244,Cryptoseal,02693f0d-299d-58f5-b697-8a9a97970a9f,Cryptoseal,source_row_identity,1.0,https://github.com/lukaflpvc/YC-Vault/blob/1c86f32a981d479249496298f6bb746ff3c79efe/data/2025-04-21/YC_Companies.csv#L244,No name-only merge: source-row identity prevents conflating documented startup homonyms.
startup,yc-vault:2025-04-21:YC_Companies.csv:row:245,Science Exchange,9786fd62-eea0-54d5-be6f-dd1750c148f3,Science Exchange,source_row_identity,1.0,https://github.com/lukaflpvc/YC-Vault/blob/1c86f32a981d479249496298f6bb746ff3c79efe/data/2025-04-21/YC_Companies.csv#L245,No name-only merge: source-row identity prevents conflating documented startup homonyms.
startup,yc-vault:2025-04-21:YC_Companies.csv:row:246,Debteye,7ec27666-cff6-5316-8f4f-1ee033795373,Debteye,source_row_identity,1.0,https://github.com/lukaflpvc/YC-Vault/blob/1c86f32a981d479249496298f6bb746ff3c79efe/data/2025-04-21/YC_Companies.csv#L246,No name-only merge: source-row identity prevents conflating documented startup homonyms.
startup,yc-vault:2025-04-21:YC_Companies.csv:row:247,Aisle50,eb77955f-21fc-5658-b5a9-f759d96b8c2d,Aisle50,source_row_identity,1.0,https://github.com/lukaflpvc/YC-Vault/blob/1c86f32a981d479249496298f6bb746ff3c79efe/data/2025-04-21/YC_Companies.csv#L247,No name-only merge: source-row identity prevents conflating documented startup homonyms.
startup,yc-vault:2025-04-21:YC_Companies.csv:row:248,Genius,c4423fb7-916d-5c95-9609-399200980ba3,Genius,source_row_identity,1.0,https://github.com/lukaflpvc/YC-Vault/blob/1c86f32a981d479249496298f6bb746ff3c79efe/data/2025-04-21/YC_Companies.csv#L248,No name-only merge: source-row identity prevents conflating documented startup homonyms.
startup,yc-vault:2025-04-21:YC_Companies.csv:row:250,Clutch,70ac28fd-ce19-5a70-928a-68a64f61f626,Clutch,source_row_identity,1.0,https://github.com/lukaflpvc/YC-Vault/blob/1c86f32a981d479249496298f6bb746ff3c79efe/data/2025-04-21/YC_Companies.csv#L250,No name-only merge: source-row identity prevents conflating documented startup homonyms.
startup,yc-vault:2025-04-21:YC_Companies.csv:row:251,Freshplum,8e65d8ea-ba2d-5857-adfb-6ea262c7ca02,Freshplum,source_row_identity,1.0,https://github.com/lukaflpvc/YC-Vault/blob/1c86f32a981d479249496298f6bb746ff3c79efe/data/2025-04-21/YC_Companies.csv#L251,No name-only merge: source-row identity prevents conflating documented startup homonyms.
startup,yc-vault:2025-04-21:YC_Companies.csv:row:252,Hungry Labs,8823607b-a3ff-5086-a2ea-5c89cb0821b1,Hungry Labs,source_row_identity,1.0,https://github.com/lukaflpvc/YC-Vault/blob/1c86f32a981d479249496298f6bb746ff3c79efe/data/2025-04-21/YC_Companies.csv#L252,No name-only merge: source-row identity prevents conflating documented startup homonyms.
startup,yc-vault:2025-04-21:YC_Companies.csv:row:253,Automatic,e511b70e-780d-559b-84d0-f20bf3849e49,Automatic,source_row_identity,1.0,https://github.com/lukaflpvc/YC-Vault/blob/1c86f32a981d479249496298f6bb746ff3c79efe/data/2025-04-21/YC_Companies.csv#L253,No name-only merge: source-row identity prevents conflating documented startup homonyms.
startup,yc-vault:2025-04-21:YC_Companies.csv:row:254,Parse,7133decb-18f0-5ed3-9176-490bd111965e,Parse,source_row_identity,1.0,https://github.com/lukaflpvc/YC-Vault/blob/1c86f32a981d479249496298f6bb746ff3c79efe/data/2025-04-21/YC_Companies.csv#L254,No name-only merge: source-row identity prevents conflating documented startup homonyms.
startup,yc-vault:2025-04-21:YC_Companies.csv:row:255,Perfect Audience,e201de97-141c-5524-9531-4a4ea6e39524,Perfect Audience,source_row_identity,1.0,https://github.com/lukaflpvc/YC-Vault/blob/1c86f32a981d479249496298f6bb746ff3c79efe/data/2025-04-21/YC_Companies.csv#L255,No name-only merge: source-row identity prevents conflating documented startup homonyms.
startup,yc-vault:2025-04-21:YC_Companies.csv:row:258,Compose,05001aa6-1532-56ab-9774-82f14d65b5ac,Compose,source_row_identity,1.0,https://github.com/lukaflpvc/YC-Vault/blob/1c86f32a981d479249496298f6bb746ff3c79efe/data/2025-04-21/YC_Companies.csv#L258,No name-only merge: source-row identity prevents conflating documented startup homonyms.
startup,yc-vault:2025-04-21:YC_Companies.csv:row:260,Caviar,8b68198b-56cd-5668-9e8d-08d32a3a447c,Caviar,source_row_identity,1.0,https://github.com/lukaflpvc/YC-Vault/blob/1c86f32a981d479249496298f6bb746ff3c79efe/data/2025-04-21/YC_Companies.csv#L260,No name-only merge: source-row identity prevents conflating documented startup homonyms.
startup,yc-vault:2025-04-21:YC_Companies.csv:row:261,Embark,6e29fa44-d4f0-546e-bb4c-c12301dea831,Embark,source_row_identity,1.0,https://github.com/lukaflpvc/YC-Vault/blob/1c86f32a981d479249496298f6bb746ff3c79efe/data/2025-04-21/YC_Companies.csv#L261,No name-only merge: source-row identity prevents conflating documented startup homonyms.
startup,yc-vault:2025-04-21:YC_Companies.csv:row:262,Verbling,c9a239f5-1d55-5acd-95f1-2faff7201e8a,Verbling,source_row_identity,1.0,https://github.com/lukaflpvc/YC-Vault/blob/1c86f32a981d479249496298f6bb746ff3c79efe/data/2025-04-21/YC_Companies.csv#L262,No name-only merge: source-row identity prevents conflating documented startup homonyms.
startup,yc-vault:2025-04-21:YC_Companies.csv:row:263,Fobo,ecda05d4-0a9d-56e1-ad96-979b3752c02b,Fobo,source_row_identity,1.0,https://github.com/lukaflpvc/YC-Vault/blob/1c86f32a981d479249496298f6bb746ff3c79efe/data/2025-04-21/YC_Companies.csv#L263,No name-only merge: source-row identity prevents conflating documented startup homonyms.
startup,yc-vault:2025-04-21:YC_Companies.csv:row:264,Zenbox,fdd24bfd-7a44-52b4-a9ef-fe4fef21d0a3,Zenbox,source_row_identity,1.0,https://github.com/lukaflpvc/YC-Vault/blob/1c86f32a981d479249496298f6bb746ff3c79efe/data/2025-04-21/YC_Companies.csv#L264,No name-only merge: source-row identity prevents conflating documented startup homonyms.
startup,yc-vault:2025-04-21:YC_Companies.csv:row:265,Dubjoy,c3eec63a-0722-5e6c-ac05-f18e7a1ce908,Dubjoy,source_row_identity,1.0,https://github.com/lukaflpvc/YC-Vault/blob/1c86f32a981d479249496298f6bb746ff3c79efe/data/2025-04-21/YC_Companies.csv#L265,No name-only merge: source-row identity prevents conflating documented startup homonyms.
startup,yc-vault:2025-04-21:YC_Companies.csv:row:266,Quad,9c0c4033-2305-58e1-903c-31d7cfc08c3e,Quad,source_row_identity,1.0,https://github.com/lukaflpvc/YC-Vault/blob/1c86f32a981d479249496298f6bb746ff3c79efe/data/2025-04-21/YC_Companies.csv#L266,No name-only merge: source-row identity prevents conflating documented startup homonyms.
startup,yc-vault:2025-04-21:YC_Companies.csv:row:267,PhoneSys,304412d3-e62f-5e98-bbe8-ee4cdda8366b,PhoneSys,source_row_identity,1.0,https://github.com/lukaflpvc/YC-Vault/blob/1c86f32a981d479249496298f6bb746ff3c79efe/data/2025-04-21/YC_Companies.csv#L267,No name-only merge: source-row identity prevents conflating documented startup homonyms.
startup,yc-vault:2025-04-21:YC_Companies.csv:row:269,PayDragon,5fc4cd6a-5584-5f26-b609-0153e00bcd03,PayDragon,source_row_identity,1.0,https://github.com/lukaflpvc/YC-Vault/blob/1c86f32a981d479249496298f6bb746ff3c79efe/data/2025-04-21/YC_Companies.csv#L269,No name-only merge: source-row identity prevents conflating documented startup homonyms.
startup,yc-vault:2025-04-21:YC_Companies.csv:row:270,Zigfu,e5f57d9c-1978-56bc-aafc-1ce063d763d9,Zigfu,source_row_identity,1.0,https://github.com/lukaflpvc/YC-Vault/blob/1c86f32a981d479249496298f6bb746ff3c79efe/data/2025-04-21/YC_Companies.csv#L270,No name-only merge: source-row identity prevents conflating documented startup homonyms.
startup,yc-vault:2025-04-21:YC_Companies.csv:row:271,Picplum,9ab66b17-992e-5cc3-8349-cf17fca44ec6,Picplum,source_row_identity,1.0,https://github.com/lukaflpvc/YC-Vault/blob/1c86f32a981d479249496298f6bb746ff3c79efe/data/2025-04-21/YC_Companies.csv#L271,No name-only merge: source-row identity prevents conflating documented startup homonyms.
startup,yc-vault:2025-04-21:YC_Companies.csv:row:273,Draft,c822b458-4910-5467-a615-fae8d59c9eb6,Draft,source_row_identity,1.0,https://github.com/lukaflpvc/YC-Vault/blob/1c86f32a981d479249496298f6bb746ff3c79efe/data/2025-04-21/YC_Companies.csv#L273,No name-only merge: source-row identity prevents conflating documented startup homonyms.
startup,yc-vault:2025-04-21:YC_Companies.csv:row:274,Rentobo,96f36120-aea7-588f-95bd-1ba8ac4ed16f,Rentobo,source_row_identity,1.0,https://github.com/lukaflpvc/YC-Vault/blob/1c86f32a981d479249496298f6bb746ff3c79efe/data/2025-04-21/YC_Companies.csv#L274,No name-only merge: source-row identity prevents conflating documented startup homonyms.
startup,yc-vault:2025-04-21:YC_Companies.csv:row:275,Snapjoy,cd36db2e-ea00-5752-8017-aec6ff925369,Snapjoy,source_row_identity,1.0,https://github.com/lukaflpvc/YC-Vault/blob/1c86f32a981d479249496298f6bb746ff3c79efe/data/2025-04-21/YC_Companies.csv#L275,No name-only merge: source-row identity prevents conflating documented startup homonyms.
startup,yc-vault:2025-04-21:YC_Companies.csv:row:278,Vapor,2dc9f881-5396-5129-81af-fdf6e511aecd,Vapor,source_row_identity,1.0,https://github.com/lukaflpvc/YC-Vault/blob/1c86f32a981d479249496298f6bb746ff3c79efe/data/2025-04-21/YC_Companies.csv#L278,No name-only merge: source-row identity prevents conflating documented startup homonyms.
startup,yc-vault:2025-04-21:YC_Companies.csv:row:280,Opez,ec68f92a-4510-55bb-be9e-c7fde1c255dd,Opez,source_row_identity,1.0,https://github.com/lukaflpvc/YC-Vault/blob/1c86f32a981d479249496298f6bb746ff3c79efe/data/2025-04-21/YC_Companies.csv#L280,No name-only merge: source-row identity prevents conflating documented startup homonyms.
startup,yc-vault:2025-04-21:YC_Companies.csv:row:281,Everyme,4a957475-622d-5a57-85ab-f28d01dc8116,Everyme,source_row_identity,1.0,https://github.com/lukaflpvc/YC-Vault/blob/1c86f32a981d479249496298f6bb746ff3c79efe/data/2025-04-21/YC_Companies.csv#L281,No name-only merge: source-row identity prevents conflating documented startup homonyms.
startup,yc-vault:2025-04-21:YC_Companies.csv:row:282,Interstate,8e0d0f66-f3fb-5422-95b4-ed1bac6f0e37,Interstate,source_row_identity,1.0,https://github.com/lukaflpvc/YC-Vault/blob/1c86f32a981d479249496298f6bb746ff3c79efe/data/2025-04-21/YC_Companies.csv#L282,No name-only merge: source-row identity prevents conflating documented startup homonyms.
startup,yc-vault:2025-04-21:YC_Companies.csv:row:283,MarketBrief,94983d07-5ddc-5fa6-8346-1cc964c13111,MarketBrief,source_row_identity,1.0,https://github.com/lukaflpvc/YC-Vault/blob/1c86f32a981d479249496298f6bb746ff3c79efe/data/2025-04-21/YC_Companies.csv#L283,No name-only merge: source-row identity prevents conflating documented startup homonyms.
startup,yc-vault:2025-04-21:YC_Companies.csv:row:284,Amplitude,5fb06efe-2e53-5578-afc2-a27001cdc878,Amplitude,source_row_identity,1.0,https://github.com/lukaflpvc/YC-Vault/blob/1c86f32a981d479249496298f6bb746ff3c79efe/data/2025-04-21/YC_Companies.csv#L284,No name-only merge: source-row identity prevents conflating documented startup homonyms.
startup,yc-vault:2025-04-21:YC_Companies.csv:row:285,Matterport,fc472fa4-6ccc-5dd8-8870-22df40a0ed94,Matterport,source_row_identity,1.0,https://github.com/lukaflpvc/YC-Vault/blob/1c86f32a981d479249496298f6bb746ff3c79efe/data/2025-04-21/YC_Companies.csv#L285,No name-only merge: source-row identity prevents conflating documented startup homonyms.
startup,yc-vault:2025-04-21:YC_Companies.csv:row:286,PlanGrid,1c1196d2-cbe9-5f03-b478-28751ac519ce,PlanGrid,source_row_identity,1.0,https://github.com/lukaflpvc/YC-Vault/blob/1c86f32a981d479249496298f6bb746ff3c79efe/data/2025-04-21/YC_Companies.csv#L286,No name-only merge: source-row identity prevents conflating documented startup homonyms.
startup,yc-vault:2025-04-21:YC_Companies.csv:row:287,Sendwave,6ec98042-6a57-5b6d-b941-4d4e7b2affa3,Sendwave,source_row_identity,1.0,https://github.com/lukaflpvc/YC-Vault/blob/1c86f32a981d479249496298f6bb746ff3c79efe/data/2025-04-21/YC_Companies.csv#L287,No name-only merge: source-row identity prevents conflating documented startup homonyms.
startup,yc-vault:2025-04-21:YC_Companies.csv:row:288,Gusto,62529ad5-85dd-5f41-aa29-f1142bd692af,Gusto,source_row_identity,1.0,https://github.com/lukaflpvc/YC-Vault/blob/1c86f32a981d479249496298f6bb746ff3c79efe/data/2025-04-21/YC_Companies.csv#L288,No name-only merge: source-row identity prevents conflating documented startup homonyms.
startup,yc-vault:2025-04-21:YC_Companies.csv:row:289,Wave,c0f27cc1-9691-50af-a0af-7ce2c15b68b3,Wave,source_row_identity,1.0,https://github.com/lukaflpvc/YC-Vault/blob/1c86f32a981d479249496298f6bb746ff3c79efe/data/2025-04-21/YC_Companies.csv#L289,No name-only merge: source-row identity prevents conflating documented startup homonyms.
startup,yc-vault:2025-04-21:YC_Companies.csv:row:290,Medmonk,06fb7fbd-803c-5d15-98ab-eeade6790797,Medmonk,source_row_identity,1.0,https://github.com/lukaflpvc/YC-Vault/blob/1c86f32a981d479249496298f6bb746ff3c79efe/data/2025-04-21/YC_Companies.csv#L290,No name-only merge: source-row identity prevents conflating documented startup homonyms.
startup,yc-vault:2025-04-21:YC_Companies.csv:row:291,Per Vices,5a1f44a1-a3ba-5f11-99dd-868134704481,Per Vices,source_row_identity,1.0,https://github.com/lukaflpvc/YC-Vault/blob/1c86f32a981d479249496298f6bb746ff3c79efe/data/2025-04-21/YC_Companies.csv#L291,No name-only merge: source-row identity prevents conflating documented startup homonyms.
startup,yc-vault:2025-04-21:YC_Companies.csv:row:292,CircuitHub,79f505d2-1dcf-547f-ad6e-43bad3635105,CircuitHub,source_row_identity,1.0,https://github.com/lukaflpvc/YC-Vault/blob/1c86f32a981d479249496298f6bb746ff3c79efe/data/2025-04-21/YC_Companies.csv#L292,No name-only merge: source-row identity prevents conflating documented startup homonyms.
startup,yc-vault:2025-04-21:YC_Companies.csv:row:293,Screenleap,633d42ba-238b-59d5-a694-a9ea6d072f7f,Screenleap,source_row_identity,1.0,https://github.com/lukaflpvc/YC-Vault/blob/1c86f32a981d479249496298f6bb746ff3c79efe/data/2025-04-21/YC_Companies.csv#L293,No name-only merge: source-row identity prevents conflating documented startup homonyms.
startup,yc-vault:2025-04-21:YC_Companies.csv:row:294,CleverDeck,5f9a8e90-b9cb-5984-918a-b90db258379a,CleverDeck,source_row_identity,1.0,https://github.com/lukaflpvc/YC-Vault/blob/1c86f32a981d479249496298f6bb746ff3c79efe/data/2025-04-21/YC_Companies.csv#L294,No name-only merge: source-row identity prevents conflating documented startup homonyms.
startup,yc-vault:2025-04-21:YC_Companies.csv:row:295,Shoptiques,048bfccf-7adb-595e-b4d4-dcc0232eec84,Shoptiques,source_row_identity,1.0,https://github.com/lukaflpvc/YC-Vault/blob/1c86f32a981d479249496298f6bb746ff3c79efe/data/2025-04-21/YC_Companies.csv#L295,No name-only merge: source-row identity prevents conflating documented startup homonyms.
startup,yc-vault:2025-04-21:YC_Companies.csv:row:296,Rescale,1d630069-25a8-577a-a6c5-72cdb7cbe90b,Rescale,source_row_identity,1.0,https://github.com/lukaflpvc/YC-Vault/blob/1c86f32a981d479249496298f6bb746ff3c79efe/data/2025-04-21/YC_Companies.csv#L296,No name-only merge: source-row identity prevents conflating documented startup homonyms.
startup,yc-vault:2025-04-21:YC_Companies.csv:row:297,Medigram,41a83881-7b47-59f5-ade0-5c5690175f2a,Medigram,source_row_identity,1.0,https://github.com/lukaflpvc/YC-Vault/blob/1c86f32a981d479249496298f6bb746ff3c79efe/data/2025-04-21/YC_Companies.csv#L297,No name-only merge: source-row identity prevents conflating documented startup homonyms.
startup,yc-vault:2025-04-21:YC_Companies.csv:row:298,Ridecell,f0df903b-bd3a-5a16-9d82-241bec38bc21,Ridecell,source_row_identity,1.0,https://github.com/lukaflpvc/YC-Vault/blob/1c86f32a981d479249496298f6bb746ff3c79efe/data/2025-04-21/YC_Companies.csv#L298,No name-only merge: source-row identity prevents conflating documented startup homonyms.
startup,yc-vault:2025-04-21:YC_Companies.csv:row:299,HireArt,70b1a30c-4c6f-56cc-ab42-f665edc939cd,HireArt,source_row_identity,1.0,https://github.com/lukaflpvc/YC-Vault/blob/1c86f32a981d479249496298f6bb746ff3c79efe/data/2025-04-21/YC_Companies.csv#L299,No name-only merge: source-row identity prevents conflating documented startup homonyms.
startup,yc-vault:2025-04-21:YC_Companies.csv:row:300,The Muse,8704527c-d60a-5c20-9aff-2b2c53c8b9ca,The Muse,source_row_identity,1.0,https://github.com/lukaflpvc/YC-Vault/blob/1c86f32a981d479249496298f6bb746ff3c79efe/data/2025-04-21/YC_Companies.csv#L300,No name-only merge: source-row identity prevents conflating documented startup homonyms.
startup,yc-vault:2025-04-21:YC_Companies.csv:row:301,42Floors,8ca2709c-1c03-57b6-9e2d-3e9f964314dc,42Floors,source_row_identity,1.0,https://github.com/lukaflpvc/YC-Vault/blob/1c86f32a981d479249496298f6bb746ff3c79efe/data/2025-04-21/YC_Companies.csv#L301,No name-only merge: source-row identity prevents conflating documented startup homonyms.
startup,yc-vault:2025-04-21:YC_Companies.csv:row:302,Shopular,1d10ebb6-e8f4-5a20-b7d4-53d161e10b07,Shopular,source_row_identity,1.0,https://github.com/lukaflpvc/YC-Vault/blob/1c86f32a981d479249496298f6bb746ff3c79efe/data/2025-04-21/YC_Companies.csv#L302,No name-only merge: source-row identity prevents conflating documented startup homonyms.
startup,yc-vault:2025-04-21:YC_Companies.csv:row:304,iCracked,96ca354d-01c9-5fbd-81fe-3cc4267473ea,iCracked,source_row_identity,1.0,https://github.com/lukaflpvc/YC-Vault/blob/1c86f32a981d479249496298f6bb746ff3c79efe/data/2025-04-21/YC_Companies.csv#L304,No name-only merge: source-row identity prevents conflating documented startup homonyms.
startup,yc-vault:2025-04-21:YC_Companies.csv:row:305,Priceonomics,f8548086-5d05-5019-a4e6-91d78e592c97,Priceonomics,source_row_identity,1.0,https://github.com/lukaflpvc/YC-Vault/blob/1c86f32a981d479249496298f6bb746ff3c79efe/data/2025-04-21/YC_Companies.csv#L305,No name-only merge: source-row identity prevents conflating documented startup homonyms.
startup,yc-vault:2025-04-21:YC_Companies.csv:row:306,YourMechanic,b4402c04-a3e6-50c4-9cc7-b449993eba55,YourMechanic,source_row_identity,1.0,https://github.com/lukaflpvc/YC-Vault/blob/1c86f32a981d479249496298f6bb746ff3c79efe/data/2025-04-21/YC_Companies.csv#L306,No name-only merge: source-row identity prevents conflating documented startup homonyms.
startup,yc-vault:2025-04-21:YC_Companies.csv:row:308,Fond,46b70e49-4a19-56fe-90c0-d3d471fea1ed,Fond,source_row_identity,1.0,https://github.com/lukaflpvc/YC-Vault/blob/1c86f32a981d479249496298f6bb746ff3c79efe/data/2025-04-21/YC_Companies.csv#L308,No name-only merge: source-row identity prevents conflating documented startup homonyms.
startup,yc-vault:2025-04-21:YC_Companies.csv:row:309,Flutter,b9b48874-86e9-5ab0-adbf-885200a0835a,Flutter,source_row_identity,1.0,https://github.com/lukaflpvc/YC-Vault/blob/1c86f32a981d479249496298f6bb746ff3c79efe/data/2025-04-21/YC_Companies.csv#L309,No name-only merge: source-row identity prevents conflating documented startup homonyms.
startup,yc-vault:2025-04-21:YC_Companies.csv:row:310,Authy,9a5a291c-e983-5d58-a33f-ed7267c518ff,Authy,source_row_identity,1.0,https://github.com/lukaflpvc/YC-Vault/blob/1c86f32a981d479249496298f6bb746ff3c79efe/data/2025-04-21/YC_Companies.csv#L310,No name-only merge: source-row identity prevents conflating documented startup homonyms.
startup,yc-vault:2025-04-21:YC_Companies.csv:row:311,FarmLogs,b9a0cc14-a17b-5197-8c56-a4efd38db2a3,FarmLogs,source_row_identity,1.0,https://github.com/lukaflpvc/YC-Vault/blob/1c86f32a981d479249496298f6bb746ff3c79efe/data/2025-04-21/YC_Companies.csv#L311,No name-only merge: source-row identity prevents conflating documented startup homonyms.
startup,yc-vault:2025-04-21:YC_Companies.csv:row:312,Swiftype,4e73d53c-1bb6-55a5-88fc-5a716ae1f89f,Swiftype,source_row_identity,1.0,https://github.com/lukaflpvc/YC-Vault/blob/1c86f32a981d479249496298f6bb746ff3c79efe/data/2025-04-21/YC_Companies.csv#L312,No name-only merge: source-row identity prevents conflating documented startup homonyms.
startup,yc-vault:2025-04-21:YC_Companies.csv:row:313,Tilt,d3dcb158-04b0-5f94-948f-4c24e021a481,Tilt,source_row_identity,1.0,https://github.com/lukaflpvc/YC-Vault/blob/1c86f32a981d479249496298f6bb746ff3c79efe/data/2025-04-21/YC_Companies.csv#L313,No name-only merge: source-row identity prevents conflating documented startup homonyms.
startup,yc-vault:2025-04-21:YC_Companies.csv:row:314,Exec,c6d79ad2-5b7e-520a-8a99-b3182f7b3c5a,Exec,source_row_identity,1.0,https://github.com/lukaflpvc/YC-Vault/blob/1c86f32a981d479249496298f6bb746ff3c79efe/data/2025-04-21/YC_Companies.csv#L314,No name-only merge: source-row identity prevents conflating documented startup homonyms.
startup,yc-vault:2025-04-21:YC_Companies.csv:row:315,Chute,0bd64258-ac96-5fbf-8027-1f55cc43eaf2,Chute,source_row_identity,1.0,https://github.com/lukaflpvc/YC-Vault/blob/1c86f32a981d479249496298f6bb746ff3c79efe/data/2025-04-21/YC_Companies.csv#L315,No name-only merge: source-row identity prevents conflating documented startup homonyms.
startup,yc-vault:2025-04-21:YC_Companies.csv:row:316,FamilyLeaf,861aaf12-de65-55a1-bcae-daf19bc5f956,FamilyLeaf,source_row_identity,1.0,https://github.com/lukaflpvc/YC-Vault/blob/1c86f32a981d479249496298f6bb746ff3c79efe/data/2025-04-21/YC_Companies.csv#L316,No name-only merge: source-row identity prevents conflating documented startup homonyms.
startup,yc-vault:2025-04-21:YC_Companies.csv:row:318,HackPad,e0c3ec32-d492-5b72-ba69-9e3c761639f1,HackPad,source_row_identity,1.0,https://github.com/lukaflpvc/YC-Vault/blob/1c86f32a981d479249496298f6bb746ff3c79efe/data/2025-04-21/YC_Companies.csv#L318,No name-only merge: source-row identity prevents conflating documented startup homonyms.
startup,yc-vault:2025-04-21:YC_Companies.csv:row:319,CoderWall,572cef38-b371-5f18-86e3-9c3895ae9a10,CoderWall,source_row_identity,1.0,https://github.com/lukaflpvc/YC-Vault/blob/1c86f32a981d479249496298f6bb746ff3c79efe/data/2025-04-21/YC_Companies.csv#L319,No name-only merge: source-row identity prevents conflating documented startup homonyms.
startup,yc-vault:2025-04-21:YC_Companies.csv:row:320,Amiato,9344742f-f8a4-5d29-8441-850eb9714850,Amiato,source_row_identity,1.0,https://github.com/lukaflpvc/YC-Vault/blob/1c86f32a981d479249496298f6bb746ff3c79efe/data/2025-04-21/YC_Companies.csv#L320,No name-only merge: source-row identity prevents conflating documented startup homonyms.
startup,yc-vault:2025-04-21:YC_Companies.csv:row:321,MyVR,c2cdfc61-b3f2-5c41-80a4-c3ce59f4e414,MyVR,source_row_identity,1.0,https://github.com/lukaflpvc/YC-Vault/blob/1c86f32a981d479249496298f6bb746ff3c79efe/data/2025-04-21/YC_Companies.csv#L321,No name-only merge: source-row identity prevents conflating documented startup homonyms.
startup,yc-vault:2025-04-21:YC_Companies.csv:row:322,Midnox,6fb8f0fc-9696-5743-9b86-806bdc6c3218,Midnox,source_row_identity,1.0,https://github.com/lukaflpvc/YC-Vault/blob/1c86f32a981d479249496298f6bb746ff3c79efe/data/2025-04-21/YC_Companies.csv#L322,No name-only merge: source-row identity prevents conflating documented startup homonyms.
startup,yc-vault:2025-04-21:YC_Companies.csv:row:323,SendHub,cc06877f-70b7-5ea6-a1a0-84c1f3b75ca6,SendHub,source_row_identity,1.0,https://github.com/lukaflpvc/YC-Vault/blob/1c86f32a981d479249496298f6bb746ff3c79efe/data/2025-04-21/YC_Companies.csv#L323,No name-only merge: source-row identity prevents conflating documented startup homonyms.
startup,yc-vault:2025-04-21:YC_Companies.csv:row:324,WireOver,f5a21c5e-5a74-53be-bb19-d0f6f2ed9c3a,WireOver,source_row_identity,1.0,https://github.com/lukaflpvc/YC-Vault/blob/1c86f32a981d479249496298f6bb746ff3c79efe/data/2025-04-21/YC_Companies.csv#L324,No name-only merge: source-row identity prevents conflating documented startup homonyms.
startup,yc-vault:2025-04-21:YC_Companies.csv:row:325,GiveSpark,0c335e70-a6db-5dc0-9215-8f2b9af6f570,GiveSpark,source_row_identity,1.0,https://github.com/lukaflpvc/YC-Vault/blob/1c86f32a981d479249496298f6bb746ff3c79efe/data/2025-04-21/YC_Companies.csv#L325,No name-only merge: source-row identity prevents conflating documented startup homonyms.
startup,yc-vault:2025-04-21:YC_Companies.csv:row:326,Carsabi,f4dbe988-8287-50bb-af81-493e40bcdb51,Carsabi,source_row_identity,1.0,https://github.com/lukaflpvc/YC-Vault/blob/1c86f32a981d479249496298f6bb746ff3c79efe/data/2025-04-21/YC_Companies.csv#L326,No name-only merge: source-row identity prevents conflating documented startup homonyms.
startup,yc-vault:2025-04-21:YC_Companies.csv:row:327,Glider,48cb7622-001f-5341-9ae1-5a3b57ab7ad5,Glider,source_row_identity,1.0,https://github.com/lukaflpvc/YC-Vault/blob/1c86f32a981d479249496298f6bb746ff3c79efe/data/2025-04-21/YC_Companies.csv#L327,No name-only merge: source-row identity prevents conflating documented startup homonyms.
startup,yc-vault:2025-04-21:YC_Companies.csv:row:329,Ark,230f3326-eab6-5d5c-a3b1-856319b849db,Ark,source_row_identity,1.0,https://github.com/lukaflpvc/YC-Vault/blob/1c86f32a981d479249496298f6bb746ff3c79efe/data/2025-04-21/YC_Companies.csv#L329,No name-only merge: source-row identity prevents conflating documented startup homonyms.
startup,yc-vault:2025-04-21:YC_Companies.csv:row:331,99dresses,ac347637-7a64-5d15-8a41-92780bd9d327,99dresses,source_row_identity,1.0,https://github.com/lukaflpvc/YC-Vault/blob/1c86f32a981d479249496298f6bb746ff3c79efe/data/2025-04-21/YC_Companies.csv#L331,No name-only merge: source-row identity prevents conflating documented startup homonyms.
startup,yc-vault:2025-04-21:YC_Companies.csv:row:333,LVL6,ae824abb-3751-52ca-b2b4-0c1ac175d65a,LVL6,source_row_identity,1.0,https://github.com/lukaflpvc/YC-Vault/blob/1c86f32a981d479249496298f6bb746ff3c79efe/data/2025-04-21/YC_Companies.csv#L333,No name-only merge: source-row identity prevents conflating documented startup homonyms.
startup,yc-vault:2025-04-21:YC_Companies.csv:row:335,LendUp,81247312-b09f-5c5e-bb65-8c64a4540ac9,LendUp,source_row_identity,1.0,https://github.com/lukaflpvc/YC-Vault/blob/1c86f32a981d479249496298f6bb746ff3c79efe/data/2025-04-21/YC_Companies.csv#L335,No name-only merge: source-row identity prevents conflating documented startup homonyms.
startup,yc-vault:2025-04-21:YC_Companies.csv:row:336,Grouper,010c9625-e67e-5457-bb60-8fb46ca680c8,Grouper,source_row_identity,1.0,https://github.com/lukaflpvc/YC-Vault/blob/1c86f32a981d479249496298f6bb746ff3c79efe/data/2025-04-21/YC_Companies.csv#L336,No name-only merge: source-row identity prevents conflating documented startup homonyms.
startup,yc-vault:2025-04-21:YC_Companies.csv:row:337,Zillabyte,1502a42c-f72e-5c8b-a26f-48994ba2b121,Zillabyte,source_row_identity,1.0,https://github.com/lukaflpvc/YC-Vault/blob/1c86f32a981d479249496298f6bb746ff3c79efe/data/2025-04-21/YC_Companies.csv#L337,No name-only merge: source-row identity prevents conflating documented startup homonyms.
startup,yc-vault:2025-04-21:YC_Companies.csv:row:338,Talkray (TiKL),ff0ccfe1-b7e2-54a4-af2a-e90a2bbb2817,Talkray (TiKL),source_row_identity,1.0,https://github.com/lukaflpvc/YC-Vault/blob/1c86f32a981d479249496298f6bb746ff3c79efe/data/2025-04-21/YC_Companies.csv#L338,No name-only merge: source-row identity prevents conflating documented startup homonyms.
startup,yc-vault:2025-04-21:YC_Companies.csv:row:340,Make School,a2148639-8953-5d8a-b1bb-9a08ecab25c5,Make School,source_row_identity,1.0,https://github.com/lukaflpvc/YC-Vault/blob/1c86f32a981d479249496298f6bb746ff3c79efe/data/2025-04-21/YC_Companies.csv#L340,No name-only merge: source-row identity prevents conflating documented startup homonyms.
startup,yc-vault:2025-04-21:YC_Companies.csv:row:342,Minefold,efa67c29-c364-541c-a1e9-12b5eed3f519,Minefold,source_row_identity,1.0,https://github.com/lukaflpvc/YC-Vault/blob/1c86f32a981d479249496298f6bb746ff3c79efe/data/2025-04-21/YC_Companies.csv#L342,No name-only merge: source-row identity prevents conflating documented startup homonyms.
startup,yc-vault:2025-04-21:YC_Companies.csv:row:343,Marft,f273b157-99e3-56d9-8e58-90177f9218ee,Marft,source_row_identity,1.0,https://github.com/lukaflpvc/YC-Vault/blob/1c86f32a981d479249496298f6bb746ff3c79efe/data/2025-04-21/YC_Companies.csv#L343,No name-only merge: source-row identity prevents conflating documented startup homonyms.
startup,yc-vault:2025-04-21:YC_Companies.csv:row:345,Optilly/Installmonetizer,ebf6806d-f761-52d6-82de-3415c4e41d2d,Optilly/Installmonetizer,source_row_identity,1.0,https://github.com/lukaflpvc/YC-Vault/blob/1c86f32a981d479249496298f6bb746ff3c79efe/data/2025-04-21/YC_Companies.csv#L345,No name-only merge: source-row identity prevents conflating documented startup homonyms.
startup,yc-vault:2025-04-21:YC_Companies.csv:row:346,Tap to Learn,302fcca6-72a0-5745-9696-68515cf3c3c7,Tap to Learn,source_row_identity,1.0,https://github.com/lukaflpvc/YC-Vault/blob/1c86f32a981d479249496298f6bb746ff3c79efe/data/2025-04-21/YC_Companies.csv#L346,No name-only merge: source-row identity prevents conflating documented startup homonyms.
startup,yc-vault:2025-04-21:YC_Companies.csv:row:347,Jellyfish Art,ab06f0b9-bfab-53e0-a084-cdeeed9d479f,Jellyfish Art,source_row_identity,1.0,https://github.com/lukaflpvc/YC-Vault/blob/1c86f32a981d479249496298f6bb746ff3c79efe/data/2025-04-21/YC_Companies.csv#L347,No name-only merge: source-row identity prevents conflating documented startup homonyms.
startup,yc-vault:2025-04-21:YC_Companies.csv:row:348,Couple,6906a915-7327-58e1-a543-e78d238bb547,Couple,source_row_identity,1.0,https://github.com/lukaflpvc/YC-Vault/blob/1c86f32a981d479249496298f6bb746ff3c79efe/data/2025-04-21/YC_Companies.csv#L348,No name-only merge: source-row identity prevents conflating documented startup homonyms.
startup,yc-vault:2025-04-21:YC_Companies.csv:row:349,Hipmob,51fd074c-bbcb-5e12-a60a-8c1fcbad3cc5,Hipmob,source_row_identity,1.0,https://github.com/lukaflpvc/YC-Vault/blob/1c86f32a981d479249496298f6bb746ff3c79efe/data/2025-04-21/YC_Companies.csv#L349,No name-only merge: source-row identity prevents conflating documented startup homonyms.
startup,yc-vault:2025-04-21:YC_Companies.csv:row:350,Coinbase,79d9ea38-638b-5c9d-9db5-1a32e1ec8331,Coinbase,source_row_identity,1.0,https://github.com/lukaflpvc/YC-Vault/blob/1c86f32a981d479249496298f6bb746ff3c79efe/data/2025-04-21/YC_Companies.csv#L350,No name-only merge: source-row identity prevents conflating documented startup homonyms.
startup,yc-vault:2025-04-21:YC_Companies.csv:row:351,Instacart,b8275dc1-4a99-5d7d-a54d-246b0e8d3c3e,Instacart,source_row_identity,1.0,https://github.com/lukaflpvc/YC-Vault/blob/1c86f32a981d479249496298f6bb746ff3c79efe/data/2025-04-21/YC_Companies.csv#L351,No name-only merge: source-row identity prevents conflating documented startup homonyms.
startup,yc-vault:2025-04-21:YC_Companies.csv:row:352,Benchling,d4b6ff66-7988-5aa6-9144-1082ab28a243,Benchling,source_row_identity,1.0,https://github.com/lukaflpvc/YC-Vault/blob/1c86f32a981d479249496298f6bb746ff3c79efe/data/2025-04-21/YC_Companies.csv#L352,No name-only merge: source-row identity prevents conflating documented startup homonyms.
startup,yc-vault:2025-04-21:YC_Companies.csv:row:353,Lever,73e36aed-30fd-526b-99d5-8f3cdfb28633,Lever,source_row_identity,1.0,https://github.com/lukaflpvc/YC-Vault/blob/1c86f32a981d479249496298f6bb746ff3c79efe/data/2025-04-21/YC_Companies.csv#L353,No name-only merge: source-row identity prevents conflating documented startup homonyms.
startup,yc-vault:2025-04-21:YC_Companies.csv:row:354,Clever,f4aa7dff-69ec-535d-b0e0-79e664a6a391,Clever,source_row_identity,1.0,https://github.com/lukaflpvc/YC-Vault/blob/1c86f32a981d479249496298f6bb746ff3c79efe/data/2025-04-21/YC_Companies.csv#L354,No name-only merge: source-row identity prevents conflating documented startup homonyms.
startup,yc-vault:2025-04-21:YC_Companies.csv:row:355,SmartAsset,d171a8b8-f142-5f10-8b4f-088020c9dacd,SmartAsset,source_row_identity,1.0,https://github.com/lukaflpvc/YC-Vault/blob/1c86f32a981d479249496298f6bb746ff3c79efe/data/2025-04-21/YC_Companies.csv#L355,No name-only merge: source-row identity prevents conflating documented startup homonyms.
startup,yc-vault:2025-04-21:YC_Companies.csv:row:356,Zapier,876d14ab-d487-5d1c-9f2c-f4164180d276,Zapier,source_row_identity,1.0,https://github.com/lukaflpvc/YC-Vault/blob/1c86f32a981d479249496298f6bb746ff3c79efe/data/2025-04-21/YC_Companies.csv#L356,No name-only merge: source-row identity prevents conflating documented startup homonyms.
startup,yc-vault:2025-04-21:YC_Companies.csv:row:357,9gag,00e7c181-4451-523e-b46c-61069583bd47,9gag,source_row_identity,1.0,https://github.com/lukaflpvc/YC-Vault/blob/1c86f32a981d479249496298f6bb746ff3c79efe/data/2025-04-21/YC_Companies.csv#L357,No name-only merge: source-row identity prevents conflating documented startup homonyms.
startup,yc-vault:2025-04-21:YC_Companies.csv:row:358,Svbtle,bc3d4f47-fb09-5cdf-a0ad-61faf7995db6,Svbtle,source_row_identity,1.0,https://github.com/lukaflpvc/YC-Vault/blob/1c86f32a981d479249496298f6bb746ff3c79efe/data/2025-04-21/YC_Companies.csv#L358,No name-only merge: source-row identity prevents conflating documented startup homonyms.
startup,yc-vault:2025-04-21:YC_Companies.csv:row:359,Plivo,b72ede49-8f42-5ada-bce6-d4cab0c36d01,Plivo,source_row_identity,1.0,https://github.com/lukaflpvc/YC-Vault/blob/1c86f32a981d479249496298f6bb746ff3c79efe/data/2025-04-21/YC_Companies.csv#L359,No name-only merge: source-row identity prevents conflating documented startup homonyms.
startup,yc-vault:2025-04-21:YC_Companies.csv:row:360,Double Robotics,f86858e0-5553-5a1a-9158-fec29034a9ea,Double Robotics,source_row_identity,1.0,https://github.com/lukaflpvc/YC-Vault/blob/1c86f32a981d479249496298f6bb746ff3c79efe/data/2025-04-21/YC_Companies.csv#L360,No name-only merge: source-row identity prevents conflating documented startup homonyms.
startup,yc-vault:2025-04-21:YC_Companies.csv:row:361,Vastrm,ac5989d8-aa96-50a1-80e7-34746d867fad,Vastrm,source_row_identity,1.0,https://github.com/lukaflpvc/YC-Vault/blob/1c86f32a981d479249496298f6bb746ff3c79efe/data/2025-04-21/YC_Companies.csv#L361,No name-only merge: source-row identity prevents conflating documented startup homonyms.
startup,yc-vault:2025-04-21:YC_Companies.csv:row:362,Flightfox,6d6f61d9-a7ee-5145-bd20-e7183fb28b57,Flightfox,source_row_identity,1.0,https://github.com/lukaflpvc/YC-Vault/blob/1c86f32a981d479249496298f6bb746ff3c79efe/data/2025-04-21/YC_Companies.csv#L362,No name-only merge: source-row identity prevents conflating documented startup homonyms.
startup,yc-vault:2025-04-21:YC_Companies.csv:row:363,BackerKit,1e0a9cbd-2985-51ae-9b3d-7ea8d7c2ad7f,BackerKit,source_row_identity,1.0,https://github.com/lukaflpvc/YC-Vault/blob/1c86f32a981d479249496298f6bb746ff3c79efe/data/2025-04-21/YC_Companies.csv#L363,No name-only merge: source-row identity prevents conflating documented startup homonyms.
startup,yc-vault:2025-04-21:YC_Companies.csv:row:364,Submittable,47cb3823-a953-5802-b7fd-c3a8d10bf9f9,Submittable,source_row_identity,1.0,https://github.com/lukaflpvc/YC-Vault/blob/1c86f32a981d479249496298f6bb746ff3c79efe/data/2025-04-21/YC_Companies.csv#L364,No name-only merge: source-row identity prevents conflating documented startup homonyms.
startup,yc-vault:2025-04-21:YC_Companies.csv:row:365,NewsBlur,258f0ca7-3e63-52bb-8c78-6a294b034c25,NewsBlur,source_row_identity,1.0,https://github.com/lukaflpvc/YC-Vault/blob/1c86f32a981d479249496298f6bb746ff3c79efe/data/2025-04-21/YC_Companies.csv#L365,No name-only merge: source-row identity prevents conflating documented startup homonyms.
startup,yc-vault:2025-04-21:YC_Companies.csv:row:366,OctaveWealth,d38453ae-96b5-5cea-a167-2fc35c0b4e79,OctaveWealth,source_row_identity,1.0,https://github.com/lukaflpvc/YC-Vault/blob/1c86f32a981d479249496298f6bb746ff3c79efe/data/2025-04-21/YC_Companies.csv#L366,No name-only merge: source-row identity prevents conflating documented startup homonyms.
startup,yc-vault:2025-04-21:YC_Companies.csv:row:367,Upwave,b0431d44-1776-5153-8d55-aa7660e817b9,Upwave,source_row_identity,1.0,https://github.com/lukaflpvc/YC-Vault/blob/1c86f32a981d479249496298f6bb746ff3c79efe/data/2025-04-21/YC_Companies.csv#L367,No name-only merge: source-row identity prevents conflating documented startup homonyms.
startup,yc-vault:2025-04-21:YC_Companies.csv:row:369,FundersClub,4f6c3ac1-de7f-5c6f-bb00-fd8111e4936d,FundersClub,source_row_identity,1.0,https://github.com/lukaflpvc/YC-Vault/blob/1c86f32a981d479249496298f6bb746ff3c79efe/data/2025-04-21/YC_Companies.csv#L369,No name-only merge: source-row identity prevents conflating documented startup homonyms.
startup,yc-vault:2025-04-21:YC_Companies.csv:row:370,Zentail,9a394e23-96fc-5cc2-8b7b-58121050736e,Zentail,source_row_identity,1.0,https://github.com/lukaflpvc/YC-Vault/blob/1c86f32a981d479249496298f6bb746ff3c79efe/data/2025-04-21/YC_Companies.csv#L370,No name-only merge: source-row identity prevents conflating documented startup homonyms.
startup,yc-vault:2025-04-21:YC_Companies.csv:row:371,Mattermost,455353a1-b4cc-5aab-9106-62d8a0a1ce99,Mattermost,source_row_identity,1.0,https://github.com/lukaflpvc/YC-Vault/blob/1c86f32a981d479249496298f6bb746ff3c79efe/data/2025-04-21/YC_Companies.csv#L371,No name-only merge: source-row identity prevents conflating documented startup homonyms.
startup,yc-vault:2025-04-21:YC_Companies.csv:row:372,HealthSherpa,6967cdce-0c52-5799-ae0d-c023c3eed009,HealthSherpa,source_row_identity,1.0,https://github.com/lukaflpvc/YC-Vault/blob/1c86f32a981d479249496298f6bb746ff3c79efe/data/2025-04-21/YC_Companies.csv#L372,No name-only merge: source-row identity prevents conflating documented startup homonyms.
startup,yc-vault:2025-04-21:YC_Companies.csv:row:373,Human Dx,629c40ef-531b-5afc-971a-a1f4beef13a4,Human Dx,source_row_identity,1.0,https://github.com/lukaflpvc/YC-Vault/blob/1c86f32a981d479249496298f6bb746ff3c79efe/data/2025-04-21/YC_Companies.csv#L373,No name-only merge: source-row identity prevents conflating documented startup homonyms.
startup,yc-vault:2025-04-21:YC_Companies.csv:row:374,Mth Sense,1a38c7b1-1a29-5291-ae5b-e4bc78b8848a,Mth Sense,source_row_identity,1.0,https://github.com/lukaflpvc/YC-Vault/blob/1c86f32a981d479249496298f6bb746ff3c79efe/data/2025-04-21/YC_Companies.csv#L374,No name-only merge: source-row identity prevents conflating documented startup homonyms.
startup,yc-vault:2025-04-21:YC_Companies.csv:row:375,Rainforest,8d4f3634-0cc7-5682-9921-d9e877bf98f5,Rainforest,source_row_identity,1.0,https://github.com/lukaflpvc/YC-Vault/blob/1c86f32a981d479249496298f6bb746ff3c79efe/data/2025-04-21/YC_Companies.csv#L375,No name-only merge: source-row identity prevents conflating documented startup homonyms.
startup,yc-vault:2025-04-21:YC_Companies.csv:row:376,ClassDojo,ef55989c-dc03-5792-94c3-b95139564ee6,ClassDojo,source_row_identity,1.0,https://github.com/lukaflpvc/YC-Vault/blob/1c86f32a981d479249496298f6bb746ff3c79efe/data/2025-04-21/YC_Companies.csv#L376,No name-only merge: source-row identity prevents conflating documented startup homonyms.
startup,yc-vault:2025-04-21:YC_Companies.csv:row:377,Study Edge,3bec5ae7-5711-519d-bea7-2c7ad3938839,Study Edge,source_row_identity,1.0,https://github.com/lukaflpvc/YC-Vault/blob/1c86f32a981d479249496298f6bb746ff3c79efe/data/2025-04-21/YC_Companies.csv#L377,No name-only merge: source-row identity prevents conflating documented startup homonyms.
startup,yc-vault:2025-04-21:YC_Companies.csv:row:378,Virool,cdecab9b-d13e-5191-82aa-fef3b232feae,Virool,source_row_identity,1.0,https://github.com/lukaflpvc/YC-Vault/blob/1c86f32a981d479249496298f6bb746ff3c79efe/data/2025-04-21/YC_Companies.csv#L378,No name-only merge: source-row identity prevents conflating documented startup homonyms.
startup,yc-vault:2025-04-21:YC_Companies.csv:row:380,Mattermark,4f422d11-9fb0-5e13-aa5e-6aae39a2bc81,Mattermark,source_row_identity,1.0,https://github.com/lukaflpvc/YC-Vault/blob/1c86f32a981d479249496298f6bb746ff3c79efe/data/2025-04-21/YC_Companies.csv#L380,No name-only merge: source-row identity prevents conflating documented startup homonyms.
startup,yc-vault:2025-04-21:YC_Companies.csv:row:381,Natero,a243b5d2-263d-59ce-a4c3-2513a1d20a9c,Natero,source_row_identity,1.0,https://github.com/lukaflpvc/YC-Vault/blob/1c86f32a981d479249496298f6bb746ff3c79efe/data/2025-04-21/YC_Companies.csv#L381,No name-only merge: source-row identity prevents conflating documented startup homonyms.
startup,yc-vault:2025-04-21:YC_Companies.csv:row:382,BufferBox,8c9db600-4a85-5312-874e-673109989668,BufferBox,source_row_identity,1.0,https://github.com/lukaflpvc/YC-Vault/blob/1c86f32a981d479249496298f6bb746ff3c79efe/data/2025-04-21/YC_Companies.csv#L382,No name-only merge: source-row identity prevents conflating documented startup homonyms.
startup,yc-vault:2025-04-21:YC_Companies.csv:row:383,Easel,f6992dfe-5a0c-566d-98ed-1e614df15e94,Easel,source_row_identity,1.0,https://github.com/lukaflpvc/YC-Vault/blob/1c86f32a981d479249496298f6bb746ff3c79efe/data/2025-04-21/YC_Companies.csv#L383,No name-only merge: source-row identity prevents conflating documented startup homonyms.
startup,yc-vault:2025-04-21:YC_Companies.csv:row:384,Vayable,d6fe2d69-5f9b-529f-a49e-4c2dcca94cb0,Vayable,source_row_identity,1.0,https://github.com/lukaflpvc/YC-Vault/blob/1c86f32a981d479249496298f6bb746ff3c79efe/data/2025-04-21/YC_Companies.csv#L384,No name-only merge: source-row identity prevents conflating documented startup homonyms.
startup,yc-vault:2025-04-21:YC_Companies.csv:row:385,Soylent,077bd2fb-a156-5274-8623-d878c8b6968a,Soylent,source_row_identity,1.0,https://github.com/lukaflpvc/YC-Vault/blob/1c86f32a981d479249496298f6bb746ff3c79efe/data/2025-04-21/YC_Companies.csv#L385,No name-only merge: source-row identity prevents conflating documented startup homonyms.
startup,yc-vault:2025-04-21:YC_Companies.csv:row:387,OmniVirt,fe307474-cb38-57fb-bb39-7db4131152c2,OmniVirt,source_row_identity,1.0,https://github.com/lukaflpvc/YC-Vault/blob/1c86f32a981d479249496298f6bb746ff3c79efe/data/2025-04-21/YC_Companies.csv#L387,No name-only merge: source-row identity prevents conflating documented startup homonyms.
startup,yc-vault:2025-04-21:YC_Companies.csv:row:388,Fullstack Academy,3afaef43-3a69-5830-9d5e-5590fc5f938c,Fullstack Academy,source_row_identity,1.0,https://github.com/lukaflpvc/YC-Vault/blob/1c86f32a981d479249496298f6bb746ff3c79efe/data/2025-04-21/YC_Companies.csv#L388,No name-only merge: source-row identity prevents conflating documented startup homonyms.
startup,yc-vault:2025-04-21:YC_Companies.csv:row:389,Statwing,113c3506-7b86-5130-ae40-75c3fce70f4b,Statwing,source_row_identity,1.0,https://github.com/lukaflpvc/YC-Vault/blob/1c86f32a981d479249496298f6bb746ff3c79efe/data/2025-04-21/YC_Companies.csv#L389,No name-only merge: source-row identity prevents conflating documented startup homonyms.
startup,yc-vault:2025-04-21:YC_Companies.csv:row:390,Kamcord,d44a254b-9405-5a43-a570-274db866e860,Kamcord,source_row_identity,1.0,https://github.com/lukaflpvc/YC-Vault/blob/1c86f32a981d479249496298f6bb746ff3c79efe/data/2025-04-21/YC_Companies.csv#L390,No name-only merge: source-row identity prevents conflating documented startup homonyms.
startup,yc-vault:2025-04-21:YC_Companies.csv:row:391,ZeroMailer,a77e647f-dc7c-555f-824a-4499eeda0a51,ZeroMailer,source_row_identity,1.0,https://github.com/lukaflpvc/YC-Vault/blob/1c86f32a981d479249496298f6bb746ff3c79efe/data/2025-04-21/YC_Companies.csv#L391,No name-only merge: source-row identity prevents conflating documented startup homonyms.
startup,yc-vault:2025-04-21:YC_Companies.csv:row:392,Boosted,a6d72e99-c931-5881-837d-99d7332cb42f,Boosted,source_row_identity,1.0,https://github.com/lukaflpvc/YC-Vault/blob/1c86f32a981d479249496298f6bb746ff3c79efe/data/2025-04-21/YC_Companies.csv#L392,No name-only merge: source-row identity prevents conflating documented startup homonyms.
startup,yc-vault:2025-04-21:YC_Companies.csv:row:393,Knowmia,92133094-fe68-5aa2-a066-16042b2dfe2d,Knowmia,source_row_identity,1.0,https://github.com/lukaflpvc/YC-Vault/blob/1c86f32a981d479249496298f6bb746ff3c79efe/data/2025-04-21/YC_Companies.csv#L393,No name-only merge: source-row identity prevents conflating documented startup homonyms.
startup,yc-vault:2025-04-21:YC_Companies.csv:row:395,Light Table/Eve,f2ee87a2-852e-5717-bb45-40df62f49c14,Light Table/Eve,source_row_identity,1.0,https://github.com/lukaflpvc/YC-Vault/blob/1c86f32a981d479249496298f6bb746ff3c79efe/data/2025-04-21/YC_Companies.csv#L395,No name-only merge: source-row identity prevents conflating documented startup homonyms.
startup,yc-vault:2025-04-21:YC_Companies.csv:row:396,Thread,6101ba99-ede7-50ca-9658-602465a8e285,Thread,source_row_identity,1.0,https://github.com/lukaflpvc/YC-Vault/blob/1c86f32a981d479249496298f6bb746ff3c79efe/data/2025-04-21/YC_Companies.csv#L396,No name-only merge: source-row identity prevents conflating documented startup homonyms.
startup,yc-vault:2025-04-21:YC_Companies.csv:row:397,GetGoing,cae75438-c23b-5cbe-bb6d-826b53777443,GetGoing,source_row_identity,1.0,https://github.com/lukaflpvc/YC-Vault/blob/1c86f32a981d479249496298f6bb746ff3c79efe/data/2025-04-21/YC_Companies.csv#L397,No name-only merge: source-row identity prevents conflating documented startup homonyms.
startup,yc-vault:2025-04-21:YC_Companies.csv:row:398,Scoutzie,e2d216ed-9f10-5741-a7fd-cdc23ccee412,Scoutzie,source_row_identity,1.0,https://github.com/lukaflpvc/YC-Vault/blob/1c86f32a981d479249496298f6bb746ff3c79efe/data/2025-04-21/YC_Companies.csv#L398,No name-only merge: source-row identity prevents conflating documented startup homonyms.
startup,yc-vault:2025-04-21:YC_Companies.csv:row:400,Viacycle,5b018ae2-7622-5a12-980e-8fe589e408d4,Viacycle,source_row_identity,1.0,https://github.com/lukaflpvc/YC-Vault/blob/1c86f32a981d479249496298f6bb746ff3c79efe/data/2025-04-21/YC_Companies.csv#L400,No name-only merge: source-row identity prevents conflating documented startup homonyms.
startup,yc-vault:2025-04-21:YC_Companies.csv:row:401,Parallel Universe,8e0de756-75cb-5936-913e-543fae5f8c05,Parallel Universe,source_row_identity,1.0,https://github.com/lukaflpvc/YC-Vault/blob/1c86f32a981d479249496298f6bb746ff3c79efe/data/2025-04-21/YC_Companies.csv#L401,No name-only merge: source-row identity prevents conflating documented startup homonyms.
startup,yc-vault:2025-04-21:YC_Companies.csv:row:402,Celery,8609e4bc-c789-5515-8da5-48b69d7ecc77,Celery,source_row_identity,1.0,https://github.com/lukaflpvc/YC-Vault/blob/1c86f32a981d479249496298f6bb746ff3c79efe/data/2025-04-21/YC_Companies.csv#L402,No name-only merge: source-row identity prevents conflating documented startup homonyms.
startup,yc-vault:2025-04-21:YC_Companies.csv:row:403,Everyday.me,0a9cd3bc-6383-562d-9c7b-14e4e2562a02,Everyday.me,source_row_identity,1.0,https://github.com/lukaflpvc/YC-Vault/blob/1c86f32a981d479249496298f6bb746ff3c79efe/data/2025-04-21/YC_Companies.csv#L403,No name-only merge: source-row identity prevents conflating documented startup homonyms.
startup,yc-vault:2025-04-21:YC_Companies.csv:row:404,MicroEval,c2d1c5de-cadc-5fa5-adac-294b043e36ee,MicroEval,source_row_identity,1.0,https://github.com/lukaflpvc/YC-Vault/blob/1c86f32a981d479249496298f6bb746ff3c79efe/data/2025-04-21/YC_Companies.csv#L404,No name-only merge: source-row identity prevents conflating documented startup homonyms.
startup,yc-vault:2025-04-21:YC_Companies.csv:row:406,RegistryLove,cdd3f50e-9740-553f-b36c-b3735fdcf27f,RegistryLove,source_row_identity,1.0,https://github.com/lukaflpvc/YC-Vault/blob/1c86f32a981d479249496298f6bb746ff3c79efe/data/2025-04-21/YC_Companies.csv#L406,No name-only merge: source-row identity prevents conflating documented startup homonyms.
startup,yc-vault:2025-04-21:YC_Companies.csv:row:407,GoScale,87c5e00d-112b-54e8-8939-12741ee32308,GoScale,source_row_identity,1.0,https://github.com/lukaflpvc/YC-Vault/blob/1c86f32a981d479249496298f6bb746ff3c79efe/data/2025-04-21/YC_Companies.csv#L407,No name-only merge: source-row identity prevents conflating documented startup homonyms.
startup,yc-vault:2025-04-21:YC_Companies.csv:row:408,Tastemaker,025f6fea-b5f4-528e-ab53-bf042490fed4,Tastemaker,source_row_identity,1.0,https://github.com/lukaflpvc/YC-Vault/blob/1c86f32a981d479249496298f6bb746ff3c79efe/data/2025-04-21/YC_Companies.csv#L408,No name-only merge: source-row identity prevents conflating documented startup homonyms.
startup,yc-vault:2025-04-21:YC_Companies.csv:row:410,Partnered,3572a24d-e483-5e01-8b45-55ee8fa535a5,Partnered,source_row_identity,1.0,https://github.com/lukaflpvc/YC-Vault/blob/1c86f32a981d479249496298f6bb746ff3c79efe/data/2025-04-21/YC_Companies.csv#L410,No name-only merge: source-row identity prevents conflating documented startup homonyms.
startup,yc-vault:2025-04-21:YC_Companies.csv:row:411,Profig,22e1dc7c-c0b1-5c1b-81ec-def060426316,Profig,source_row_identity,1.0,https://github.com/lukaflpvc/YC-Vault/blob/1c86f32a981d479249496298f6bb746ff3c79efe/data/2025-04-21/YC_Companies.csv#L411,No name-only merge: source-row identity prevents conflating documented startup homonyms.
startup,yc-vault:2025-04-21:YC_Companies.csv:row:412,Keychain Logistics,a2c02f7e-7dbd-5725-8c43-4040253562cf,Keychain Logistics,source_row_identity,1.0,https://github.com/lukaflpvc/YC-Vault/blob/1c86f32a981d479249496298f6bb746ff3c79efe/data/2025-04-21/YC_Companies.csv#L412,No name-only merge: source-row identity prevents conflating documented startup homonyms.
startup,yc-vault:2025-04-21:YC_Companies.csv:row:413,ReelSurfer,f8343ff9-2ff6-5bf8-98e8-5f2d32505151,ReelSurfer,source_row_identity,1.0,https://github.com/lukaflpvc/YC-Vault/blob/1c86f32a981d479249496298f6bb746ff3c79efe/data/2025-04-21/YC_Companies.csv#L413,No name-only merge: source-row identity prevents conflating documented startup homonyms.
startup,yc-vault:2025-04-21:YC_Companies.csv:row:414,Dreamforge,8f8639a2-29d7-50f6-8262-88addd666a67,Dreamforge,source_row_identity,1.0,https://github.com/lukaflpvc/YC-Vault/blob/1c86f32a981d479249496298f6bb746ff3c79efe/data/2025-04-21/YC_Companies.csv#L414,No name-only merge: source-row identity prevents conflating documented startup homonyms.
startup,yc-vault:2025-04-21:YC_Companies.csv:row:418,Kippt,f9d68a92-36fd-5dbb-a265-825da2faf8c9,Kippt,source_row_identity,1.0,https://github.com/lukaflpvc/YC-Vault/blob/1c86f32a981d479249496298f6bb746ff3c79efe/data/2025-04-21/YC_Companies.csv#L418,No name-only merge: source-row identity prevents conflating documented startup homonyms.
startup,yc-vault:2025-04-21:YC_Companies.csv:row:419,Hiptype,1f32731c-d313-5438-b166-6634b76bb283,Hiptype,source_row_identity,1.0,https://github.com/lukaflpvc/YC-Vault/blob/1c86f32a981d479249496298f6bb746ff3c79efe/data/2025-04-21/YC_Companies.csv#L419,No name-only merge: source-row identity prevents conflating documented startup homonyms.
startup,yc-vault:2025-04-21:YC_Companies.csv:row:420,Markupwand,ad701f35-436c-5ca7-971a-fa86677c7a68,Markupwand,source_row_identity,1.0,https://github.com/lukaflpvc/YC-Vault/blob/1c86f32a981d479249496298f6bb746ff3c79efe/data/2025-04-21/YC_Companies.csv#L420,No name-only merge: source-row identity prevents conflating documented startup homonyms.
startup,yc-vault:2025-04-21:YC_Companies.csv:row:421,Sparkboard,68063ece-4936-56ba-a29d-cdaf08018e50,Sparkboard,source_row_identity,1.0,https://github.com/lukaflpvc/YC-Vault/blob/1c86f32a981d479249496298f6bb746ff3c79efe/data/2025-04-21/YC_Companies.csv#L421,No name-only merge: source-row identity prevents conflating documented startup homonyms.
startup,yc-vault:2025-04-21:YC_Companies.csv:row:422,Crohnology (by Healthy Labs),7fa3eb8a-ae35-50d9-8098-051cd6bb626a,Crohnology (by Healthy Labs),source_row_identity,1.0,https://github.com/lukaflpvc/YC-Vault/blob/1c86f32a981d479249496298f6bb746ff3c79efe/data/2025-04-21/YC_Companies.csv#L422,No name-only merge: source-row identity prevents conflating documented startup homonyms.
startup,yc-vault:2025-04-21:YC_Companies.csv:row:424,DataNitro,6804b189-2b4a-5a29-92c9-7827b4374ea2,DataNitro,source_row_identity,1.0,https://github.com/lukaflpvc/YC-Vault/blob/1c86f32a981d479249496298f6bb746ff3c79efe/data/2025-04-21/YC_Companies.csv#L424,No name-only merge: source-row identity prevents conflating documented startup homonyms.
startup,yc-vault:2025-04-21:YC_Companies.csv:row:426,Framebase,1ff62b0c-d5bb-50e9-8b9a-cbad0d2db3d6,Framebase,source_row_identity,1.0,https://github.com/lukaflpvc/YC-Vault/blob/1c86f32a981d479249496298f6bb746ff3c79efe/data/2025-04-21/YC_Companies.csv#L426,No name-only merge: source-row identity prevents conflating documented startup homonyms.
startup,yc-vault:2025-04-21:YC_Companies.csv:row:427,Testmunk,ad57919b-7223-557f-ac81-2346cfabd6b7,Testmunk,source_row_identity,1.0,https://github.com/lukaflpvc/YC-Vault/blob/1c86f32a981d479249496298f6bb746ff3c79efe/data/2025-04-21/YC_Companies.csv#L427,No name-only merge: source-row identity prevents conflating documented startup homonyms.
startup,yc-vault:2025-04-21:YC_Companies.csv:row:428,Arc,95703787-491f-5828-8dbe-f8c8f97b1223,Arc,source_row_identity,1.0,https://github.com/lukaflpvc/YC-Vault/blob/1c86f32a981d479249496298f6bb746ff3c79efe/data/2025-04-21/YC_Companies.csv#L428,No name-only merge: source-row identity prevents conflating documented startup homonyms.
startup,yc-vault:2025-04-21:YC_Companies.csv:row:429,Imgfave,188414eb-d0e5-5f0c-83b5-ae28ddee21df,Imgfave,source_row_identity,1.0,https://github.com/lukaflpvc/YC-Vault/blob/1c86f32a981d479249496298f6bb746ff3c79efe/data/2025-04-21/YC_Companies.csv#L429,No name-only merge: source-row identity prevents conflating documented startup homonyms.
startup,yc-vault:2025-04-21:YC_Companies.csv:row:430,LeanMarket,46015f6a-4478-5b00-b020-dac2ab59beee,LeanMarket,source_row_identity,1.0,https://github.com/lukaflpvc/YC-Vault/blob/1c86f32a981d479249496298f6bb746ff3c79efe/data/2025-04-21/YC_Companies.csv#L430,No name-only merge: source-row identity prevents conflating documented startup homonyms.
startup,yc-vault:2025-04-21:YC_Companies.csv:row:431,Canopy Labs,cf04d076-d15b-5ac8-9f35-4dadcd893e72,Canopy Labs,source_row_identity,1.0,https://github.com/lukaflpvc/YC-Vault/blob/1c86f32a981d479249496298f6bb746ff3c79efe/data/2025-04-21/YC_Companies.csv#L431,No name-only merge: source-row identity prevents conflating documented startup homonyms.
startup,yc-vault:2025-04-21:YC_Companies.csv:row:432,TomoGuides,2afc6524-dc4b-5e7b-9820-706a606ac999,TomoGuides,source_row_identity,1.0,https://github.com/lukaflpvc/YC-Vault/blob/1c86f32a981d479249496298f6bb746ff3c79efe/data/2025-04-21/YC_Companies.csv#L432,No name-only merge: source-row identity prevents conflating documented startup homonyms.
startup,yc-vault:2025-04-21:YC_Companies.csv:row:433,Heap,73ba34d4-e8da-5f6a-b961-54c73fc96258,Heap,source_row_identity,1.0,https://github.com/lukaflpvc/YC-Vault/blob/1c86f32a981d479249496298f6bb746ff3c79efe/data/2025-04-21/YC_Companies.csv#L433,No name-only merge: source-row identity prevents conflating documented startup homonyms.
startup,yc-vault:2025-04-21:YC_Companies.csv:row:434,Fivetran,80f2ac0b-94d2-5002-93e0-5bc16f8abab8,Fivetran,source_row_identity,1.0,https://github.com/lukaflpvc/YC-Vault/blob/1c86f32a981d479249496298f6bb746ff3c79efe/data/2025-04-21/YC_Companies.csv#L434,No name-only merge: source-row identity prevents conflating documented startup homonyms.
startup,yc-vault:2025-04-21:YC_Companies.csv:row:435,Zenefits,60899d17-a37f-54d4-9623-ddd57633a7ac,Zenefits,source_row_identity,1.0,https://github.com/lukaflpvc/YC-Vault/blob/1c86f32a981d479249496298f6bb746ff3c79efe/data/2025-04-21/YC_Companies.csv#L435,No name-only merge: source-row identity prevents conflating documented startup homonyms.
startup,yc-vault:2025-04-21:YC_Companies.csv:row:436,North,b6a915ab-38af-5d4f-94a9-2d3f4105bddc,North,source_row_identity,1.0,https://github.com/lukaflpvc/YC-Vault/blob/1c86f32a981d479249496298f6bb746ff3c79efe/data/2025-04-21/YC_Companies.csv#L436,No name-only merge: source-row identity prevents conflating documented startup homonyms.
startup,yc-vault:2025-04-21:YC_Companies.csv:row:437,Watsi,da2c1180-76f0-50cd-a68d-d7709f095f04,Watsi,source_row_identity,1.0,https://github.com/lukaflpvc/YC-Vault/blob/1c86f32a981d479249496298f6bb746ff3c79efe/data/2025-04-21/YC_Companies.csv#L437,No name-only merge: source-row identity prevents conflating documented startup homonyms.
startup,yc-vault:2025-04-21:YC_Companies.csv:row:438,Goldbelly,82dc8f8c-4c4a-55c2-afd9-8eb2b819df82,Goldbelly,source_row_identity,1.0,https://github.com/lukaflpvc/YC-Vault/blob/1c86f32a981d479249496298f6bb746ff3c79efe/data/2025-04-21/YC_Companies.csv#L438,No name-only merge: source-row identity prevents conflating documented startup homonyms.
startup,yc-vault:2025-04-21:YC_Companies.csv:row:439,Wevorce,b3355b39-6c9b-5979-b25a-018bba97b05d,Wevorce,source_row_identity,1.0,https://github.com/lukaflpvc/YC-Vault/blob/1c86f32a981d479249496298f6bb746ff3c79efe/data/2025-04-21/YC_Companies.csv#L439,No name-only merge: source-row identity prevents conflating documented startup homonyms.
startup,yc-vault:2025-04-21:YC_Companies.csv:row:440,Wefunder,0ce21d83-5b26-5a7f-905c-6677934c04f5,Wefunder,source_row_identity,1.0,https://github.com/lukaflpvc/YC-Vault/blob/1c86f32a981d479249496298f6bb746ff3c79efe/data/2025-04-21/YC_Companies.csv#L440,No name-only merge: source-row identity prevents conflating documented startup homonyms.
startup,yc-vault:2025-04-21:YC_Companies.csv:row:441,SimplyInsured,f5721347-f963-5baa-8d65-6e05b469150a,SimplyInsured,source_row_identity,1.0,https://github.com/lukaflpvc/YC-Vault/blob/1c86f32a981d479249496298f6bb746ff3c79efe/data/2025-04-21/YC_Companies.csv#L441,No name-only merge: source-row identity prevents conflating documented startup homonyms.
startup,yc-vault:2025-04-21:YC_Companies.csv:row:442,Experiment,39c4f2a1-fd24-528a-9b56-e7d392b78449,Experiment,source_row_identity,1.0,https://github.com/lukaflpvc/YC-Vault/blob/1c86f32a981d479249496298f6bb746ff3c79efe/data/2025-04-21/YC_Companies.csv#L442,No name-only merge: source-row identity prevents conflating documented startup homonyms.
startup,yc-vault:2025-04-21:YC_Companies.csv:row:443,RADAR,b70ca9ef-8d8c-5645-876b-12108ddfc8f9,RADAR,source_row_identity,1.0,https://github.com/lukaflpvc/YC-Vault/blob/1c86f32a981d479249496298f6bb746ff3c79efe/data/2025-04-21/YC_Companies.csv#L443,No name-only merge: source-row identity prevents conflating documented startup homonyms.
startup,yc-vault:2025-04-21:YC_Companies.csv:row:444,Lollipuff,65227a27-0f85-583b-b64e-24d2b9001c18,Lollipuff,source_row_identity,1.0,https://github.com/lukaflpvc/YC-Vault/blob/1c86f32a981d479249496298f6bb746ff3c79efe/data/2025-04-21/YC_Companies.csv#L444,No name-only merge: source-row identity prevents conflating documented startup homonyms.
startup,yc-vault:2025-04-21:YC_Companies.csv:row:445,Strikingly,01bfc6d5-bffd-5482-86e5-4f1e7b63958b,Strikingly,source_row_identity,1.0,https://github.com/lukaflpvc/YC-Vault/blob/1c86f32a981d479249496298f6bb746ff3c79efe/data/2025-04-21/YC_Companies.csv#L445,No name-only merge: source-row identity prevents conflating documented startup homonyms.
startup,yc-vault:2025-04-21:YC_Companies.csv:row:446,InfluxData,1c651404-fe34-5c96-9782-5b73634fb5c5,InfluxData,source_row_identity,1.0,https://github.com/lukaflpvc/YC-Vault/blob/1c86f32a981d479249496298f6bb746ff3c79efe/data/2025-04-21/YC_Companies.csv#L446,No name-only merge: source-row identity prevents conflating documented startup homonyms.
startup,yc-vault:2025-04-21:YC_Companies.csv:row:447,Etleap,35a428ec-33a9-5718-814a-058a381a76a6,Etleap,source_row_identity,1.0,https://github.com/lukaflpvc/YC-Vault/blob/1c86f32a981d479249496298f6bb746ff3c79efe/data/2025-04-21/YC_Companies.csv#L447,No name-only merge: source-row identity prevents conflating documented startup homonyms.
startup,yc-vault:2025-04-21:YC_Companies.csv:row:448,Cheetah,d714f0ba-8cb3-539d-93f3-51fb367050ed,Cheetah,source_row_identity,1.0,https://github.com/lukaflpvc/YC-Vault/blob/1c86f32a981d479249496298f6bb746ff3c79efe/data/2025-04-21/YC_Companies.csv#L448,No name-only merge: source-row identity prevents conflating documented startup homonyms.
startup,yc-vault:2025-04-21:YC_Companies.csv:row:450,Padlet,6cde0d9c-8461-522b-82f7-5fdf65a5c568,Padlet,source_row_identity,1.0,https://github.com/lukaflpvc/YC-Vault/blob/1c86f32a981d479249496298f6bb746ff3c79efe/data/2025-04-21/YC_Companies.csv#L450,No name-only merge: source-row identity prevents conflating documented startup homonyms.
startup,yc-vault:2025-04-21:YC_Companies.csv:row:451,BuildZoom,75405b48-307e-5faf-b170-9b639362de6c,BuildZoom,source_row_identity,1.0,https://github.com/lukaflpvc/YC-Vault/blob/1c86f32a981d479249496298f6bb746ff3c79efe/data/2025-04-21/YC_Companies.csv#L451,No name-only merge: source-row identity prevents conflating documented startup homonyms.
startup,yc-vault:2025-04-21:YC_Companies.csv:row:452,CircuitLab,f7c759fe-96c1-526d-8aaf-55b06348933c,CircuitLab,source_row_identity,1.0,https://github.com/lukaflpvc/YC-Vault/blob/1c86f32a981d479249496298f6bb746ff3c79efe/data/2025-04-21/YC_Companies.csv#L452,No name-only merge: source-row identity prevents conflating documented startup homonyms.
startup,yc-vault:2025-04-21:YC_Companies.csv:row:453,StyleUp,f6fc806d-3dfe-5b66-af80-412a182d844e,StyleUp,source_row_identity,1.0,https://github.com/lukaflpvc/YC-Vault/blob/1c86f32a981d479249496298f6bb746ff3c79efe/data/2025-04-21/YC_Companies.csv#L453,No name-only merge: source-row identity prevents conflating documented startup homonyms.
startup,yc-vault:2025-04-21:YC_Companies.csv:row:455,Semantics3,2501cd43-d84d-51ca-a00b-6c9d09d92639,Semantics3,source_row_identity,1.0,https://github.com/lukaflpvc/YC-Vault/blob/1c86f32a981d479249496298f6bb746ff3c79efe/data/2025-04-21/YC_Companies.csv#L455,No name-only merge: source-row identity prevents conflating documented startup homonyms.
startup,yc-vault:2025-04-21:YC_Companies.csv:row:456,Kalibrr,e28b75a6-8201-5fc4-af3f-8b8c7b605136,Kalibrr,source_row_identity,1.0,https://github.com/lukaflpvc/YC-Vault/blob/1c86f32a981d479249496298f6bb746ff3c79efe/data/2025-04-21/YC_Companies.csv#L456,No name-only merge: source-row identity prevents conflating documented startup homonyms.
startup,yc-vault:2025-04-21:YC_Companies.csv:row:457,Coin,3098de79-3103-516e-8de7-25c751ee62e2,Coin,source_row_identity,1.0,https://github.com/lukaflpvc/YC-Vault/blob/1c86f32a981d479249496298f6bb746ff3c79efe/data/2025-04-21/YC_Companies.csv#L457,No name-only merge: source-row identity prevents conflating documented startup homonyms.
startup,yc-vault:2025-04-21:YC_Companies.csv:row:458,MedXT,823684b3-0c20-577c-a390-edafd8f694f3,MedXT,source_row_identity,1.0,https://github.com/lukaflpvc/YC-Vault/blob/1c86f32a981d479249496298f6bb746ff3c79efe/data/2025-04-21/YC_Companies.csv#L458,No name-only merge: source-row identity prevents conflating documented startup homonyms.
startup,yc-vault:2025-04-21:YC_Companies.csv:row:459,Meldium,16895104-b42b-5a6c-83ec-71de6247c679,Meldium,source_row_identity,1.0,https://github.com/lukaflpvc/YC-Vault/blob/1c86f32a981d479249496298f6bb746ff3c79efe/data/2025-04-21/YC_Companies.csv#L459,No name-only merge: source-row identity prevents conflating documented startup homonyms.
startup,yc-vault:2025-04-21:YC_Companies.csv:row:460,Bitnami,e13797be-b80c-5383-9e0e-04a5e9f150de,Bitnami,source_row_identity,1.0,https://github.com/lukaflpvc/YC-Vault/blob/1c86f32a981d479249496298f6bb746ff3c79efe/data/2025-04-21/YC_Companies.csv#L460,No name-only merge: source-row identity prevents conflating documented startup homonyms.
startup,yc-vault:2025-04-21:YC_Companies.csv:row:461,GrepData,b10da092-44da-5b1f-92f3-76f9952d450d,GrepData,source_row_identity,1.0,https://github.com/lukaflpvc/YC-Vault/blob/1c86f32a981d479249496298f6bb746ff3c79efe/data/2025-04-21/YC_Companies.csv#L461,No name-only merge: source-row identity prevents conflating documented startup homonyms.
startup,yc-vault:2025-04-21:YC_Companies.csv:row:462,VaycayHero,ccc657b6-50b2-5a76-8a51-f4b91e06ba4e,VaycayHero,source_row_identity,1.0,https://github.com/lukaflpvc/YC-Vault/blob/1c86f32a981d479249496298f6bb746ff3c79efe/data/2025-04-21/YC_Companies.csv#L462,No name-only merge: source-row identity prevents conflating documented startup homonyms.
startup,yc-vault:2025-04-21:YC_Companies.csv:row:463,Scuba,09d5a2a1-4d68-5d7f-9da8-cf1e6fb2df8f,Scuba,source_row_identity,1.0,https://github.com/lukaflpvc/YC-Vault/blob/1c86f32a981d479249496298f6bb746ff3c79efe/data/2025-04-21/YC_Companies.csv#L463,No name-only merge: source-row identity prevents conflating documented startup homonyms.
startup,yc-vault:2025-04-21:YC_Companies.csv:row:464,Screenhero,3798d6ca-e483-543e-9a4f-5f7644737dec,Screenhero,source_row_identity,1.0,https://github.com/lukaflpvc/YC-Vault/blob/1c86f32a981d479249496298f6bb746ff3c79efe/data/2025-04-21/YC_Companies.csv#L464,No name-only merge: source-row identity prevents conflating documented startup homonyms.
startup,yc-vault:2025-04-21:YC_Companies.csv:row:465,Prophecy Sciences,6803c569-8ef2-5074-92d5-c6c444cfed61,Prophecy Sciences,source_row_identity,1.0,https://github.com/lukaflpvc/YC-Vault/blob/1c86f32a981d479249496298f6bb746ff3c79efe/data/2025-04-21/YC_Companies.csv#L465,No name-only merge: source-row identity prevents conflating documented startup homonyms.
startup,yc-vault:2025-04-21:YC_Companies.csv:row:466,Posmetrics,9dc36f7d-467b-50bb-a7e7-13413d96d7d9,Posmetrics,source_row_identity,1.0,https://github.com/lukaflpvc/YC-Vault/blob/1c86f32a981d479249496298f6bb746ff3c79efe/data/2025-04-21/YC_Companies.csv#L466,No name-only merge: source-row identity prevents conflating documented startup homonyms.
startup,yc-vault:2025-04-21:YC_Companies.csv:row:467,Airware,4d089f4d-0505-5ec4-8360-b97edd7317b5,Airware,source_row_identity,1.0,https://github.com/lukaflpvc/YC-Vault/blob/1c86f32a981d479249496298f6bb746ff3c79efe/data/2025-04-21/YC_Companies.csv#L467,No name-only merge: source-row identity prevents conflating documented startup homonyms.
startup,yc-vault:2025-04-21:YC_Companies.csv:row:469,CrowdMed,909d6e16-3ed2-50a4-a80e-9e32fb48342c,CrowdMed,source_row_identity,1.0,https://github.com/lukaflpvc/YC-Vault/blob/1c86f32a981d479249496298f6bb746ff3c79efe/data/2025-04-21/YC_Companies.csv#L469,No name-only merge: source-row identity prevents conflating documented startup homonyms.
startup,yc-vault:2025-04-21:YC_Companies.csv:row:470,FlightCar,3811879b-c4d5-58ef-9d0d-fff1122c6ae2,FlightCar,source_row_identity,1.0,https://github.com/lukaflpvc/YC-Vault/blob/1c86f32a981d479249496298f6bb746ff3c79efe/data/2025-04-21/YC_Companies.csv#L470,No name-only merge: source-row identity prevents conflating documented startup homonyms.
startup,yc-vault:2025-04-21:YC_Companies.csv:row:471,Swapbox,68eb7109-9485-5b21-8e92-426e58eab501,Swapbox,source_row_identity,1.0,https://github.com/lukaflpvc/YC-Vault/blob/1c86f32a981d479249496298f6bb746ff3c79efe/data/2025-04-21/YC_Companies.csv#L471,No name-only merge: source-row identity prevents conflating documented startup homonyms.
startup,yc-vault:2025-04-21:YC_Companies.csv:row:472,BeatDeck,8a94ef69-8379-509c-958f-3d425499b7ca,BeatDeck,source_row_identity,1.0,https://github.com/lukaflpvc/YC-Vault/blob/1c86f32a981d479249496298f6bb746ff3c79efe/data/2025-04-21/YC_Companies.csv#L472,No name-only merge: source-row identity prevents conflating documented startup homonyms.
startup,yc-vault:2025-04-21:YC_Companies.csv:row:474,Medisas,3c7578ef-b2dc-5afa-beb4-ca91857b8562,Medisas,source_row_identity,1.0,https://github.com/lukaflpvc/YC-Vault/blob/1c86f32a981d479249496298f6bb746ff3c79efe/data/2025-04-21/YC_Companies.csv#L474,No name-only merge: source-row identity prevents conflating documented startup homonyms.
startup,yc-vault:2025-04-21:YC_Companies.csv:row:475,Trainzen,3e39da67-2c30-58b0-886f-048b1a4a9e2f,Trainzen,source_row_identity,1.0,https://github.com/lukaflpvc/YC-Vault/blob/1c86f32a981d479249496298f6bb746ff3c79efe/data/2025-04-21/YC_Companies.csv#L475,No name-only merge: source-row identity prevents conflating documented startup homonyms.
startup,yc-vault:2025-04-21:YC_Companies.csv:row:476,PayTango,c8d4e990-a54e-518c-9f79-429d4e4790c5,PayTango,source_row_identity,1.0,https://github.com/lukaflpvc/YC-Vault/blob/1c86f32a981d479249496298f6bb746ff3c79efe/data/2025-04-21/YC_Companies.csv#L476,No name-only merge: source-row identity prevents conflating documented startup homonyms.
startup,yc-vault:2025-04-21:YC_Companies.csv:row:477,Swish,2651ff10-cfbd-51e7-bb6c-395a218edf84,Swish,source_row_identity,1.0,https://github.com/lukaflpvc/YC-Vault/blob/1c86f32a981d479249496298f6bb746ff3c79efe/data/2025-04-21/YC_Companies.csv#L477,No name-only merge: source-row identity prevents conflating documented startup homonyms.
startup,yc-vault:2025-04-21:YC_Companies.csv:row:479,DoorDash,a2723fb2-218a-5575-aadd-f2cd00b0ee8d,DoorDash,source_row_identity,1.0,https://github.com/lukaflpvc/YC-Vault/blob/1c86f32a981d479249496298f6bb746ff3c79efe/data/2025-04-21/YC_Companies.csv#L479,No name-only merge: source-row identity prevents conflating documented startup homonyms.
startup,yc-vault:2025-04-21:YC_Companies.csv:row:480,Casetext,a97e92a0-2432-53c3-89aa-037344dd20d0,Casetext,source_row_identity,1.0,https://github.com/lukaflpvc/YC-Vault/blob/1c86f32a981d479249496298f6bb746ff3c79efe/data/2025-04-21/YC_Companies.csv#L480,No name-only merge: source-row identity prevents conflating documented startup homonyms.
startup,yc-vault:2025-04-21:YC_Companies.csv:row:481,CoreOS,d37e5d0e-7a1f-5364-984f-acd0f80b8a0a,CoreOS,source_row_identity,1.0,https://github.com/lukaflpvc/YC-Vault/blob/1c86f32a981d479249496298f6bb746ff3c79efe/data/2025-04-21/YC_Companies.csv#L481,No name-only merge: source-row identity prevents conflating documented startup homonyms.
startup,yc-vault:2025-04-21:YC_Companies.csv:row:482,Webflow,c5b4e334-1232-5bd2-bbb0-de8dfcb243d1,Webflow,source_row_identity,1.0,https://github.com/lukaflpvc/YC-Vault/blob/1c86f32a981d479249496298f6bb746ff3c79efe/data/2025-04-21/YC_Companies.csv#L482,No name-only merge: source-row identity prevents conflating documented startup homonyms.
startup,yc-vault:2025-04-21:YC_Companies.csv:row:483,True Link,c0ec69cc-b3cd-5feb-b535-e8471db74926,True Link,source_row_identity,1.0,https://github.com/lukaflpvc/YC-Vault/blob/1c86f32a981d479249496298f6bb746ff3c79efe/data/2025-04-21/YC_Companies.csv#L483,No name-only merge: source-row identity prevents conflating documented startup homonyms.
startup,yc-vault:2025-04-21:YC_Companies.csv:row:484,Reebee,d497a1b3-2841-56cf-88ef-6e6425206d45,Reebee,source_row_identity,1.0,https://github.com/lukaflpvc/YC-Vault/blob/1c86f32a981d479249496298f6bb746ff3c79efe/data/2025-04-21/YC_Companies.csv#L484,No name-only merge: source-row identity prevents conflating documented startup homonyms.
startup,yc-vault:2025-04-21:YC_Companies.csv:row:485,Lob,b38eef2c-c387-509b-9eb1-dc6eb7e057cb,Lob,source_row_identity,1.0,https://github.com/lukaflpvc/YC-Vault/blob/1c86f32a981d479249496298f6bb746ff3c79efe/data/2025-04-21/YC_Companies.csv#L485,No name-only merge: source-row identity prevents conflating documented startup homonyms.
startup,yc-vault:2025-04-21:YC_Companies.csv:row:486,Panorama Education,44c3c3c2-81a5-54a2-99b8-028fa68d5d4c,Panorama Education,source_row_identity,1.0,https://github.com/lukaflpvc/YC-Vault/blob/1c86f32a981d479249496298f6bb746ff3c79efe/data/2025-04-21/YC_Companies.csv#L486,No name-only merge: source-row identity prevents conflating documented startup homonyms.
startup,yc-vault:2025-04-21:YC_Companies.csv:row:487,Cratejoy,b0906f61-6cda-5085-beea-83176a06e78f,Cratejoy,source_row_identity,1.0,https://github.com/lukaflpvc/YC-Vault/blob/1c86f32a981d479249496298f6bb746ff3c79efe/data/2025-04-21/YC_Companies.csv#L487,No name-only merge: source-row identity prevents conflating documented startup homonyms.
startup,yc-vault:2025-04-21:YC_Companies.csv:row:488,"Estimote, Inc.",aa400c77-28ab-5802-8f0d-65a463f4479b,"Estimote, Inc.",source_row_identity,1.0,https://github.com/lukaflpvc/YC-Vault/blob/1c86f32a981d479249496298f6bb746ff3c79efe/data/2025-04-21/YC_Companies.csv#L488,No name-only merge: source-row identity prevents conflating documented startup homonyms.
startup,yc-vault:2025-04-21:YC_Companies.csv:row:489,EasyPost,fb55bd22-a7d3-5e88-a12f-ed754e4b722c,EasyPost,source_row_identity,1.0,https://github.com/lukaflpvc/YC-Vault/blob/1c86f32a981d479249496298f6bb746ff3c79efe/data/2025-04-21/YC_Companies.csv#L489,No name-only merge: source-row identity prevents conflating documented startup homonyms.
startup,yc-vault:2025-04-21:YC_Companies.csv:row:490,Asseta,c07d2bdd-9696-5f49-bcb5-fbf124f4fa9a,Asseta,source_row_identity,1.0,https://github.com/lukaflpvc/YC-Vault/blob/1c86f32a981d479249496298f6bb746ff3c79efe/data/2025-04-21/YC_Companies.csv#L490,No name-only merge: source-row identity prevents conflating documented startup homonyms.
startup,yc-vault:2025-04-21:YC_Companies.csv:row:491,7cups,a55812c7-34df-56c1-80b2-1cf000554948,7cups,source_row_identity,1.0,https://github.com/lukaflpvc/YC-Vault/blob/1c86f32a981d479249496298f6bb746ff3c79efe/data/2025-04-21/YC_Companies.csv#L491,No name-only merge: source-row identity prevents conflating documented startup homonyms.
startup,yc-vault:2025-04-21:YC_Companies.csv:row:492,Echo Locker,d0994e27-3ec9-56cd-acec-69ff28545ba4,Echo Locker,source_row_identity,1.0,https://github.com/lukaflpvc/YC-Vault/blob/1c86f32a981d479249496298f6bb746ff3c79efe/data/2025-04-21/YC_Companies.csv#L492,No name-only merge: source-row identity prevents conflating documented startup homonyms.
startup,yc-vault:2025-04-21:YC_Companies.csv:row:493,Weilos,46ee0b62-3b6a-530d-91e3-c8706dd50ab0,Weilos,source_row_identity,1.0,https://github.com/lukaflpvc/YC-Vault/blob/1c86f32a981d479249496298f6bb746ff3c79efe/data/2025-04-21/YC_Companies.csv#L493,No name-only merge: source-row identity prevents conflating documented startup homonyms.
startup,yc-vault:2025-04-21:YC_Companies.csv:row:494,Datarank,e6a5dda4-2194-521c-b9c4-3a9a4aa24255,Datarank,source_row_identity,1.0,https://github.com/lukaflpvc/YC-Vault/blob/1c86f32a981d479249496298f6bb746ff3c79efe/data/2025-04-21/YC_Companies.csv#L494,No name-only merge: source-row identity prevents conflating documented startup homonyms.
startup,yc-vault:2025-04-21:YC_Companies.csv:row:495,Lumoid,521746b2-bc82-5805-a2bc-a05c18354f6f,Lumoid,source_row_identity,1.0,https://github.com/lukaflpvc/YC-Vault/blob/1c86f32a981d479249496298f6bb746ff3c79efe/data/2025-04-21/YC_Companies.csv#L495,No name-only merge: source-row identity prevents conflating documented startup homonyms.
startup,yc-vault:2025-04-21:YC_Companies.csv:row:497,Bop.fm,72e2fb7c-b4ec-5e60-87be-e6d2de4a0ef4,Bop.fm,source_row_identity,1.0,https://github.com/lukaflpvc/YC-Vault/blob/1c86f32a981d479249496298f6bb746ff3c79efe/data/2025-04-21/YC_Companies.csv#L497,No name-only merge: source-row identity prevents conflating documented startup homonyms.
startup,yc-vault:2025-04-21:YC_Companies.csv:row:498,Arcus,29bb6ba6-c456-5d4d-83ef-2bead04c82a1,Arcus,source_row_identity,1.0,https://github.com/lukaflpvc/YC-Vault/blob/1c86f32a981d479249496298f6bb746ff3c79efe/data/2025-04-21/YC_Companies.csv#L498,No name-only merge: source-row identity prevents conflating documented startup homonyms.
startup,yc-vault:2025-04-21:YC_Companies.csv:row:499,RealCrowd,0453428d-441f-5f64-a561-2d8d7c47bded,RealCrowd,source_row_identity,1.0,https://github.com/lukaflpvc/YC-Vault/blob/1c86f32a981d479249496298f6bb746ff3c79efe/data/2025-04-21/YC_Companies.csv#L499,No name-only merge: source-row identity prevents conflating documented startup homonyms.
startup,yc-vault:2025-04-21:YC_Companies.csv:row:500,Senic,07bbb3ea-154f-5a52-bdaf-0675c9a70f8a,Senic,source_row_identity,1.0,https://github.com/lukaflpvc/YC-Vault/blob/1c86f32a981d479249496298f6bb746ff3c79efe/data/2025-04-21/YC_Companies.csv#L500,No name-only merge: source-row identity prevents conflating documented startup homonyms.
startup,yc-vault:2025-04-21:YC_Companies.csv:row:502,SpoonRocket,17764523-cb2a-52e0-9162-b0e6d25c7c7f,SpoonRocket,source_row_identity,1.0,https://github.com/lukaflpvc/YC-Vault/blob/1c86f32a981d479249496298f6bb746ff3c79efe/data/2025-04-21/YC_Companies.csv#L502,No name-only merge: source-row identity prevents conflating documented startup homonyms.
startup,yc-vault:2025-04-21:YC_Companies.csv:row:503,SimpleLegal,4a3f829c-e264-5769-8681-fb40fad1a254,SimpleLegal,source_row_identity,1.0,https://github.com/lukaflpvc/YC-Vault/blob/1c86f32a981d479249496298f6bb746ff3c79efe/data/2025-04-21/YC_Companies.csv#L503,No name-only merge: source-row identity prevents conflating documented startup homonyms.
startup,yc-vault:2025-04-21:YC_Companies.csv:row:504,Hackermeter,7f1f2cb8-01ac-5383-b2e2-0193b1bf9cbb,Hackermeter,source_row_identity,1.0,https://github.com/lukaflpvc/YC-Vault/blob/1c86f32a981d479249496298f6bb746ff3c79efe/data/2025-04-21/YC_Companies.csv#L504,No name-only merge: source-row identity prevents conflating documented startup homonyms.
startup,yc-vault:2025-04-21:YC_Companies.csv:row:505,BloomThat,ad40d19e-3bcb-5a3e-84ba-d25748f17ac5,BloomThat,source_row_identity,1.0,https://github.com/lukaflpvc/YC-Vault/blob/1c86f32a981d479249496298f6bb746ff3c79efe/data/2025-04-21/YC_Companies.csv#L505,No name-only merge: source-row identity prevents conflating documented startup homonyms.
startup,yc-vault:2025-04-21:YC_Companies.csv:row:507,Apptimize,5d76fd30-058f-55f9-81c8-aadd27bb69d6,Apptimize,source_row_identity,1.0,https://github.com/lukaflpvc/YC-Vault/blob/1c86f32a981d479249496298f6bb746ff3c79efe/data/2025-04-21/YC_Companies.csv#L507,No name-only merge: source-row identity prevents conflating documented startup homonyms.
startup,yc-vault:2025-04-21:YC_Companies.csv:row:508,URX,37993dc3-041c-51aa-a726-24baf41cef06,URX,source_row_identity,1.0,https://github.com/lukaflpvc/YC-Vault/blob/1c86f32a981d479249496298f6bb746ff3c79efe/data/2025-04-21/YC_Companies.csv#L508,No name-only merge: source-row identity prevents conflating documented startup homonyms.
startup,yc-vault:2025-04-21:YC_Companies.csv:row:509,Ixiplay,e4f1af5a-80c9-504a-a998-335f1828ba4a,Ixiplay,source_row_identity,1.0,https://github.com/lukaflpvc/YC-Vault/blob/1c86f32a981d479249496298f6bb746ff3c79efe/data/2025-04-21/YC_Companies.csv#L509,No name-only merge: source-row identity prevents conflating documented startup homonyms.
startup,yc-vault:2025-04-21:YC_Companies.csv:row:511,Kivo,260faae0-3dbb-5d43-9024-100fd0b35836,Kivo,source_row_identity,1.0,https://github.com/lukaflpvc/YC-Vault/blob/1c86f32a981d479249496298f6bb746ff3c79efe/data/2025-04-21/YC_Companies.csv#L511,No name-only merge: source-row identity prevents conflating documented startup homonyms.
startup,yc-vault:2025-04-21:YC_Companies.csv:row:512,SoundFocus,e905b7f6-b7b2-5b38-902f-aa7785983d18,SoundFocus,source_row_identity,1.0,https://github.com/lukaflpvc/YC-Vault/blob/1c86f32a981d479249496298f6bb746ff3c79efe/data/2025-04-21/YC_Companies.csv#L512,No name-only merge: source-row identity prevents conflating documented startup homonyms.
startup,yc-vault:2025-04-21:YC_Companies.csv:row:513,Butter Systems,a5fc28bc-cd48-57e7-bfa0-f7e9952746c5,Butter Systems,source_row_identity,1.0,https://github.com/lukaflpvc/YC-Vault/blob/1c86f32a981d479249496298f6bb746ff3c79efe/data/2025-04-21/YC_Companies.csv#L513,No name-only merge: source-row identity prevents conflating documented startup homonyms.
startup,yc-vault:2025-04-21:YC_Companies.csv:row:515,Amulyte,81407183-00b3-5484-a3a6-fa495d3c9402,Amulyte,source_row_identity,1.0,https://github.com/lukaflpvc/YC-Vault/blob/1c86f32a981d479249496298f6bb746ff3c79efe/data/2025-04-21/YC_Companies.csv#L515,No name-only merge: source-row identity prevents conflating documented startup homonyms.
startup,yc-vault:2025-04-21:YC_Companies.csv:row:516,Watchsend,daaf8159-9f05-510a-9bbe-972f43508132,Watchsend,source_row_identity,1.0,https://github.com/lukaflpvc/YC-Vault/blob/1c86f32a981d479249496298f6bb746ff3c79efe/data/2025-04-21/YC_Companies.csv#L516,No name-only merge: source-row identity prevents conflating documented startup homonyms.
startup,yc-vault:2025-04-21:YC_Companies.csv:row:517,One Month,24b126ba-1770-541d-a5d7-0dc3d5b08f20,One Month,source_row_identity,1.0,https://github.com/lukaflpvc/YC-Vault/blob/1c86f32a981d479249496298f6bb746ff3c79efe/data/2025-04-21/YC_Companies.csv#L517,No name-only merge: source-row identity prevents conflating documented startup homonyms.
startup,yc-vault:2025-04-21:YC_Companies.csv:row:518,Meta,be62bf80-12e9-57b9-b3f7-5263423df427,Meta,source_row_identity,1.0,https://github.com/lukaflpvc/YC-Vault/blob/1c86f32a981d479249496298f6bb746ff3c79efe/data/2025-04-21/YC_Companies.csv#L518,No name-only merge: source-row identity prevents conflating documented startup homonyms.
startup,yc-vault:2025-04-21:YC_Companies.csv:row:519,LocalOn,9206526c-b721-5b1b-88a6-9c717907f619,LocalOn,source_row_identity,1.0,https://github.com/lukaflpvc/YC-Vault/blob/1c86f32a981d479249496298f6bb746ff3c79efe/data/2025-04-21/YC_Companies.csv#L519,No name-only merge: source-row identity prevents conflating documented startup homonyms.
startup,yc-vault:2025-04-21:YC_Companies.csv:row:520,Le Tote,3b1c2e6d-5825-5d32-a210-2655c0c6a6ce,Le Tote,source_row_identity,1.0,https://github.com/lukaflpvc/YC-Vault/blob/1c86f32a981d479249496298f6bb746ff3c79efe/data/2025-04-21/YC_Companies.csv#L520,No name-only merge: source-row identity prevents conflating documented startup homonyms.
startup,yc-vault:2025-04-21:YC_Companies.csv:row:521,Hum,fb728324-741c-582d-95fb-0594f5ca4232,Hum,source_row_identity,1.0,https://github.com/lukaflpvc/YC-Vault/blob/1c86f32a981d479249496298f6bb746ff3c79efe/data/2025-04-21/YC_Companies.csv#L521,No name-only merge: source-row identity prevents conflating documented startup homonyms.
startup,yc-vault:2025-04-21:YC_Companies.csv:row:522,Graft Concepts,e4ea05ba-f8f8-5af8-bf4e-106285daf224,Graft Concepts,source_row_identity,1.0,https://github.com/lukaflpvc/YC-Vault/blob/1c86f32a981d479249496298f6bb746ff3c79efe/data/2025-04-21/YC_Companies.csv#L522,No name-only merge: source-row identity prevents conflating documented startup homonyms.
startup,yc-vault:2025-04-21:YC_Companies.csv:row:523,Glio,2aa98a92-f576-5f54-92fd-45eb376e351e,Glio,source_row_identity,1.0,https://github.com/lukaflpvc/YC-Vault/blob/1c86f32a981d479249496298f6bb746ff3c79efe/data/2025-04-21/YC_Companies.csv#L523,No name-only merge: source-row identity prevents conflating documented startup homonyms.
startup,yc-vault:2025-04-21:YC_Companies.csv:row:524,Floobits,257a11cb-e3f8-56f3-b65f-eefa730ef996,Floobits,source_row_identity,1.0,https://github.com/lukaflpvc/YC-Vault/blob/1c86f32a981d479249496298f6bb746ff3c79efe/data/2025-04-21/YC_Companies.csv#L524,No name-only merge: source-row identity prevents conflating documented startup homonyms.
startup,yc-vault:2025-04-21:YC_Companies.csv:row:525,GoComm,ff71ff06-aa48-50ba-a61a-504c932a4c2f,GoComm,source_row_identity,1.0,https://github.com/lukaflpvc/YC-Vault/blob/1c86f32a981d479249496298f6bb746ff3c79efe/data/2025-04-21/YC_Companies.csv#L525,No name-only merge: source-row identity prevents conflating documented startup homonyms.
startup,yc-vault:2025-04-21:YC_Companies.csv:row:526,Crowdery,5677ecc4-6668-5e9c-a32a-dd34bc399545,Crowdery,source_row_identity,1.0,https://github.com/lukaflpvc/YC-Vault/blob/1c86f32a981d479249496298f6bb746ff3c79efe/data/2025-04-21/YC_Companies.csv#L526,No name-only merge: source-row identity prevents conflating documented startup homonyms.
startup,yc-vault:2025-04-21:YC_Companies.csv:row:527,Buttercoin,4e5b6835-a8f3-5943-9bc2-976a9c108b88,Buttercoin,source_row_identity,1.0,https://github.com/lukaflpvc/YC-Vault/blob/1c86f32a981d479249496298f6bb746ff3c79efe/data/2025-04-21/YC_Companies.csv#L527,No name-only merge: source-row identity prevents conflating documented startup homonyms.
startup,yc-vault:2025-04-21:YC_Companies.csv:row:528,StackMachine,06cf9b72-2cc3-5eed-9602-cb175e8402d0,StackMachine,source_row_identity,1.0,https://github.com/lukaflpvc/YC-Vault/blob/1c86f32a981d479249496298f6bb746ff3c79efe/data/2025-04-21/YC_Companies.csv#L528,No name-only merge: source-row identity prevents conflating documented startup homonyms.
startup,yc-vault:2025-04-21:YC_Companies.csv:row:529,FanHero,a32c2479-9abe-54e9-b3d7-c89e63f4fc8e,FanHero,source_row_identity,1.0,https://github.com/lukaflpvc/YC-Vault/blob/1c86f32a981d479249496298f6bb746ff3c79efe/data/2025-04-21/YC_Companies.csv#L529,No name-only merge: source-row identity prevents conflating documented startup homonyms.
startup,yc-vault:2025-04-21:YC_Companies.csv:row:530,Teleborder,4949e158-86f6-51a8-ae32-9ff219aad7f4,Teleborder,source_row_identity,1.0,https://github.com/lukaflpvc/YC-Vault/blob/1c86f32a981d479249496298f6bb746ff3c79efe/data/2025-04-21/YC_Companies.csv#L530,No name-only merge: source-row identity prevents conflating documented startup homonyms.
startup,yc-vault:2025-04-21:YC_Companies.csv:row:531,Weave,69eb23de-cbe8-5e72-bde6-ec0ece21c1fb,Weave,source_row_identity,1.0,https://github.com/lukaflpvc/YC-Vault/blob/1c86f32a981d479249496298f6bb746ff3c79efe/data/2025-04-21/YC_Companies.csv#L531,No name-only merge: source-row identity prevents conflating documented startup homonyms.
startup,yc-vault:2025-04-21:YC_Companies.csv:row:532,Algolia,fe54f303-1aef-59c5-87e6-4c9ad72493b7,Algolia,source_row_identity,1.0,https://github.com/lukaflpvc/YC-Vault/blob/1c86f32a981d479249496298f6bb746ff3c79efe/data/2025-04-21/YC_Companies.csv#L532,No name-only merge: source-row identity prevents conflating documented startup homonyms.
startup,yc-vault:2025-04-21:YC_Companies.csv:row:533,Bellabeat,95189c71-efc6-5cbe-a3a8-9188082685d5,Bellabeat,source_row_identity,1.0,https://github.com/lukaflpvc/YC-Vault/blob/1c86f32a981d479249496298f6bb746ff3c79efe/data/2025-04-21/YC_Companies.csv#L533,No name-only merge: source-row identity prevents conflating documented startup homonyms.
startup,yc-vault:2025-04-21:YC_Companies.csv:row:534,Cruise,67d20ab3-80c2-57b0-8114-8fc2ad464279,Cruise,source_row_identity,1.0,https://github.com/lukaflpvc/YC-Vault/blob/1c86f32a981d479249496298f6bb746ff3c79efe/data/2025-04-21/YC_Companies.csv#L534,No name-only merge: source-row identity prevents conflating documented startup homonyms.
startup,yc-vault:2025-04-21:YC_Companies.csv:row:535,Flexport,5f3499fe-9365-53ab-b338-4a79f09821dd,Flexport,source_row_identity,1.0,https://github.com/lukaflpvc/YC-Vault/blob/1c86f32a981d479249496298f6bb746ff3c79efe/data/2025-04-21/YC_Companies.csv#L535,No name-only merge: source-row identity prevents conflating documented startup homonyms.
startup,yc-vault:2025-04-21:YC_Companies.csv:row:536,Immunity Project,7a794fe0-1282-5ffb-9325-e2097e633584,Immunity Project,source_row_identity,1.0,https://github.com/lukaflpvc/YC-Vault/blob/1c86f32a981d479249496298f6bb746ff3c79efe/data/2025-04-21/YC_Companies.csv#L536,No name-only merge: source-row identity prevents conflating documented startup homonyms.
startup,yc-vault:2025-04-21:YC_Companies.csv:row:537,Dyspatch,b3f250db-deb5-5a3c-9198-83fa617deef4,Dyspatch,source_row_identity,1.0,https://github.com/lukaflpvc/YC-Vault/blob/1c86f32a981d479249496298f6bb746ff3c79efe/data/2025-04-21/YC_Companies.csv#L537,No name-only merge: source-row identity prevents conflating documented startup homonyms.
startup,yc-vault:2025-04-21:YC_Companies.csv:row:539,MixerBox,c2aa255c-61c1-58c7-b202-1bddf9be8968,MixerBox,source_row_identity,1.0,https://github.com/lukaflpvc/YC-Vault/blob/1c86f32a981d479249496298f6bb746ff3c79efe/data/2025-04-21/YC_Companies.csv#L539,No name-only merge: source-row identity prevents conflating documented startup homonyms.
startup,yc-vault:2025-04-21:YC_Companies.csv:row:540,Unbabel,68ad8dcf-6abd-5b86-a7c9-3daf17b60204,Unbabel,source_row_identity,1.0,https://github.com/lukaflpvc/YC-Vault/blob/1c86f32a981d479249496298f6bb746ff3c79efe/data/2025-04-21/YC_Companies.csv#L540,No name-only merge: source-row identity prevents conflating documented startup homonyms.
startup,yc-vault:2025-04-21:YC_Companies.csv:row:541,GBatteries,a67a50b5-7995-5609-9366-8584e42e898c,GBatteries,source_row_identity,1.0,https://github.com/lukaflpvc/YC-Vault/blob/1c86f32a981d479249496298f6bb746ff3c79efe/data/2025-04-21/YC_Companies.csv#L541,No name-only merge: source-row identity prevents conflating documented startup homonyms.
startup,yc-vault:2025-04-21:YC_Companies.csv:row:542,Zinc,836ab3e6-d4dc-5f57-ad9e-d8366099e6df,Zinc,source_row_identity,1.0,https://github.com/lukaflpvc/YC-Vault/blob/1c86f32a981d479249496298f6bb746ff3c79efe/data/2025-04-21/YC_Companies.csv#L542,No name-only merge: source-row identity prevents conflating documented startup homonyms.
startup,yc-vault:2025-04-21:YC_Companies.csv:row:543,Zidisha,ca92c83f-2070-5e7e-b820-d7ffd5caf961,Zidisha,source_row_identity,1.0,https://github.com/lukaflpvc/YC-Vault/blob/1c86f32a981d479249496298f6bb746ff3c79efe/data/2025-04-21/YC_Companies.csv#L543,No name-only merge: source-row identity prevents conflating documented startup homonyms.
startup,yc-vault:2025-04-21:YC_Companies.csv:row:545,Guesty,9bbeb143-fbbb-56a0-a430-9a7403ca08f6,Guesty,source_row_identity,1.0,https://github.com/lukaflpvc/YC-Vault/blob/1c86f32a981d479249496298f6bb746ff3c79efe/data/2025-04-21/YC_Companies.csv#L545,No name-only merge: source-row identity prevents conflating documented startup homonyms.
startup,yc-vault:2025-04-21:YC_Companies.csv:row:546,Snapdocs,9d1ee6a5-96dd-52f6-a393-baed3504d406,Snapdocs,source_row_identity,1.0,https://github.com/lukaflpvc/YC-Vault/blob/1c86f32a981d479249496298f6bb746ff3c79efe/data/2025-04-21/YC_Companies.csv#L546,No name-only merge: source-row identity prevents conflating documented startup homonyms.
startup,yc-vault:2025-04-21:YC_Companies.csv:row:547,Shoobs,892ff19d-ef58-5609-b003-88333e60580a,Shoobs,source_row_identity,1.0,https://github.com/lukaflpvc/YC-Vault/blob/1c86f32a981d479249496298f6bb746ff3c79efe/data/2025-04-21/YC_Companies.csv#L547,No name-only merge: source-row identity prevents conflating documented startup homonyms.
startup,yc-vault:2025-04-21:YC_Companies.csv:row:548,Pushbullet,c8d74484-3e5a-5214-a3da-22d432d0bd65,Pushbullet,source_row_identity,1.0,https://github.com/lukaflpvc/YC-Vault/blob/1c86f32a981d479249496298f6bb746ff3c79efe/data/2025-04-21/YC_Companies.csv#L548,No name-only merge: source-row identity prevents conflating documented startup homonyms.
startup,yc-vault:2025-04-21:YC_Companies.csv:row:549,Povio,3cae4a67-80b3-5d0f-b60d-cfae149b5c99,Povio,source_row_identity,1.0,https://github.com/lukaflpvc/YC-Vault/blob/1c86f32a981d479249496298f6bb746ff3c79efe/data/2025-04-21/YC_Companies.csv#L549,No name-only merge: source-row identity prevents conflating documented startup homonyms.
startup,yc-vault:2025-04-21:YC_Companies.csv:row:550,PiinPoint,e2bb50b9-3d65-575c-af3b-53f5903dff84,PiinPoint,source_row_identity,1.0,https://github.com/lukaflpvc/YC-Vault/blob/1c86f32a981d479249496298f6bb746ff3c79efe/data/2025-04-21/YC_Companies.csv#L550,No name-only merge: source-row identity prevents conflating documented startup homonyms.
startup,yc-vault:2025-04-21:YC_Companies.csv:row:551,One Degree,ee55d7bf-2329-5240-b422-3141490f2632,One Degree,source_row_identity,1.0,https://github.com/lukaflpvc/YC-Vault/blob/1c86f32a981d479249496298f6bb746ff3c79efe/data/2025-04-21/YC_Companies.csv#L551,No name-only merge: source-row identity prevents conflating documented startup homonyms.
startup,yc-vault:2025-04-21:YC_Companies.csv:row:552,MBX,39a6f740-f42f-55b8-849e-d5a48a5078cd,MBX,source_row_identity,1.0,https://github.com/lukaflpvc/YC-Vault/blob/1c86f32a981d479249496298f6bb746ff3c79efe/data/2025-04-21/YC_Companies.csv#L552,No name-only merge: source-row identity prevents conflating documented startup homonyms.
startup,yc-vault:2025-04-21:YC_Companies.csv:row:553,Emailio,d19e9742-cec7-53a1-a691-dd0dd225ec5b,Emailio,source_row_identity,1.0,https://github.com/lukaflpvc/YC-Vault/blob/1c86f32a981d479249496298f6bb746ff3c79efe/data/2025-04-21/YC_Companies.csv#L553,No name-only merge: source-row identity prevents conflating documented startup homonyms.
startup,yc-vault:2025-04-21:YC_Companies.csv:row:554,DevCycle,743dcfaf-68fa-5277-8a74-885d13eef744,DevCycle,source_row_identity,1.0,https://github.com/lukaflpvc/YC-Vault/blob/1c86f32a981d479249496298f6bb746ff3c79efe/data/2025-04-21/YC_Companies.csv#L554,No name-only merge: source-row identity prevents conflating documented startup homonyms.
startup,yc-vault:2025-04-21:YC_Companies.csv:row:555,Axoni,c47b945f-6677-5df6-b9a7-bc2c2b73b21c,Axoni,source_row_identity,1.0,https://github.com/lukaflpvc/YC-Vault/blob/1c86f32a981d479249496298f6bb746ff3c79efe/data/2025-04-21/YC_Companies.csv#L555,No name-only merge: source-row identity prevents conflating documented startup homonyms.
startup,yc-vault:2025-04-21:YC_Companies.csv:row:556,CodeNow,1171a331-b5ce-5060-8915-8357e511c27c,CodeNow,source_row_identity,1.0,https://github.com/lukaflpvc/YC-Vault/blob/1c86f32a981d479249496298f6bb746ff3c79efe/data/2025-04-21/YC_Companies.csv#L556,No name-only merge: source-row identity prevents conflating documented startup homonyms.
startup,yc-vault:2025-04-21:YC_Companies.csv:row:557,CodeCombat,75ff3f08-ad0d-592e-be8d-7d36d5f11cad,CodeCombat,source_row_identity,1.0,https://github.com/lukaflpvc/YC-Vault/blob/1c86f32a981d479249496298f6bb746ff3c79efe/data/2025-04-21/YC_Companies.csv#L557,No name-only merge: source-row identity prevents conflating documented startup homonyms.
startup,yc-vault:2025-04-21:YC_Companies.csv:row:558,Noora Health,6e6d7c03-7406-5e2e-b853-226c56bfa157,Noora Health,source_row_identity,1.0,https://github.com/lukaflpvc/YC-Vault/blob/1c86f32a981d479249496298f6bb746ff3c79efe/data/2025-04-21/YC_Companies.csv#L558,No name-only merge: source-row identity prevents conflating documented startup homonyms.
startup,yc-vault:2025-04-21:YC_Companies.csv:row:559,Cambly,55e64ffa-2bc8-5a73-beb8-0531fd9f3dbd,Cambly,source_row_identity,1.0,https://github.com/lukaflpvc/YC-Vault/blob/1c86f32a981d479249496298f6bb746ff3c79efe/data/2025-04-21/YC_Companies.csv#L559,No name-only merge: source-row identity prevents conflating documented startup homonyms.
startup,yc-vault:2025-04-21:YC_Companies.csv:row:561,CareMessage,7ffafde0-cb31-5d68-8bea-04d0249620e8,CareMessage,source_row_identity,1.0,https://github.com/lukaflpvc/YC-Vault/blob/1c86f32a981d479249496298f6bb746ff3c79efe/data/2025-04-21/YC_Companies.csv#L561,No name-only merge: source-row identity prevents conflating documented startup homonyms.
startup,yc-vault:2025-04-21:YC_Companies.csv:row:562,Ambition,e0d85cce-e4a1-5d8e-af6d-8896a0b10ca8,Ambition,source_row_identity,1.0,https://github.com/lukaflpvc/YC-Vault/blob/1c86f32a981d479249496298f6bb746ff3c79efe/data/2025-04-21/YC_Companies.csv#L562,No name-only merge: source-row identity prevents conflating documented startup homonyms.
startup,yc-vault:2025-04-21:YC_Companies.csv:row:563,AirHelp,6cf46227-55ee-578a-af8d-c5f55d0b10c8,AirHelp,source_row_identity,1.0,https://github.com/lukaflpvc/YC-Vault/blob/1c86f32a981d479249496298f6bb746ff3c79efe/data/2025-04-21/YC_Companies.csv#L563,No name-only merge: source-row identity prevents conflating documented startup homonyms.
startup,yc-vault:2025-04-21:YC_Companies.csv:row:565,Vidpresso,2a43ccfa-b993-58e5-9185-0c9bae85f9fe,Vidpresso,source_row_identity,1.0,https://github.com/lukaflpvc/YC-Vault/blob/1c86f32a981d479249496298f6bb746ff3c79efe/data/2025-04-21/YC_Companies.csv#L565,No name-only merge: source-row identity prevents conflating documented startup homonyms.
startup,yc-vault:2025-04-21:YC_Companies.csv:row:567,Avametric,2241485c-1d8f-55c3-a513-b6e5f8f81339,Avametric,source_row_identity,1.0,https://github.com/lukaflpvc/YC-Vault/blob/1c86f32a981d479249496298f6bb746ff3c79efe/data/2025-04-21/YC_Companies.csv#L567,No name-only merge: source-row identity prevents conflating documented startup homonyms.
startup,yc-vault:2025-04-21:YC_Companies.csv:row:568,Gobble,cfcd87fc-fa01-5126-859e-b996382fb9cf,Gobble,source_row_identity,1.0,https://github.com/lukaflpvc/YC-Vault/blob/1c86f32a981d479249496298f6bb746ff3c79efe/data/2025-04-21/YC_Companies.csv#L568,No name-only merge: source-row identity prevents conflating documented startup homonyms.
startup,yc-vault:2025-04-21:YC_Companies.csv:row:569,Zesty,4b0bf888-2be5-5006-8e3d-160dc92fbb51,Zesty,source_row_identity,1.0,https://github.com/lukaflpvc/YC-Vault/blob/1c86f32a981d479249496298f6bb746ff3c79efe/data/2025-04-21/YC_Companies.csv#L569,No name-only merge: source-row identity prevents conflating documented startup homonyms.
startup,yc-vault:2025-04-21:YC_Companies.csv:row:570,Wit.ai,e4e7b2b1-8522-5807-8c62-a4c4abc3767b,Wit.ai,source_row_identity,1.0,https://github.com/lukaflpvc/YC-Vault/blob/1c86f32a981d479249496298f6bb746ff3c79efe/data/2025-04-21/YC_Companies.csv#L570,No name-only merge: source-row identity prevents conflating documented startup homonyms.
startup,yc-vault:2025-04-21:YC_Companies.csv:row:571,SketchDeck,e0610e34-48a4-5835-a32c-8b4f9f9f1837,SketchDeck,source_row_identity,1.0,https://github.com/lukaflpvc/YC-Vault/blob/1c86f32a981d479249496298f6bb746ff3c79efe/data/2025-04-21/YC_Companies.csv#L571,No name-only merge: source-row identity prevents conflating documented startup homonyms.
startup,yc-vault:2025-04-21:YC_Companies.csv:row:572,Rocketrip,01a135cb-20ed-5a16-b708-d228455cd5e5,Rocketrip,source_row_identity,1.0,https://github.com/lukaflpvc/YC-Vault/blob/1c86f32a981d479249496298f6bb746ff3c79efe/data/2025-04-21/YC_Companies.csv#L572,No name-only merge: source-row identity prevents conflating documented startup homonyms.
startup,yc-vault:2025-04-21:YC_Companies.csv:row:573,Rickshaw,8bc7308a-3014-5d81-be46-d03ae8773122,Rickshaw,source_row_identity,1.0,https://github.com/lukaflpvc/YC-Vault/blob/1c86f32a981d479249496298f6bb746ff3c79efe/data/2025-04-21/YC_Companies.csv#L573,No name-only merge: source-row identity prevents conflating documented startup homonyms.
startup,yc-vault:2025-04-21:YC_Companies.csv:row:574,PipelineDB,cc4035cf-40e2-50c5-8dc0-041618351259,PipelineDB,source_row_identity,1.0,https://github.com/lukaflpvc/YC-Vault/blob/1c86f32a981d479249496298f6bb746ff3c79efe/data/2025-04-21/YC_Companies.csv#L574,No name-only merge: source-row identity prevents conflating documented startup homonyms.
startup,yc-vault:2025-04-21:YC_Companies.csv:row:575,Liftigniter,4e3b8de3-501e-5f72-8fc2-c5b1bbcf76d5,Liftigniter,source_row_identity,1.0,https://github.com/lukaflpvc/YC-Vault/blob/1c86f32a981d479249496298f6bb746ff3c79efe/data/2025-04-21/YC_Companies.csv#L575,No name-only merge: source-row identity prevents conflating documented startup homonyms.
startup,yc-vault:2025-04-21:YC_Companies.csv:row:576,Theorem,a10583a0-b4ef-50aa-ba78-532d9ac37c0f,Theorem,source_row_identity,1.0,https://github.com/lukaflpvc/YC-Vault/blob/1c86f32a981d479249496298f6bb746ff3c79efe/data/2025-04-21/YC_Companies.csv#L576,No name-only merge: source-row identity prevents conflating documented startup homonyms.
startup,yc-vault:2025-04-21:YC_Companies.csv:row:577,StackLead,e5c30bfc-0eb7-5bc6-871d-87d0c50f03c2,StackLead,source_row_identity,1.0,https://github.com/lukaflpvc/YC-Vault/blob/1c86f32a981d479249496298f6bb746ff3c79efe/data/2025-04-21/YC_Companies.csv#L577,No name-only merge: source-row identity prevents conflating documented startup homonyms.
startup,yc-vault:2025-04-21:YC_Companies.csv:row:578,Next Caller,263fcf89-0b09-5dd3-9afc-43c2def68381,Next Caller,source_row_identity,1.0,https://github.com/lukaflpvc/YC-Vault/blob/1c86f32a981d479249496298f6bb746ff3c79efe/data/2025-04-21/YC_Companies.csv#L578,No name-only merge: source-row identity prevents conflating documented startup homonyms.
startup,yc-vault:2025-04-21:YC_Companies.csv:row:579,Motionlead,d6e3231a-204b-50c5-8069-021e9bb65cd3,Motionlead,source_row_identity,1.0,https://github.com/lukaflpvc/YC-Vault/blob/1c86f32a981d479249496298f6bb746ff3c79efe/data/2025-04-21/YC_Companies.csv#L579,No name-only merge: source-row identity prevents conflating documented startup homonyms.
startup,yc-vault:2025-04-21:YC_Companies.csv:row:580,Kuna Systems,5973e021-895b-5436-b16f-0728acd31575,Kuna Systems,source_row_identity,1.0,https://github.com/lukaflpvc/YC-Vault/blob/1c86f32a981d479249496298f6bb746ff3c79efe/data/2025-04-21/YC_Companies.csv#L580,No name-only merge: source-row identity prevents conflating documented startup homonyms.
startup,yc-vault:2025-04-21:YC_Companies.csv:row:581,Kimono Labs,8f5f9069-2ab7-5d10-b150-cf7c0c98cedd,Kimono Labs,source_row_identity,1.0,https://github.com/lukaflpvc/YC-Vault/blob/1c86f32a981d479249496298f6bb746ff3c79efe/data/2025-04-21/YC_Companies.csv#L581,No name-only merge: source-row identity prevents conflating documented startup homonyms.
startup,yc-vault:2025-04-21:YC_Companies.csv:row:582,Eventjoy,848119f1-3d40-58e5-b8a3-b0788af0fa8b,Eventjoy,source_row_identity,1.0,https://github.com/lukaflpvc/YC-Vault/blob/1c86f32a981d479249496298f6bb746ff3c79efe/data/2025-04-21/YC_Companies.csv#L582,No name-only merge: source-row identity prevents conflating documented startup homonyms.
startup,yc-vault:2025-04-21:YC_Companies.csv:row:583,Chargehound,c3d97515-acfd-5abb-a4eb-a97a8139c9a7,Chargehound,source_row_identity,1.0,https://github.com/lukaflpvc/YC-Vault/blob/1c86f32a981d479249496298f6bb746ff3c79efe/data/2025-04-21/YC_Companies.csv#L583,No name-only merge: source-row identity prevents conflating documented startup homonyms.
startup,yc-vault:2025-04-21:YC_Companies.csv:row:584,Two Tap,7591d2c1-6a77-515a-bd3f-d512c05c3a7d,Two Tap,source_row_identity,1.0,https://github.com/lukaflpvc/YC-Vault/blob/1c86f32a981d479249496298f6bb746ff3c79efe/data/2025-04-21/YC_Companies.csv#L584,No name-only merge: source-row identity prevents conflating documented startup homonyms.
startup,yc-vault:2025-04-21:YC_Companies.csv:row:585,Boostable,f8619bae-5399-5630-8a0c-ee9dd497da50,Boostable,source_row_identity,1.0,https://github.com/lukaflpvc/YC-Vault/blob/1c86f32a981d479249496298f6bb746ff3c79efe/data/2025-04-21/YC_Companies.csv#L585,No name-only merge: source-row identity prevents conflating documented startup homonyms.
startup,yc-vault:2025-04-21:YC_Companies.csv:row:586,Abacus,1c37b450-5478-556a-aa51-8c346c2a1520,Abacus,source_row_identity,1.0,https://github.com/lukaflpvc/YC-Vault/blob/1c86f32a981d479249496298f6bb746ff3c79efe/data/2025-04-21/YC_Companies.csv#L586,No name-only merge: source-row identity prevents conflating documented startup homonyms.
startup,yc-vault:2025-04-21:YC_Companies.csv:row:587,Whirlscape,000f81ac-0ff6-5da2-9e7d-95f7716e7243,Whirlscape,source_row_identity,1.0,https://github.com/lukaflpvc/YC-Vault/blob/1c86f32a981d479249496298f6bb746ff3c79efe/data/2025-04-21/YC_Companies.csv#L587,No name-only merge: source-row identity prevents conflating documented startup homonyms.
startup,yc-vault:2025-04-21:YC_Companies.csv:row:588,AirPair,b1d5cf41-97dc-54e1-83d7-4b697da623ce,AirPair,source_row_identity,1.0,https://github.com/lukaflpvc/YC-Vault/blob/1c86f32a981d479249496298f6bb746ff3c79efe/data/2025-04-21/YC_Companies.csv#L588,No name-only merge: source-row identity prevents conflating documented startup homonyms.
startup,yc-vault:2025-04-21:YC_Companies.csv:row:589,ZowPow,ffc1e71f-139e-503a-b082-6f1df5a7d3a3,ZowPow,source_row_identity,1.0,https://github.com/lukaflpvc/YC-Vault/blob/1c86f32a981d479249496298f6bb746ff3c79efe/data/2025-04-21/YC_Companies.csv#L589,No name-only merge: source-row identity prevents conflating documented startup homonyms.
startup,yc-vault:2025-04-21:YC_Companies.csv:row:590,Unicorn.ly,03de47c3-2461-529d-b218-15d9ca5baa08,Unicorn.ly,source_row_identity,1.0,https://github.com/lukaflpvc/YC-Vault/blob/1c86f32a981d479249496298f6bb746ff3c79efe/data/2025-04-21/YC_Companies.csv#L590,No name-only merge: source-row identity prevents conflating documented startup homonyms.
startup,yc-vault:2025-04-21:YC_Companies.csv:row:591,Terravion,6b322d5d-4f7c-55ca-ac7b-9c10945786cb,Terravion,source_row_identity,1.0,https://github.com/lukaflpvc/YC-Vault/blob/1c86f32a981d479249496298f6bb746ff3c79efe/data/2025-04-21/YC_Companies.csv#L591,No name-only merge: source-row identity prevents conflating documented startup homonyms.
startup,yc-vault:2025-04-21:YC_Companies.csv:row:592,Style Lend,0399dd82-458a-560e-a80e-f937ecf7f5cd,Style Lend,source_row_identity,1.0,https://github.com/lukaflpvc/YC-Vault/blob/1c86f32a981d479249496298f6bb746ff3c79efe/data/2025-04-21/YC_Companies.csv#L592,No name-only merge: source-row identity prevents conflating documented startup homonyms.
startup,yc-vault:2025-04-21:YC_Companies.csv:row:593,Edyn,6caeb5a5-7b7d-5250-bfe2-831d4db2eba0,Edyn,source_row_identity,1.0,https://github.com/lukaflpvc/YC-Vault/blob/1c86f32a981d479249496298f6bb746ff3c79efe/data/2025-04-21/YC_Companies.csv#L593,No name-only merge: source-row identity prevents conflating documented startup homonyms.
startup,yc-vault:2025-04-21:YC_Companies.csv:row:594,Shopagram,4e504b68-e15c-516c-902c-c91e898f409c,Shopagram,source_row_identity,1.0,https://github.com/lukaflpvc/YC-Vault/blob/1c86f32a981d479249496298f6bb746ff3c79efe/data/2025-04-21/YC_Companies.csv#L594,No name-only merge: source-row identity prevents conflating documented startup homonyms.
startup,yc-vault:2025-04-21:YC_Companies.csv:row:595,MerryMint,0067c315-f4a8-5749-b1cb-88b1776702dc,MerryMint,source_row_identity,1.0,https://github.com/lukaflpvc/YC-Vault/blob/1c86f32a981d479249496298f6bb746ff3c79efe/data/2025-04-21/YC_Companies.csv#L595,No name-only merge: source-row identity prevents conflating documented startup homonyms.
startup,yc-vault:2025-04-21:YC_Companies.csv:row:596,HoverChat,6e297ac3-5cb2-512a-b524-9336c40a05fc,HoverChat,source_row_identity,1.0,https://github.com/lukaflpvc/YC-Vault/blob/1c86f32a981d479249496298f6bb746ff3c79efe/data/2025-04-21/YC_Companies.csv#L596,No name-only merge: source-row identity prevents conflating documented startup homonyms.
startup,yc-vault:2025-04-21:YC_Companies.csv:row:597,Move Loot,2ab46065-cc0b-55b1-b844-a6bcaa6a6d79,Move Loot,source_row_identity,1.0,https://github.com/lukaflpvc/YC-Vault/blob/1c86f32a981d479249496298f6bb746ff3c79efe/data/2025-04-21/YC_Companies.csv#L597,No name-only merge: source-row identity prevents conflating documented startup homonyms.
startup,yc-vault:2025-04-21:YC_Companies.csv:row:598,MadeSolid,6ab8b123-ed19-5323-9f63-14c8bcea7d72,MadeSolid,source_row_identity,1.0,https://github.com/lukaflpvc/YC-Vault/blob/1c86f32a981d479249496298f6bb746ff3c79efe/data/2025-04-21/YC_Companies.csv#L598,No name-only merge: source-row identity prevents conflating documented startup homonyms.
startup,yc-vault:2025-04-21:YC_Companies.csv:row:599,Drive Pulse,5a84bd64-7b13-545d-b72f-2854128eaff4,Drive Pulse,source_row_identity,1.0,https://github.com/lukaflpvc/YC-Vault/blob/1c86f32a981d479249496298f6bb746ff3c79efe/data/2025-04-21/YC_Companies.csv#L599,No name-only merge: source-row identity prevents conflating documented startup homonyms.
startup,yc-vault:2025-04-21:YC_Companies.csv:row:602,Threadable,080a1827-73d8-5347-81e2-0ad3c9236d25,Threadable,source_row_identity,1.0,https://github.com/lukaflpvc/YC-Vault/blob/1c86f32a981d479249496298f6bb746ff3c79efe/data/2025-04-21/YC_Companies.csv#L602,No name-only merge: source-row identity prevents conflating documented startup homonyms.
startup,yc-vault:2025-04-21:YC_Companies.csv:row:603,Futureleague,047502c3-0b6e-541f-b4cc-18fe23216ac2,Futureleague,source_row_identity,1.0,https://github.com/lukaflpvc/YC-Vault/blob/1c86f32a981d479249496298f6bb746ff3c79efe/data/2025-04-21/YC_Companies.csv#L603,No name-only merge: source-row identity prevents conflating documented startup homonyms.
startup,yc-vault:2025-04-21:YC_Companies.csv:row:604,Awesometalk,a73b79b4-30d6-59f8-8300-2e794b01e709,Awesometalk,source_row_identity,1.0,https://github.com/lukaflpvc/YC-Vault/blob/1c86f32a981d479249496298f6bb746ff3c79efe/data/2025-04-21/YC_Companies.csv#L604,No name-only merge: source-row identity prevents conflating documented startup homonyms.
startup,yc-vault:2025-04-21:YC_Companies.csv:row:605,Ginkgo Bioworks,f8111a1b-a0b2-5bba-9d79-f2175870aff2,Ginkgo Bioworks,source_row_identity,1.0,https://github.com/lukaflpvc/YC-Vault/blob/1c86f32a981d479249496298f6bb746ff3c79efe/data/2025-04-21/YC_Companies.csv#L605,No name-only merge: source-row identity prevents conflating documented startup homonyms.
startup,yc-vault:2025-04-21:YC_Companies.csv:row:606,Rigetti Computing,69256d20-4449-536e-bb8c-d5e91c9da3bc,Rigetti Computing,source_row_identity,1.0,https://github.com/lukaflpvc/YC-Vault/blob/1c86f32a981d479249496298f6bb746ff3c79efe/data/2025-04-21/YC_Companies.csv#L606,No name-only merge: source-row identity prevents conflating documented startup homonyms.
startup,yc-vault:2025-04-21:YC_Companies.csv:row:607,Oklo,05f58e87-acf4-59c3-ba1d-a8133776bb14,Oklo,source_row_identity,1.0,https://github.com/lukaflpvc/YC-Vault/blob/1c86f32a981d479249496298f6bb746ff3c79efe/data/2025-04-21/YC_Companies.csv#L607,No name-only merge: source-row identity prevents conflating documented startup homonyms.
startup,yc-vault:2025-04-21:YC_Companies.csv:row:608,Checkr,dbbd15a7-7e3f-5eef-9483-99039c1b9202,Checkr,source_row_identity,1.0,https://github.com/lukaflpvc/YC-Vault/blob/1c86f32a981d479249496298f6bb746ff3c79efe/data/2025-04-21/YC_Companies.csv#L608,No name-only merge: source-row identity prevents conflating documented startup homonyms.
startup,yc-vault:2025-04-21:YC_Companies.csv:row:609,Cognito,7b67276a-2dad-5d44-9d93-5b8d17dfe7c3,Cognito,source_row_identity,1.0,https://github.com/lukaflpvc/YC-Vault/blob/1c86f32a981d479249496298f6bb746ff3c79efe/data/2025-04-21/YC_Companies.csv#L609,No name-only merge: source-row identity prevents conflating documented startup homonyms.
startup,yc-vault:2025-04-21:YC_Companies.csv:row:610,ShipBob,ee088354-9113-5178-bb78-224f44f140b3,ShipBob,source_row_identity,1.0,https://github.com/lukaflpvc/YC-Vault/blob/1c86f32a981d479249496298f6bb746ff3c79efe/data/2025-04-21/YC_Companies.csv#L610,No name-only merge: source-row identity prevents conflating documented startup homonyms.
startup,yc-vault:2025-04-21:YC_Companies.csv:row:611,Bayes Impact,1244a4c3-3eaa-597a-b920-fd017bfa8c9b,Bayes Impact,source_row_identity,1.0,https://github.com/lukaflpvc/YC-Vault/blob/1c86f32a981d479249496298f6bb746ff3c79efe/data/2025-04-21/YC_Companies.csv#L611,No name-only merge: source-row identity prevents conflating documented startup homonyms.
startup,yc-vault:2025-04-21:YC_Companies.csv:row:612,Helion Energy,0c245e2f-cc56-5720-9510-c926c779c83b,Helion Energy,source_row_identity,1.0,https://github.com/lukaflpvc/YC-Vault/blob/1c86f32a981d479249496298f6bb746ff3c79efe/data/2025-04-21/YC_Companies.csv#L612,No name-only merge: source-row identity prevents conflating documented startup homonyms.
startup,yc-vault:2025-04-21:YC_Companies.csv:row:613,Front,39088ddb-dc1c-53a6-a26d-aa4700b5603c,Front,source_row_identity,1.0,https://github.com/lukaflpvc/YC-Vault/blob/1c86f32a981d479249496298f6bb746ff3c79efe/data/2025-04-21/YC_Companies.csv#L613,No name-only merge: source-row identity prevents conflating documented startup homonyms.
startup,yc-vault:2025-04-21:YC_Companies.csv:row:614,Roomstorm,768045af-8605-5b33-9262-24fd8ca49293,Roomstorm,source_row_identity,1.0,https://github.com/lukaflpvc/YC-Vault/blob/1c86f32a981d479249496298f6bb746ff3c79efe/data/2025-04-21/YC_Companies.csv#L614,No name-only merge: source-row identity prevents conflating documented startup homonyms.
startup,yc-vault:2025-04-21:YC_Companies.csv:row:615,Hive,5520b3c3-532f-5241-afa5-64e76d69e406,Hive,source_row_identity,1.0,https://github.com/lukaflpvc/YC-Vault/blob/1c86f32a981d479249496298f6bb746ff3c79efe/data/2025-04-21/YC_Companies.csv#L615,No name-only merge: source-row identity prevents conflating documented startup homonyms.
startup,yc-vault:2025-04-21:YC_Companies.csv:row:616,Tenjin,6e03d215-9402-54e8-bda5-b519c056f4e8,Tenjin,source_row_identity,1.0,https://github.com/lukaflpvc/YC-Vault/blob/1c86f32a981d479249496298f6bb746ff3c79efe/data/2025-04-21/YC_Companies.csv#L616,No name-only merge: source-row identity prevents conflating documented startup homonyms.
startup,yc-vault:2025-04-21:YC_Companies.csv:row:617,SpotAngels,55f22127-dff1-5012-9eb9-3a9e38ce3bc1,SpotAngels,source_row_identity,1.0,https://github.com/lukaflpvc/YC-Vault/blob/1c86f32a981d479249496298f6bb746ff3c79efe/data/2025-04-21/YC_Companies.csv#L617,No name-only merge: source-row identity prevents conflating documented startup homonyms.
startup,yc-vault:2025-04-21:YC_Companies.csv:row:618,UserGems,1f6b7f92-facd-59a4-8e08-bee4b490ae8d,UserGems,source_row_identity,1.0,https://github.com/lukaflpvc/YC-Vault/blob/1c86f32a981d479249496298f6bb746ff3c79efe/data/2025-04-21/YC_Companies.csv#L618,No name-only merge: source-row identity prevents conflating documented startup homonyms.
startup,yc-vault:2025-04-21:YC_Companies.csv:row:619,SFOX,9927357e-38fe-5bfc-b589-6ea7c11da8c1,SFOX,source_row_identity,1.0,https://github.com/lukaflpvc/YC-Vault/blob/1c86f32a981d479249496298f6bb746ff3c79efe/data/2025-04-21/YC_Companies.csv#L619,No name-only merge: source-row identity prevents conflating documented startup homonyms.
startup,yc-vault:2025-04-21:YC_Companies.csv:row:620,PicnicHealth,89e68e97-a5d1-531a-b277-dbac8abd1818,PicnicHealth,source_row_identity,1.0,https://github.com/lukaflpvc/YC-Vault/blob/1c86f32a981d479249496298f6bb746ff3c79efe/data/2025-04-21/YC_Companies.csv#L620,No name-only merge: source-row identity prevents conflating documented startup homonyms.
startup,yc-vault:2025-04-21:YC_Companies.csv:row:621,Permutive,5c3aa8ca-d9d9-5c60-9398-be571a1fa097,Permutive,source_row_identity,1.0,https://github.com/lukaflpvc/YC-Vault/blob/1c86f32a981d479249496298f6bb746ff3c79efe/data/2025-04-21/YC_Companies.csv#L621,No name-only merge: source-row identity prevents conflating documented startup homonyms.
startup,yc-vault:2025-04-21:YC_Companies.csv:row:622,Hiro Systems,8416dd27-6b6a-5c77-bb39-a0f5503b5342,Hiro Systems,source_row_identity,1.0,https://github.com/lukaflpvc/YC-Vault/blob/1c86f32a981d479249496298f6bb746ff3c79efe/data/2025-04-21/YC_Companies.csv#L622,No name-only merge: source-row identity prevents conflating documented startup homonyms.
startup,yc-vault:2025-04-21:YC_Companies.csv:row:623,Alchemy,51ea91f8-e138-5ae3-a516-a82902358ff1,Alchemy,source_row_identity,1.0,https://github.com/lukaflpvc/YC-Vault/blob/1c86f32a981d479249496298f6bb746ff3c79efe/data/2025-04-21/YC_Companies.csv#L623,No name-only merge: source-row identity prevents conflating documented startup homonyms.
startup,yc-vault:2025-04-21:YC_Companies.csv:row:624,MTailor,1b156e67-9c05-550b-bc9a-a2daa08484fa,MTailor,source_row_identity,1.0,https://github.com/lukaflpvc/YC-Vault/blob/1c86f32a981d479249496298f6bb746ff3c79efe/data/2025-04-21/YC_Companies.csv#L624,No name-only merge: source-row identity prevents conflating documented startup homonyms.
startup,yc-vault:2025-04-21:YC_Companies.csv:row:625,MetricWire,b4bcec19-cd67-5e1e-88f9-ef8825999044,MetricWire,source_row_identity,1.0,https://github.com/lukaflpvc/YC-Vault/blob/1c86f32a981d479249496298f6bb746ff3c79efe/data/2025-04-21/YC_Companies.csv#L625,No name-only merge: source-row identity prevents conflating documented startup homonyms.
startup,yc-vault:2025-04-21:YC_Companies.csv:row:626,Protocol Labs,227019bc-3996-5101-b401-0c3ba424b69e,Protocol Labs,source_row_identity,1.0,https://github.com/lukaflpvc/YC-Vault/blob/1c86f32a981d479249496298f6bb746ff3c79efe/data/2025-04-21/YC_Companies.csv#L626,No name-only merge: source-row identity prevents conflating documented startup homonyms.
startup,yc-vault:2025-04-21:YC_Companies.csv:row:627,Greentoe,9fa4eaff-e88c-5522-9080-dfecb97789bf,Greentoe,source_row_identity,1.0,https://github.com/lukaflpvc/YC-Vault/blob/1c86f32a981d479249496298f6bb746ff3c79efe/data/2025-04-21/YC_Companies.csv#L627,No name-only merge: source-row identity prevents conflating documented startup homonyms.
startup,yc-vault:2025-04-21:YC_Companies.csv:row:628,Hyperpad,c876ff60-6794-52f5-a73d-2eeb0aba01fa,Hyperpad,source_row_identity,1.0,https://github.com/lukaflpvc/YC-Vault/blob/1c86f32a981d479249496298f6bb746ff3c79efe/data/2025-04-21/YC_Companies.csv#L628,No name-only merge: source-row identity prevents conflating documented startup homonyms.
startup,yc-vault:2025-04-21:YC_Companies.csv:row:629,Flaviar,f875c275-fae1-553c-a7a8-c8a82e6ec974,Flaviar,source_row_identity,1.0,https://github.com/lukaflpvc/YC-Vault/blob/1c86f32a981d479249496298f6bb746ff3c79efe/data/2025-04-21/YC_Companies.csv#L629,No name-only merge: source-row identity prevents conflating documented startup homonyms.
startup,yc-vault:2025-04-21:YC_Companies.csv:row:630,Clear,73638617-a0ba-5e63-8ade-d457936b8b00,Clear,source_row_identity,1.0,https://github.com/lukaflpvc/YC-Vault/blob/1c86f32a981d479249496298f6bb746ff3c79efe/data/2025-04-21/YC_Companies.csv#L630,No name-only merge: source-row identity prevents conflating documented startup homonyms.
startup,yc-vault:2025-04-21:YC_Companies.csv:row:631,Billforward,ce351944-f468-56cc-a94b-e8721041d764,Billforward,source_row_identity,1.0,https://github.com/lukaflpvc/YC-Vault/blob/1c86f32a981d479249496298f6bb746ff3c79efe/data/2025-04-21/YC_Companies.csv#L631,No name-only merge: source-row identity prevents conflating documented startup homonyms.
startup,yc-vault:2025-04-21:YC_Companies.csv:row:632,Backpack,9fbb7627-5ac5-5390-a9bd-860a486f55ab,Backpack,source_row_identity,1.0,https://github.com/lukaflpvc/YC-Vault/blob/1c86f32a981d479249496298f6bb746ff3c79efe/data/2025-04-21/YC_Companies.csv#L632,No name-only merge: source-row identity prevents conflating documented startup homonyms.
startup,yc-vault:2025-04-21:YC_Companies.csv:row:633,Aptible,394a1b36-b740-5d1a-8b29-d1eb713f09e3,Aptible,source_row_identity,1.0,https://github.com/lukaflpvc/YC-Vault/blob/1c86f32a981d479249496298f6bb746ff3c79efe/data/2025-04-21/YC_Companies.csv#L633,No name-only merge: source-row identity prevents conflating documented startup homonyms.
startup,yc-vault:2025-04-21:YC_Companies.csv:row:634,Unwind Me,85f47acf-9c61-5470-8244-02a2b12f2bbc,Unwind Me,source_row_identity,1.0,https://github.com/lukaflpvc/YC-Vault/blob/1c86f32a981d479249496298f6bb746ff3c79efe/data/2025-04-21/YC_Companies.csv#L634,No name-only merge: source-row identity prevents conflating documented startup homonyms.
startup,yc-vault:2025-04-21:YC_Companies.csv:row:635,Sliced Investing,79fe311f-948a-5a17-a6fc-345b5cd1d131,Sliced Investing,source_row_identity,1.0,https://github.com/lukaflpvc/YC-Vault/blob/1c86f32a981d479249496298f6bb746ff3c79efe/data/2025-04-21/YC_Companies.csv#L635,No name-only merge: source-row identity prevents conflating documented startup homonyms.
startup,yc-vault:2025-04-21:YC_Companies.csv:row:636,Ravti,9d71362c-5352-5c73-9690-7e457ded3816,Ravti,source_row_identity,1.0,https://github.com/lukaflpvc/YC-Vault/blob/1c86f32a981d479249496298f6bb746ff3c79efe/data/2025-04-21/YC_Companies.csv#L636,No name-only merge: source-row identity prevents conflating documented startup homonyms.
startup,yc-vault:2025-04-21:YC_Companies.csv:row:637,One Codex,06a10270-d0a1-5c55-a7c7-7be374d7272a,One Codex,source_row_identity,1.0,https://github.com/lukaflpvc/YC-Vault/blob/1c86f32a981d479249496298f6bb746ff3c79efe/data/2025-04-21/YC_Companies.csv#L637,No name-only merge: source-row identity prevents conflating documented startup homonyms.
startup,yc-vault:2025-04-21:YC_Companies.csv:row:638,Women.com,743229ea-c8d7-5eb8-9a57-8d1067c3e420,Women.com,source_row_identity,1.0,https://github.com/lukaflpvc/YC-Vault/blob/1c86f32a981d479249496298f6bb746ff3c79efe/data/2025-04-21/YC_Companies.csv#L638,No name-only merge: source-row identity prevents conflating documented startup homonyms.
startup,yc-vault:2025-04-21:YC_Companies.csv:row:639,Tule,023ef610-20ca-5600-8734-fe4fe4cb4bad,Tule,source_row_identity,1.0,https://github.com/lukaflpvc/YC-Vault/blob/1c86f32a981d479249496298f6bb746ff3c79efe/data/2025-04-21/YC_Companies.csv#L639,No name-only merge: source-row identity prevents conflating documented startup homonyms.
startup,yc-vault:2025-04-21:YC_Companies.csv:row:640,Payable,070f53b1-c8e4-56c1-a136-a1cb98192f0c,Payable,source_row_identity,1.0,https://github.com/lukaflpvc/YC-Vault/blob/1c86f32a981d479249496298f6bb746ff3c79efe/data/2025-04-21/YC_Companies.csv#L640,No name-only merge: source-row identity prevents conflating documented startup homonyms.
startup,yc-vault:2025-04-21:YC_Companies.csv:row:641,Apto Payments,3ba9d994-f9e6-52b5-8445-87350ac393fe,Apto Payments,source_row_identity,1.0,https://github.com/lukaflpvc/YC-Vault/blob/1c86f32a981d479249496298f6bb746ff3c79efe/data/2025-04-21/YC_Companies.csv#L641,No name-only merge: source-row identity prevents conflating documented startup homonyms.
startup,yc-vault:2025-04-21:YC_Companies.csv:row:642,Product Hunt,23b00ed7-da2b-5834-99cc-641c0ce65089,Product Hunt,source_row_identity,1.0,https://github.com/lukaflpvc/YC-Vault/blob/1c86f32a981d479249496298f6bb746ff3c79efe/data/2025-04-21/YC_Companies.csv#L642,No name-only merge: source-row identity prevents conflating documented startup homonyms.
startup,yc-vault:2025-04-21:YC_Companies.csv:row:643,Replenish,e662a933-f338-5bd9-ad43-b17f82feec6b,Replenish,source_row_identity,1.0,https://github.com/lukaflpvc/YC-Vault/blob/1c86f32a981d479249496298f6bb746ff3c79efe/data/2025-04-21/YC_Companies.csv#L643,No name-only merge: source-row identity prevents conflating documented startup homonyms.
startup,yc-vault:2025-04-21:YC_Companies.csv:row:644,ListRunner,a09a0252-2bce-53aa-992d-6940942ae54d,ListRunner,source_row_identity,1.0,https://github.com/lukaflpvc/YC-Vault/blob/1c86f32a981d479249496298f6bb746ff3c79efe/data/2025-04-21/YC_Companies.csv#L644,No name-only merge: source-row identity prevents conflating documented startup homonyms.
startup,yc-vault:2025-04-21:YC_Companies.csv:row:645,Lawn Love,207cd042-1ed4-51a9-81a8-7bcd52b30f8d,Lawn Love,source_row_identity,1.0,https://github.com/lukaflpvc/YC-Vault/blob/1c86f32a981d479249496298f6bb746ff3c79efe/data/2025-04-21/YC_Companies.csv#L645,No name-only merge: source-row identity prevents conflating documented startup homonyms.
startup,yc-vault:2025-04-21:YC_Companies.csv:row:646,Kash,69f6e71f-5b4d-5eca-94de-bfad386ab124,Kash,source_row_identity,1.0,https://github.com/lukaflpvc/YC-Vault/blob/1c86f32a981d479249496298f6bb746ff3c79efe/data/2025-04-21/YC_Companies.csv#L646,No name-only merge: source-row identity prevents conflating documented startup homonyms.
startup,yc-vault:2025-04-21:YC_Companies.csv:row:647,Impraise,09cb968f-b5f9-5585-b8aa-0e84c7c381b6,Impraise,source_row_identity,1.0,https://github.com/lukaflpvc/YC-Vault/blob/1c86f32a981d479249496298f6bb746ff3c79efe/data/2025-04-21/YC_Companies.csv#L647,No name-only merge: source-row identity prevents conflating documented startup homonyms.
startup,yc-vault:2025-04-21:YC_Companies.csv:row:648,Hublo,d82c27f0-5bc2-5a6d-91fd-29ebb90cf489,Hublo,source_row_identity,1.0,https://github.com/lukaflpvc/YC-Vault/blob/1c86f32a981d479249496298f6bb746ff3c79efe/data/2025-04-21/YC_Companies.csv#L648,No name-only merge: source-row identity prevents conflating documented startup homonyms.
startup,yc-vault:2025-04-21:YC_Companies.csv:row:649,Blockspring,728f5f4d-c33e-59d4-b8f9-f7a83fb31161,Blockspring,source_row_identity,1.0,https://github.com/lukaflpvc/YC-Vault/blob/1c86f32a981d479249496298f6bb746ff3c79efe/data/2025-04-21/YC_Companies.csv#L649,No name-only merge: source-row identity prevents conflating documented startup homonyms.
startup,yc-vault:2025-04-21:YC_Companies.csv:row:650,GovPredict,1f70890a-1061-5ba6-8b90-85ef8945527a,GovPredict,source_row_identity,1.0,https://github.com/lukaflpvc/YC-Vault/blob/1c86f32a981d479249496298f6bb746ff3c79efe/data/2025-04-21/YC_Companies.csv#L650,No name-only merge: source-row identity prevents conflating documented startup homonyms.
startup,yc-vault:2025-04-21:YC_Companies.csv:row:651,PersistIQ,26b0e5e8-7c36-523e-9f7c-400c33399e4b,PersistIQ,source_row_identity,1.0,https://github.com/lukaflpvc/YC-Vault/blob/1c86f32a981d479249496298f6bb746ff3c79efe/data/2025-04-21/YC_Companies.csv#L651,No name-only merge: source-row identity prevents conflating documented startup homonyms.
startup,yc-vault:2025-04-21:YC_Companies.csv:row:653,Clara Labs,d22d5371-28e8-526d-9931-3cb77985aea0,Clara Labs,source_row_identity,1.0,https://github.com/lukaflpvc/YC-Vault/blob/1c86f32a981d479249496298f6bb746ff3c79efe/data/2025-04-21/YC_Companies.csv#L653,No name-only merge: source-row identity prevents conflating documented startup homonyms.
startup,yc-vault:2025-04-21:YC_Companies.csv:row:654,Carlypso,2ff40d41-457c-54fb-a3eb-3e0f499508e5,Carlypso,source_row_identity,1.0,https://github.com/lukaflpvc/YC-Vault/blob/1c86f32a981d479249496298f6bb746ff3c79efe/data/2025-04-21/YC_Companies.csv#L654,No name-only merge: source-row identity prevents conflating documented startup homonyms.
startup,yc-vault:2025-04-21:YC_Companies.csv:row:655,Bitaccess,79792c0d-d539-5ee1-bdbb-3536d1a7e69e,Bitaccess,source_row_identity,1.0,https://github.com/lukaflpvc/YC-Vault/blob/1c86f32a981d479249496298f6bb746ff3c79efe/data/2025-04-21/YC_Companies.csv#L655,No name-only merge: source-row identity prevents conflating documented startup homonyms.
startup,yc-vault:2025-04-21:YC_Companies.csv:row:656,Parenthoods,e0901bee-fcfe-5f61-a5bd-9298260f9344,Parenthoods,source_row_identity,1.0,https://github.com/lukaflpvc/YC-Vault/blob/1c86f32a981d479249496298f6bb746ff3c79efe/data/2025-04-21/YC_Companies.csv#L656,No name-only merge: source-row identity prevents conflating documented startup homonyms.
startup,yc-vault:2025-04-21:YC_Companies.csv:row:657,Zip Phone,f0165405-6bd8-52a7-bd0f-4d734c474cc6,Zip Phone,source_row_identity,1.0,https://github.com/lukaflpvc/YC-Vault/blob/1c86f32a981d479249496298f6bb746ff3c79efe/data/2025-04-21/YC_Companies.csv#L657,No name-only merge: source-row identity prevents conflating documented startup homonyms.
startup,yc-vault:2025-04-21:YC_Companies.csv:row:658,Zenamins,ba87e24c-f646-5fb9-b2f7-807f47e79e75,Zenamins,source_row_identity,1.0,https://github.com/lukaflpvc/YC-Vault/blob/1c86f32a981d479249496298f6bb746ff3c79efe/data/2025-04-21/YC_Companies.csv#L658,No name-only merge: source-row identity prevents conflating documented startup homonyms.
startup,yc-vault:2025-04-21:YC_Companies.csv:row:659,Beep,7fa88bc9-ea52-5c7c-b77e-cf30329f99b3,Beep,source_row_identity,1.0,https://github.com/lukaflpvc/YC-Vault/blob/1c86f32a981d479249496298f6bb746ff3c79efe/data/2025-04-21/YC_Companies.csv#L659,No name-only merge: source-row identity prevents conflating documented startup homonyms.
startup,yc-vault:2025-04-21:YC_Companies.csv:row:660,Zoomer,392741a9-5214-56ca-90d3-b8417addf9e9,Zoomer,source_row_identity,1.0,https://github.com/lukaflpvc/YC-Vault/blob/1c86f32a981d479249496298f6bb746ff3c79efe/data/2025-04-21/YC_Companies.csv#L660,No name-only merge: source-row identity prevents conflating documented startup homonyms.
startup,yc-vault:2025-04-21:YC_Companies.csv:row:662,Whirl,92fa17fe-b3a8-5638-a761-4385a71c7107,Whirl,source_row_identity,1.0,https://github.com/lukaflpvc/YC-Vault/blob/1c86f32a981d479249496298f6bb746ff3c79efe/data/2025-04-21/YC_Companies.csv#L662,No name-only merge: source-row identity prevents conflating documented startup homonyms.
startup,yc-vault:2025-04-21:YC_Companies.csv:row:663,Weave,e070fbda-5a97-5943-b57c-209e7e2e5984,Weave,source_row_identity,1.0,https://github.com/lukaflpvc/YC-Vault/blob/1c86f32a981d479249496298f6bb746ff3c79efe/data/2025-04-21/YC_Companies.csv#L663,No name-only merge: source-row identity prevents conflating documented startup homonyms.
startup,yc-vault:2025-04-21:YC_Companies.csv:row:665,Think Gaming,62bd3e6d-667e-57a7-ab63-0bf17a58cd06,Think Gaming,source_row_identity,1.0,https://github.com/lukaflpvc/YC-Vault/blob/1c86f32a981d479249496298f6bb746ff3c79efe/data/2025-04-21/YC_Companies.csv#L665,No name-only merge: source-row identity prevents conflating documented startup homonyms.
startup,yc-vault:2025-04-21:YC_Companies.csv:row:666,Paid,524865bd-d328-5e57-a080-09d6dc284770,Paid,source_row_identity,1.0,https://github.com/lukaflpvc/YC-Vault/blob/1c86f32a981d479249496298f6bb746ff3c79efe/data/2025-04-21/YC_Companies.csv#L666,No name-only merge: source-row identity prevents conflating documented startup homonyms.
startup,yc-vault:2025-04-21:YC_Companies.csv:row:667,HauteDay,3d8d4bde-9468-532d-b1ae-bdc424bf5c6d,HauteDay,source_row_identity,1.0,https://github.com/lukaflpvc/YC-Vault/blob/1c86f32a981d479249496298f6bb746ff3c79efe/data/2025-04-21/YC_Companies.csv#L667,No name-only merge: source-row identity prevents conflating documented startup homonyms.
startup,yc-vault:2025-04-21:YC_Companies.csv:row:668,SalesSift,8850589a-be1a-5737-918b-2cbb42ff10bc,SalesSift,source_row_identity,1.0,https://github.com/lukaflpvc/YC-Vault/blob/1c86f32a981d479249496298f6bb746ff3c79efe/data/2025-04-21/YC_Companies.csv#L668,No name-only merge: source-row identity prevents conflating documented startup homonyms.
startup,yc-vault:2025-04-21:YC_Companies.csv:row:669,Shout,049ffdbb-244c-56a5-86ae-80e5904043d3,Shout,source_row_identity,1.0,https://github.com/lukaflpvc/YC-Vault/blob/1c86f32a981d479249496298f6bb746ff3c79efe/data/2025-04-21/YC_Companies.csv#L669,No name-only merge: source-row identity prevents conflating documented startup homonyms.
startup,yc-vault:2025-04-21:YC_Companies.csv:row:670,Roost,4e1d724f-e8c9-55af-8c63-297b9bff06c9,Roost,source_row_identity,1.0,https://github.com/lukaflpvc/YC-Vault/blob/1c86f32a981d479249496298f6bb746ff3c79efe/data/2025-04-21/YC_Companies.csv#L670,No name-only merge: source-row identity prevents conflating documented startup homonyms.
startup,yc-vault:2025-04-21:YC_Companies.csv:row:671,Cheddar,9a3c1fd2-3ced-517a-91f2-9f3b1d7a7858,Cheddar,source_row_identity,1.0,https://github.com/lukaflpvc/YC-Vault/blob/1c86f32a981d479249496298f6bb746ff3c79efe/data/2025-04-21/YC_Companies.csv#L671,No name-only merge: source-row identity prevents conflating documented startup homonyms.
startup,yc-vault:2025-04-21:YC_Companies.csv:row:672,In Your Corner,1fff63e1-9dbe-5654-877b-3c92aff9b2ba,In Your Corner,source_row_identity,1.0,https://github.com/lukaflpvc/YC-Vault/blob/1c86f32a981d479249496298f6bb746ff3c79efe/data/2025-04-21/YC_Companies.csv#L672,No name-only merge: source-row identity prevents conflating documented startup homonyms.
startup,yc-vault:2025-04-21:YC_Companies.csv:row:673,Nightingale,7cc08947-5574-5319-8ecb-3aa10f3efd13,Nightingale,source_row_identity,1.0,https://github.com/lukaflpvc/YC-Vault/blob/1c86f32a981d479249496298f6bb746ff3c79efe/data/2025-04-21/YC_Companies.csv#L673,No name-only merge: source-row identity prevents conflating documented startup homonyms.
startup,yc-vault:2025-04-21:YC_Companies.csv:row:674,Neptune.io,c1890612-2cc2-5895-bebb-46dd9af83c68,Neptune.io,source_row_identity,1.0,https://github.com/lukaflpvc/YC-Vault/blob/1c86f32a981d479249496298f6bb746ff3c79efe/data/2025-04-21/YC_Companies.csv#L674,No name-only merge: source-row identity prevents conflating documented startup homonyms.
startup,yc-vault:2025-04-21:YC_Companies.csv:row:675,Naytev,a8b24fda-99ce-5221-9245-884e0ae03c71,Naytev,source_row_identity,1.0,https://github.com/lukaflpvc/YC-Vault/blob/1c86f32a981d479249496298f6bb746ff3c79efe/data/2025-04-21/YC_Companies.csv#L675,No name-only merge: source-row identity prevents conflating documented startup homonyms.
startup,yc-vault:2025-04-21:YC_Companies.csv:row:676,VizeraLabs,1acd7777-198c-5830-9290-63abe7530dc8,VizeraLabs,source_row_identity,1.0,https://github.com/lukaflpvc/YC-Vault/blob/1c86f32a981d479249496298f6bb746ff3c79efe/data/2025-04-21/YC_Companies.csv#L676,No name-only merge: source-row identity prevents conflating documented startup homonyms.
startup,yc-vault:2025-04-21:YC_Companies.csv:row:677,TAXA Biotechnologies,3297e8a5-d8e7-5eac-92e5-f98d411eb6f3,TAXA Biotechnologies,source_row_identity,1.0,https://github.com/lukaflpvc/YC-Vault/blob/1c86f32a981d479249496298f6bb746ff3c79efe/data/2025-04-21/YC_Companies.csv#L677,No name-only merge: source-row identity prevents conflating documented startup homonyms.
startup,yc-vault:2025-04-21:YC_Companies.csv:row:678,Flytenow,2db09b46-bd39-57fc-bd8d-75b7df293670,Flytenow,source_row_identity,1.0,https://github.com/lukaflpvc/YC-Vault/blob/1c86f32a981d479249496298f6bb746ff3c79efe/data/2025-04-21/YC_Companies.csv#L678,No name-only merge: source-row identity prevents conflating documented startup homonyms.
startup,yc-vault:2025-04-21:YC_Companies.csv:row:679,Fixed,416fcf36-ff4a-5bc5-aa43-388856292406,Fixed,source_row_identity,1.0,https://github.com/lukaflpvc/YC-Vault/blob/1c86f32a981d479249496298f6bb746ff3c79efe/data/2025-04-21/YC_Companies.csv#L679,No name-only merge: source-row identity prevents conflating documented startup homonyms.
startup,yc-vault:2025-04-21:YC_Companies.csv:row:680,Owners Circle,1fd2f33f-b6ec-517f-ab3a-b717f132a904,Owners Circle,source_row_identity,1.0,https://github.com/lukaflpvc/YC-Vault/blob/1c86f32a981d479249496298f6bb746ff3c79efe/data/2025-04-21/YC_Companies.csv#L680,No name-only merge: source-row identity prevents conflating documented startup homonyms.
startup,yc-vault:2025-04-21:YC_Companies.csv:row:681,Doblet,d7e13fde-6a49-54fd-a25c-b50387f12a80,Doblet,source_row_identity,1.0,https://github.com/lukaflpvc/YC-Vault/blob/1c86f32a981d479249496298f6bb746ff3c79efe/data/2025-04-21/YC_Companies.csv#L681,No name-only merge: source-row identity prevents conflating documented startup homonyms.
startup,yc-vault:2025-04-21:YC_Companies.csv:row:682,Bikanta,9a4fb694-26e7-5ed5-821a-3afab6167ed1,Bikanta,source_row_identity,1.0,https://github.com/lukaflpvc/YC-Vault/blob/1c86f32a981d479249496298f6bb746ff3c79efe/data/2025-04-21/YC_Companies.csv#L682,No name-only merge: source-row identity prevents conflating documented startup homonyms.
startup,yc-vault:2025-04-21:YC_Companies.csv:row:684,Bannerman,5f3c1de8-5e1e-5725-88a8-08a9d33f812f,Bannerman,source_row_identity,1.0,https://github.com/lukaflpvc/YC-Vault/blob/1c86f32a981d479249496298f6bb746ff3c79efe/data/2025-04-21/YC_Companies.csv#L684,No name-only merge: source-row identity prevents conflating documented startup homonyms.
startup,yc-vault:2025-04-21:YC_Companies.csv:row:685,GitLab,e2906825-a3b1-5626-8e52-e2fa054ea179,GitLab,source_row_identity,1.0,https://github.com/lukaflpvc/YC-Vault/blob/1c86f32a981d479249496298f6bb746ff3c79efe/data/2025-04-21/YC_Companies.csv#L685,No name-only merge: source-row identity prevents conflating documented startup homonyms.
startup,yc-vault:2025-04-21:YC_Companies.csv:row:686,Notable Labs,176ab619-8872-5905-9dd1-6e14e07ff0c8,Notable Labs,source_row_identity,1.0,https://github.com/lukaflpvc/YC-Vault/blob/1c86f32a981d479249496298f6bb746ff3c79efe/data/2025-04-21/YC_Companies.csv#L686,No name-only merge: source-row identity prevents conflating documented startup homonyms.
startup,yc-vault:2025-04-21:YC_Companies.csv:row:687,Lucira Health,619fe7a9-602a-5703-91b8-40dddd48ae94,Lucira Health,source_row_identity,1.0,https://github.com/lukaflpvc/YC-Vault/blob/1c86f32a981d479249496298f6bb746ff3c79efe/data/2025-04-21/YC_Companies.csv#L687,No name-only merge: source-row identity prevents conflating documented startup homonyms.
startup,yc-vault:2025-04-21:YC_Companies.csv:row:688,EquipmentShare,cd4f0e1e-8562-5007-bd60-1e0e0bdbd331,EquipmentShare,source_row_identity,1.0,https://github.com/lukaflpvc/YC-Vault/blob/1c86f32a981d479249496298f6bb746ff3c79efe/data/2025-04-21/YC_Companies.csv#L688,No name-only merge: source-row identity prevents conflating documented startup homonyms.
startup,yc-vault:2025-04-21:YC_Companies.csv:row:689,GrubMarket,41dde84c-c68b-50b8-97b9-448f1332c8ae,GrubMarket,source_row_identity,1.0,https://github.com/lukaflpvc/YC-Vault/blob/1c86f32a981d479249496298f6bb746ff3c79efe/data/2025-04-21/YC_Companies.csv#L689,No name-only merge: source-row identity prevents conflating documented startup homonyms.
startup,yc-vault:2025-04-21:YC_Companies.csv:row:690,Razorpay,e3c94785-bd9a-5244-aad2-518ad9a1e8a0,Razorpay,source_row_identity,1.0,https://github.com/lukaflpvc/YC-Vault/blob/1c86f32a981d479249496298f6bb746ff3c79efe/data/2025-04-21/YC_Companies.csv#L690,No name-only merge: source-row identity prevents conflating documented startup homonyms.
startup,yc-vault:2025-04-21:YC_Companies.csv:row:691,Shasqi,b8a7f2aa-b7ee-5e8c-acad-11d2e0dd0b2e,Shasqi,source_row_identity,1.0,https://github.com/lukaflpvc/YC-Vault/blob/1c86f32a981d479249496298f6bb746ff3c79efe/data/2025-04-21/YC_Companies.csv#L691,No name-only merge: source-row identity prevents conflating documented startup homonyms.
startup,yc-vault:2025-04-21:YC_Companies.csv:row:692,Mashgin,99ef61fa-6064-58e3-a258-eafcde8ac7cd,Mashgin,source_row_identity,1.0,https://github.com/lukaflpvc/YC-Vault/blob/1c86f32a981d479249496298f6bb746ff3c79efe/data/2025-04-21/YC_Companies.csv#L692,No name-only merge: source-row identity prevents conflating documented startup homonyms.
startup,yc-vault:2025-04-21:YC_Companies.csv:row:693,NimbleRx,b8b8e555-ae13-5df4-a3f0-ba403b105ceb,NimbleRx,source_row_identity,1.0,https://github.com/lukaflpvc/YC-Vault/blob/1c86f32a981d479249496298f6bb746ff3c79efe/data/2025-04-21/YC_Companies.csv#L693,No name-only merge: source-row identity prevents conflating documented startup homonyms.
startup,yc-vault:2025-04-21:YC_Companies.csv:row:694,Replika,98299246-f3a4-5675-bc63-8690e5f0a202,Replika,source_row_identity,1.0,https://github.com/lukaflpvc/YC-Vault/blob/1c86f32a981d479249496298f6bb746ff3c79efe/data/2025-04-21/YC_Companies.csv#L694,No name-only merge: source-row identity prevents conflating documented startup homonyms.
startup,yc-vault:2025-04-21:YC_Companies.csv:row:695,Tara AI,f9fd0d2e-f15c-569c-b577-97866e3b913e,Tara AI,source_row_identity,1.0,https://github.com/lukaflpvc/YC-Vault/blob/1c86f32a981d479249496298f6bb746ff3c79efe/data/2025-04-21/YC_Companies.csv#L695,No name-only merge: source-row identity prevents conflating documented startup homonyms.
startup,yc-vault:2025-04-21:YC_Companies.csv:row:697,X-Zell,4219032d-baa7-52c1-afd1-efa81dcd587e,X-Zell,source_row_identity,1.0,https://github.com/lukaflpvc/YC-Vault/blob/1c86f32a981d479249496298f6bb746ff3c79efe/data/2025-04-21/YC_Companies.csv#L697,No name-only merge: source-row identity prevents conflating documented startup homonyms.
startup,yc-vault:2025-04-21:YC_Companies.csv:row:698,Transcriptic,e7e7cff3-84d4-53b1-b28d-0f286b7a1da3,Transcriptic,source_row_identity,1.0,https://github.com/lukaflpvc/YC-Vault/blob/1c86f32a981d479249496298f6bb746ff3c79efe/data/2025-04-21/YC_Companies.csv#L698,No name-only merge: source-row identity prevents conflating documented startup homonyms.
startup,yc-vault:2025-04-21:YC_Companies.csv:row:699,Zenflow,31313cd2-cf84-582c-806c-b6abddd9f59a,Zenflow,source_row_identity,1.0,https://github.com/lukaflpvc/YC-Vault/blob/1c86f32a981d479249496298f6bb746ff3c79efe/data/2025-04-21/YC_Companies.csv#L699,No name-only merge: source-row identity prevents conflating documented startup homonyms.
startup,yc-vault:2025-04-21:YC_Companies.csv:row:700,Tab,2877c847-dbd3-5d3b-a714-0b0d134434c6,Tab,source_row_identity,1.0,https://github.com/lukaflpvc/YC-Vault/blob/1c86f32a981d479249496298f6bb746ff3c79efe/data/2025-04-21/YC_Companies.csv#L700,No name-only merge: source-row identity prevents conflating documented startup homonyms.
startup,yc-vault:2025-04-21:YC_Companies.csv:row:701,Priime,c80e4f7d-659a-55ac-ac38-756dc2ae8b38,Priime,source_row_identity,1.0,https://github.com/lukaflpvc/YC-Vault/blob/1c86f32a981d479249496298f6bb746ff3c79efe/data/2025-04-21/YC_Companies.csv#L701,No name-only merge: source-row identity prevents conflating documented startup homonyms.
startup,yc-vault:2025-04-21:YC_Companies.csv:row:702,Meadow,99dac1fd-59c4-5cc8-ad24-15252a028ca0,Meadow,source_row_identity,1.0,https://github.com/lukaflpvc/YC-Vault/blob/1c86f32a981d479249496298f6bb746ff3c79efe/data/2025-04-21/YC_Companies.csv#L702,No name-only merge: source-row identity prevents conflating documented startup homonyms.
startup,yc-vault:2025-04-21:YC_Companies.csv:row:703,Level Frames,896c6244-49ec-57aa-bf98-d911a2e35e80,Level Frames,source_row_identity,1.0,https://github.com/lukaflpvc/YC-Vault/blob/1c86f32a981d479249496298f6bb746ff3c79efe/data/2025-04-21/YC_Companies.csv#L703,No name-only merge: source-row identity prevents conflating documented startup homonyms.
startup,yc-vault:2025-04-21:YC_Companies.csv:row:704,Industrial Microbes,174e4993-2ea0-555e-9c85-5373cc839adf,Industrial Microbes,source_row_identity,1.0,https://github.com/lukaflpvc/YC-Vault/blob/1c86f32a981d479249496298f6bb746ff3c79efe/data/2025-04-21/YC_Companies.csv#L704,No name-only merge: source-row identity prevents conflating documented startup homonyms.
startup,yc-vault:2025-04-21:YC_Companies.csv:row:706,eBrandvalue,a4ecc30f-7508-5e94-bf0e-07f086f9297b,eBrandvalue,source_row_identity,1.0,https://github.com/lukaflpvc/YC-Vault/blob/1c86f32a981d479249496298f6bb746ff3c79efe/data/2025-04-21/YC_Companies.csv#L706,No name-only merge: source-row identity prevents conflating documented startup homonyms.
startup,yc-vault:2025-04-21:YC_Companies.csv:row:707,Quantierra,02a954e5-f5ed-5ba7-be77-9678728c4068,Quantierra,source_row_identity,1.0,https://github.com/lukaflpvc/YC-Vault/blob/1c86f32a981d479249496298f6bb746ff3c79efe/data/2025-04-21/YC_Companies.csv#L707,No name-only merge: source-row identity prevents conflating documented startup homonyms.
startup,yc-vault:2025-04-21:YC_Companies.csv:row:708,Cleanly,ec19eae9-2d25-5e2f-97b1-1ad08e20a120,Cleanly,source_row_identity,1.0,https://github.com/lukaflpvc/YC-Vault/blob/1c86f32a981d479249496298f6bb746ff3c79efe/data/2025-04-21/YC_Companies.csv#L708,No name-only merge: source-row identity prevents conflating documented startup homonyms.
startup,yc-vault:2025-04-21:YC_Companies.csv:row:709,Resolve,bdcacab3-7ad6-5027-8017-fc0c5e5d50bb,Resolve,source_row_identity,1.0,https://github.com/lukaflpvc/YC-Vault/blob/1c86f32a981d479249496298f6bb746ff3c79efe/data/2025-04-21/YC_Companies.csv#L709,No name-only merge: source-row identity prevents conflating documented startup homonyms.
startup,yc-vault:2025-04-21:YC_Companies.csv:row:710,Makrwatch,2bea5443-ed3b-5835-b664-24a6673678e0,Makrwatch,source_row_identity,1.0,https://github.com/lukaflpvc/YC-Vault/blob/1c86f32a981d479249496298f6bb746ff3c79efe/data/2025-04-21/YC_Companies.csv#L710,No name-only merge: source-row identity prevents conflating documented startup homonyms.
startup,yc-vault:2025-04-21:YC_Companies.csv:row:711,TeamNote,f78e2c79-3128-5596-b94c-f459d387e38d,TeamNote,source_row_identity,1.0,https://github.com/lukaflpvc/YC-Vault/blob/1c86f32a981d479249496298f6bb746ff3c79efe/data/2025-04-21/YC_Companies.csv#L711,No name-only merge: source-row identity prevents conflating documented startup homonyms.
startup,yc-vault:2025-04-21:YC_Companies.csv:row:712,Tempo,14425396-de87-5dd9-acfc-1158477bce24,Tempo,source_row_identity,1.0,https://github.com/lukaflpvc/YC-Vault/blob/1c86f32a981d479249496298f6bb746ff3c79efe/data/2025-04-21/YC_Companies.csv#L712,No name-only merge: source-row identity prevents conflating documented startup homonyms.
startup,yc-vault:2025-04-21:YC_Companies.csv:row:713,SIRUM,b38cba18-ea3f-544a-8799-f00e8f8ac487,SIRUM,source_row_identity,1.0,https://github.com/lukaflpvc/YC-Vault/blob/1c86f32a981d479249496298f6bb746ff3c79efe/data/2025-04-21/YC_Companies.csv#L713,No name-only merge: source-row identity prevents conflating documented startup homonyms.
startup,yc-vault:2025-04-21:YC_Companies.csv:row:714,Sails Co.,367dc447-c4f3-5892-965f-5b7f1b8892fc,Sails Co.,source_row_identity,1.0,https://github.com/lukaflpvc/YC-Vault/blob/1c86f32a981d479249496298f6bb746ff3c79efe/data/2025-04-21/YC_Companies.csv#L714,No name-only merge: source-row identity prevents conflating documented startup homonyms.
startup,yc-vault:2025-04-21:YC_Companies.csv:row:715,ReadMe,fbb9646f-3e3a-51e5-96b9-a6aedf9c513f,ReadMe,source_row_identity,1.0,https://github.com/lukaflpvc/YC-Vault/blob/1c86f32a981d479249496298f6bb746ff3c79efe/data/2025-04-21/YC_Companies.csv#L715,No name-only merge: source-row identity prevents conflating documented startup homonyms.
startup,yc-vault:2025-04-21:YC_Companies.csv:row:716,BuildScience,e425d181-1824-51f6-98ac-a13b5097fad0,BuildScience,source_row_identity,1.0,https://github.com/lukaflpvc/YC-Vault/blob/1c86f32a981d479249496298f6bb746ff3c79efe/data/2025-04-21/YC_Companies.csv#L716,No name-only merge: source-row identity prevents conflating documented startup homonyms.
startup,yc-vault:2025-04-21:YC_Companies.csv:row:717,Platzi,92a31d35-5111-52c7-9867-8eb68f80b339,Platzi,source_row_identity,1.0,https://github.com/lukaflpvc/YC-Vault/blob/1c86f32a981d479249496298f6bb746ff3c79efe/data/2025-04-21/YC_Companies.csv#L717,No name-only merge: source-row identity prevents conflating documented startup homonyms.
startup,yc-vault:2025-04-21:YC_Companies.csv:row:718,Labdoor,e476563f-d938-5b7e-9c5c-7243a9ab9603,Labdoor,source_row_identity,1.0,https://github.com/lukaflpvc/YC-Vault/blob/1c86f32a981d479249496298f6bb746ff3c79efe/data/2025-04-21/YC_Companies.csv#L718,No name-only merge: source-row identity prevents conflating documented startup homonyms.
startup,yc-vault:2025-04-21:YC_Companies.csv:row:719,GiveMeTap,7c7415c2-4cc5-5812-a876-17b657726762,GiveMeTap,source_row_identity,1.0,https://github.com/lukaflpvc/YC-Vault/blob/1c86f32a981d479249496298f6bb746ff3c79efe/data/2025-04-21/YC_Companies.csv#L719,No name-only merge: source-row identity prevents conflating documented startup homonyms.
startup,yc-vault:2025-04-21:YC_Companies.csv:row:720,Bankjoy,7a6469b6-aa90-5a93-836e-79cffbfd6e6d,Bankjoy,source_row_identity,1.0,https://github.com/lukaflpvc/YC-Vault/blob/1c86f32a981d479249496298f6bb746ff3c79efe/data/2025-04-21/YC_Companies.csv#L720,No name-only merge: source-row identity prevents conflating documented startup homonyms.
startup,yc-vault:2025-04-21:YC_Companies.csv:row:721,Zeitview,1461dcd3-7501-5310-ba53-3e577bc13629,Zeitview,source_row_identity,1.0,https://github.com/lukaflpvc/YC-Vault/blob/1c86f32a981d479249496298f6bb746ff3c79efe/data/2025-04-21/YC_Companies.csv#L721,No name-only merge: source-row identity prevents conflating documented startup homonyms.
startup,yc-vault:2025-04-21:YC_Companies.csv:row:722,The Human Utility,faab7388-823c-5e58-adaa-7502f85dac21,The Human Utility,source_row_identity,1.0,https://github.com/lukaflpvc/YC-Vault/blob/1c86f32a981d479249496298f6bb746ff3c79efe/data/2025-04-21/YC_Companies.csv#L722,No name-only merge: source-row identity prevents conflating documented startup homonyms.
startup,yc-vault:2025-04-21:YC_Companies.csv:row:723,Democracy Earth,a98f7e2b-d852-5a7e-829c-0afd335227ac,Democracy Earth,source_row_identity,1.0,https://github.com/lukaflpvc/YC-Vault/blob/1c86f32a981d479249496298f6bb746ff3c79efe/data/2025-04-21/YC_Companies.csv#L723,No name-only merge: source-row identity prevents conflating documented startup homonyms.
startup,yc-vault:2025-04-21:YC_Companies.csv:row:724,Atomwise,c594b570-f640-5dc5-9927-9e93abe41efa,Atomwise,source_row_identity,1.0,https://github.com/lukaflpvc/YC-Vault/blob/1c86f32a981d479249496298f6bb746ff3c79efe/data/2025-04-21/YC_Companies.csv#L724,No name-only merge: source-row identity prevents conflating documented startup homonyms.
startup,yc-vault:2025-04-21:YC_Companies.csv:row:725,Bright,cc661c19-fde3-5201-a27d-965ab998c3dd,Bright,source_row_identity,1.0,https://github.com/lukaflpvc/YC-Vault/blob/1c86f32a981d479249496298f6bb746ff3c79efe/data/2025-04-21/YC_Companies.csv#L725,No name-only merge: source-row identity prevents conflating documented startup homonyms.
startup,yc-vault:2025-04-21:YC_Companies.csv:row:726,Magic,9788c224-b867-5440-8fd4-2efd06e084cd,Magic,source_row_identity,1.0,https://github.com/lukaflpvc/YC-Vault/blob/1c86f32a981d479249496298f6bb746ff3c79efe/data/2025-04-21/YC_Companies.csv#L726,No name-only merge: source-row identity prevents conflating documented startup homonyms.
startup,yc-vault:2025-04-21:YC_Companies.csv:row:727,Mezmo,b35fcf3a-8a23-599e-b3da-cc5e1633f6ee,Mezmo,source_row_identity,1.0,https://github.com/lukaflpvc/YC-Vault/blob/1c86f32a981d479249496298f6bb746ff3c79efe/data/2025-04-21/YC_Companies.csv#L727,No name-only merge: source-row identity prevents conflating documented startup homonyms.
startup,yc-vault:2025-04-21:YC_Companies.csv:row:728,Akido Labs,c4d86460-536d-5a6c-8fef-f92894e088fd,Akido Labs,source_row_identity,1.0,https://github.com/lukaflpvc/YC-Vault/blob/1c86f32a981d479249496298f6bb746ff3c79efe/data/2025-04-21/YC_Companies.csv#L728,No name-only merge: source-row identity prevents conflating documented startup homonyms.
startup,yc-vault:2025-04-21:YC_Companies.csv:row:729,Qventus,4da06366-5f40-5795-8685-8d1bcdad2f2e,Qventus,source_row_identity,1.0,https://github.com/lukaflpvc/YC-Vault/blob/1c86f32a981d479249496298f6bb746ff3c79efe/data/2025-04-21/YC_Companies.csv#L729,No name-only merge: source-row identity prevents conflating documented startup homonyms.
startup,yc-vault:2025-04-21:YC_Companies.csv:row:730,DemocracyOS,17cc6ace-0ccc-53d4-b94e-91c598ea6cc2,DemocracyOS,source_row_identity,1.0,https://github.com/lukaflpvc/YC-Vault/blob/1c86f32a981d479249496298f6bb746ff3c79efe/data/2025-04-21/YC_Companies.csv#L730,No name-only merge: source-row identity prevents conflating documented startup homonyms.
startup,yc-vault:2025-04-21:YC_Companies.csv:row:731,Lumi,baf40c6a-9cf3-52f8-93df-8fe2fdb19b4d,Lumi,source_row_identity,1.0,https://github.com/lukaflpvc/YC-Vault/blob/1c86f32a981d479249496298f6bb746ff3c79efe/data/2025-04-21/YC_Companies.csv#L731,No name-only merge: source-row identity prevents conflating documented startup homonyms.
startup,yc-vault:2025-04-21:YC_Companies.csv:row:732,Spire Health,6e0b69c8-0732-51a4-9098-c99ebd921031,Spire Health,source_row_identity,1.0,https://github.com/lukaflpvc/YC-Vault/blob/1c86f32a981d479249496298f6bb746ff3c79efe/data/2025-04-21/YC_Companies.csv#L732,No name-only merge: source-row identity prevents conflating documented startup homonyms.
startup,yc-vault:2025-04-21:YC_Companies.csv:row:733,Chariot,bed4602b-ac33-56b0-80ec-58e01be2d900,Chariot,source_row_identity,1.0,https://github.com/lukaflpvc/YC-Vault/blob/1c86f32a981d479249496298f6bb746ff3c79efe/data/2025-04-21/YC_Companies.csv#L733,No name-only merge: source-row identity prevents conflating documented startup homonyms.
startup,yc-vault:2025-04-21:YC_Companies.csv:row:734,Raven Tech,f1aacbdc-c228-5f7f-af53-2ec4fa6b3a35,Raven Tech,source_row_identity,1.0,https://github.com/lukaflpvc/YC-Vault/blob/1c86f32a981d479249496298f6bb746ff3c79efe/data/2025-04-21/YC_Companies.csv#L734,No name-only merge: source-row identity prevents conflating documented startup homonyms.
startup,yc-vault:2025-04-21:YC_Companies.csv:row:735,Vanhawks,eb0f839d-e237-5d01-b141-e455d8feb815,Vanhawks,source_row_identity,1.0,https://github.com/lukaflpvc/YC-Vault/blob/1c86f32a981d479249496298f6bb746ff3c79efe/data/2025-04-21/YC_Companies.csv#L735,No name-only merge: source-row identity prevents conflating documented startup homonyms.
startup,yc-vault:2025-04-21:YC_Companies.csv:row:736,Valor Water Analytics,57d5e358-8dde-58d3-b535-e4d9323086c8,Valor Water Analytics,source_row_identity,1.0,https://github.com/lukaflpvc/YC-Vault/blob/1c86f32a981d479249496298f6bb746ff3c79efe/data/2025-04-21/YC_Companies.csv#L736,No name-only merge: source-row identity prevents conflating documented startup homonyms.
startup,yc-vault:2025-04-21:YC_Companies.csv:row:737,SigOpt,0498e6ff-9297-53b4-ac6f-e66ac0558bf1,SigOpt,source_row_identity,1.0,https://github.com/lukaflpvc/YC-Vault/blob/1c86f32a981d479249496298f6bb746ff3c79efe/data/2025-04-21/YC_Companies.csv#L737,No name-only merge: source-row identity prevents conflating documented startup homonyms.
startup,yc-vault:2025-04-21:YC_Companies.csv:row:738,Seed,db8e8ae4-2153-5f2a-bf34-b37ece26bbd3,Seed,source_row_identity,1.0,https://github.com/lukaflpvc/YC-Vault/blob/1c86f32a981d479249496298f6bb746ff3c79efe/data/2025-04-21/YC_Companies.csv#L738,No name-only merge: source-row identity prevents conflating documented startup homonyms.
startup,yc-vault:2025-04-21:YC_Companies.csv:row:740,Popular Pays,d554b8c2-d1d4-5120-8b00-c8f516ec3de7,Popular Pays,source_row_identity,1.0,https://github.com/lukaflpvc/YC-Vault/blob/1c86f32a981d479249496298f6bb746ff3c79efe/data/2025-04-21/YC_Companies.csv#L740,No name-only merge: source-row identity prevents conflating documented startup homonyms.
startup,yc-vault:2025-04-21:YC_Companies.csv:row:741,Outbound,95fc55a2-8b1f-5042-98e0-a13ea3c47f68,Outbound,source_row_identity,1.0,https://github.com/lukaflpvc/YC-Vault/blob/1c86f32a981d479249496298f6bb746ff3c79efe/data/2025-04-21/YC_Companies.csv#L741,No name-only merge: source-row identity prevents conflating documented startup homonyms.
startup,yc-vault:2025-04-21:YC_Companies.csv:row:742,Moltin,dfd4927e-9d40-5102-b338-e8442cc21f1e,Moltin,source_row_identity,1.0,https://github.com/lukaflpvc/YC-Vault/blob/1c86f32a981d479249496298f6bb746ff3c79efe/data/2025-04-21/YC_Companies.csv#L742,No name-only merge: source-row identity prevents conflating documented startup homonyms.
startup,yc-vault:2025-04-21:YC_Companies.csv:row:743,NexTravel,c9200f8b-2c2e-50dd-a3b0-2f0968edde5a,NexTravel,source_row_identity,1.0,https://github.com/lukaflpvc/YC-Vault/blob/1c86f32a981d479249496298f6bb746ff3c79efe/data/2025-04-21/YC_Companies.csv#L743,No name-only merge: source-row identity prevents conflating documented startup homonyms.
startup,yc-vault:2025-04-21:YC_Companies.csv:row:744,WayUp,9ab1b920-2703-51de-965b-b1b43914211c,WayUp,source_row_identity,1.0,https://github.com/lukaflpvc/YC-Vault/blob/1c86f32a981d479249496298f6bb746ff3c79efe/data/2025-04-21/YC_Companies.csv#L744,No name-only merge: source-row identity prevents conflating documented startup homonyms.
startup,yc-vault:2025-04-21:YC_Companies.csv:row:745,Bonfire,7cd427a2-682b-5aab-abce-6516c7ff360d,Bonfire,source_row_identity,1.0,https://github.com/lukaflpvc/YC-Vault/blob/1c86f32a981d479249496298f6bb746ff3c79efe/data/2025-04-21/YC_Companies.csv#L745,No name-only merge: source-row identity prevents conflating documented startup homonyms.
startup,yc-vault:2025-04-21:YC_Companies.csv:row:747,YesGraph,0678a687-25f6-58f8-8ab2-1a284fb0f9b2,YesGraph,source_row_identity,1.0,https://github.com/lukaflpvc/YC-Vault/blob/1c86f32a981d479249496298f6bb746ff3c79efe/data/2025-04-21/YC_Companies.csv#L747,No name-only merge: source-row identity prevents conflating documented startup homonyms.
startup,yc-vault:2025-04-21:YC_Companies.csv:row:748,Vest,e209f3fa-ffdf-5084-8040-a9f02977748b,Vest,source_row_identity,1.0,https://github.com/lukaflpvc/YC-Vault/blob/1c86f32a981d479249496298f6bb746ff3c79efe/data/2025-04-21/YC_Companies.csv#L748,No name-only merge: source-row identity prevents conflating documented startup homonyms.
startup,yc-vault:2025-04-21:YC_Companies.csv:row:749,Remix,8dfc5ea8-1fa9-56db-b8af-0d078ecd288c,Remix,source_row_identity,1.0,https://github.com/lukaflpvc/YC-Vault/blob/1c86f32a981d479249496298f6bb746ff3c79efe/data/2025-04-21/YC_Companies.csv#L749,No name-only merge: source-row identity prevents conflating documented startup homonyms.
startup,yc-vault:2025-04-21:YC_Companies.csv:row:750,Mobydish,566d24bc-5872-582f-822f-3063253c8b69,Mobydish,source_row_identity,1.0,https://github.com/lukaflpvc/YC-Vault/blob/1c86f32a981d479249496298f6bb746ff3c79efe/data/2025-04-21/YC_Companies.csv#L750,No name-only merge: source-row identity prevents conflating documented startup homonyms.
startup,yc-vault:2025-04-21:YC_Companies.csv:row:751,Smarking,52d560e2-9b89-5559-8ced-4059e722d1e4,Smarking,source_row_identity,1.0,https://github.com/lukaflpvc/YC-Vault/blob/1c86f32a981d479249496298f6bb746ff3c79efe/data/2025-04-21/YC_Companies.csv#L751,No name-only merge: source-row identity prevents conflating documented startup homonyms.
startup,yc-vault:2025-04-21:YC_Companies.csv:row:752,Shift Labs,45daa21b-ee84-55f0-ac74-0346089bacb2,Shift Labs,source_row_identity,1.0,https://github.com/lukaflpvc/YC-Vault/blob/1c86f32a981d479249496298f6bb746ff3c79efe/data/2025-04-21/YC_Companies.csv#L752,No name-only merge: source-row identity prevents conflating documented startup homonyms.
startup,yc-vault:2025-04-21:YC_Companies.csv:row:753,Paperspace,0077fe77-9390-5010-b00c-3bc6154c2048,Paperspace,source_row_identity,1.0,https://github.com/lukaflpvc/YC-Vault/blob/1c86f32a981d479249496298f6bb746ff3c79efe/data/2025-04-21/YC_Companies.csv#L753,No name-only merge: source-row identity prevents conflating documented startup homonyms.
startup,yc-vault:2025-04-21:YC_Companies.csv:row:754,Pachyderm,4fe66d49-2d1a-5337-8fdf-3f38e4faeb57,Pachyderm,source_row_identity,1.0,https://github.com/lukaflpvc/YC-Vault/blob/1c86f32a981d479249496298f6bb746ff3c79efe/data/2025-04-21/YC_Companies.csv#L754,No name-only merge: source-row identity prevents conflating documented startup homonyms.
startup,yc-vault:2025-04-21:YC_Companies.csv:row:755,Open Listings,93fb44dc-2e67-5e45-a97d-17d4cf78c625,Open Listings,source_row_identity,1.0,https://github.com/lukaflpvc/YC-Vault/blob/1c86f32a981d479249496298f6bb746ff3c79efe/data/2025-04-21/YC_Companies.csv#L755,No name-only merge: source-row identity prevents conflating documented startup homonyms.
startup,yc-vault:2025-04-21:YC_Companies.csv:row:756,HigherMe,43618a62-8fd5-59c0-b255-22c85f1fa225,HigherMe,source_row_identity,1.0,https://github.com/lukaflpvc/YC-Vault/blob/1c86f32a981d479249496298f6bb746ff3c79efe/data/2025-04-21/YC_Companies.csv#L756,No name-only merge: source-row identity prevents conflating documented startup homonyms.
startup,yc-vault:2025-04-21:YC_Companies.csv:row:757,WorkLife,a8a8426b-4487-5ad6-ab6a-a2a2d14f8a15,WorkLife,source_row_identity,1.0,https://github.com/lukaflpvc/YC-Vault/blob/1c86f32a981d479249496298f6bb746ff3c79efe/data/2025-04-21/YC_Companies.csv#L757,No name-only merge: source-row identity prevents conflating documented startup homonyms.
startup,yc-vault:2025-04-21:YC_Companies.csv:row:758,CyberFend,ec8355b2-b8db-54d1-9a6a-23035a9862d7,CyberFend,source_row_identity,1.0,https://github.com/lukaflpvc/YC-Vault/blob/1c86f32a981d479249496298f6bb746ff3c79efe/data/2025-04-21/YC_Companies.csv#L758,No name-only merge: source-row identity prevents conflating documented startup homonyms.
startup,yc-vault:2025-04-21:YC_Companies.csv:row:759,Bluesmart,620aa5a7-0984-5ef3-8583-3191b147f729,Bluesmart,source_row_identity,1.0,https://github.com/lukaflpvc/YC-Vault/blob/1c86f32a981d479249496298f6bb746ff3c79efe/data/2025-04-21/YC_Companies.csv#L759,No name-only merge: source-row identity prevents conflating documented startup homonyms.
startup,yc-vault:2025-04-21:YC_Companies.csv:row:760,Bizzy,9dd1eed8-cb72-54fe-9cf2-b8a8f7f2bce8,Bizzy,source_row_identity,1.0,https://github.com/lukaflpvc/YC-Vault/blob/1c86f32a981d479249496298f6bb746ff3c79efe/data/2025-04-21/YC_Companies.csv#L760,No name-only merge: source-row identity prevents conflating documented startup homonyms.
startup,yc-vault:2025-04-21:YC_Companies.csv:row:761,Smyte,d8fab991-6198-538b-b1c1-4176ce821b86,Smyte,source_row_identity,1.0,https://github.com/lukaflpvc/YC-Vault/blob/1c86f32a981d479249496298f6bb746ff3c79efe/data/2025-04-21/YC_Companies.csv#L761,No name-only merge: source-row identity prevents conflating documented startup homonyms.
startup,yc-vault:2025-04-21:YC_Companies.csv:row:762,Tech in Asia,49b06d57-834b-5265-9173-68a5f3d394ff,Tech in Asia,source_row_identity,1.0,https://github.com/lukaflpvc/YC-Vault/blob/1c86f32a981d479249496298f6bb746ff3c79efe/data/2025-04-21/YC_Companies.csv#L762,No name-only merge: source-row identity prevents conflating documented startup homonyms.
startup,yc-vault:2025-04-21:YC_Companies.csv:row:763,Pomello,53cebb35-409b-56f0-8c45-9fb1b81d642e,Pomello,source_row_identity,1.0,https://github.com/lukaflpvc/YC-Vault/blob/1c86f32a981d479249496298f6bb746ff3c79efe/data/2025-04-21/YC_Companies.csv#L763,No name-only merge: source-row identity prevents conflating documented startup homonyms.
startup,yc-vault:2025-04-21:YC_Companies.csv:row:764,Final,cf3f6436-e6a9-5cf3-9977-ca2f6a05a66f,Final,source_row_identity,1.0,https://github.com/lukaflpvc/YC-Vault/blob/1c86f32a981d479249496298f6bb746ff3c79efe/data/2025-04-21/YC_Companies.csv#L764,No name-only merge: source-row identity prevents conflating documented startup homonyms.
startup,yc-vault:2025-04-21:YC_Companies.csv:row:765,ThinAir,7e18fcc4-5fa6-5795-9ea0-4b8e3901832a,ThinAir,source_row_identity,1.0,https://github.com/lukaflpvc/YC-Vault/blob/1c86f32a981d479249496298f6bb746ff3c79efe/data/2025-04-21/YC_Companies.csv#L765,No name-only merge: source-row identity prevents conflating documented startup homonyms.
startup,yc-vault:2025-04-21:YC_Companies.csv:row:766,Nomiku,984ceebb-0db0-5266-8f50-0520f06e5e7b,Nomiku,source_row_identity,1.0,https://github.com/lukaflpvc/YC-Vault/blob/1c86f32a981d479249496298f6bb746ff3c79efe/data/2025-04-21/YC_Companies.csv#L766,No name-only merge: source-row identity prevents conflating documented startup homonyms.
startup,yc-vault:2025-04-21:YC_Companies.csv:row:767,Automate Ads,693bc91a-3a26-5f22-8ee2-01e66e2cc660,Automate Ads,source_row_identity,1.0,https://github.com/lukaflpvc/YC-Vault/blob/1c86f32a981d479249496298f6bb746ff3c79efe/data/2025-04-21/YC_Companies.csv#L767,No name-only merge: source-row identity prevents conflating documented startup homonyms.
startup,yc-vault:2025-04-21:YC_Companies.csv:row:768,Lully,b124fbed-7b72-5945-b04e-8fd4110aa1a8,Lully,source_row_identity,1.0,https://github.com/lukaflpvc/YC-Vault/blob/1c86f32a981d479249496298f6bb746ff3c79efe/data/2025-04-21/YC_Companies.csv#L768,No name-only merge: source-row identity prevents conflating documented startup homonyms.
startup,yc-vault:2025-04-21:YC_Companies.csv:row:769,Bagaveev Corporation,f1a1ff30-b2f9-5446-a474-555a2d54bfb6,Bagaveev Corporation,source_row_identity,1.0,https://github.com/lukaflpvc/YC-Vault/blob/1c86f32a981d479249496298f6bb746ff3c79efe/data/2025-04-21/YC_Companies.csv#L769,No name-only merge: source-row identity prevents conflating documented startup homonyms.
startup,yc-vault:2025-04-21:YC_Companies.csv:row:770,Wink Health,b6bf7645-5021-5c80-93a8-375efa56c655,Wink Health,source_row_identity,1.0,https://github.com/lukaflpvc/YC-Vault/blob/1c86f32a981d479249496298f6bb746ff3c79efe/data/2025-04-21/YC_Companies.csv#L770,No name-only merge: source-row identity prevents conflating documented startup homonyms.
startup,yc-vault:2025-04-21:YC_Companies.csv:row:771,VetPronto,914f6056-33b3-5498-a6fb-30f668fd0b4c,VetPronto,source_row_identity,1.0,https://github.com/lukaflpvc/YC-Vault/blob/1c86f32a981d479249496298f6bb746ff3c79efe/data/2025-04-21/YC_Companies.csv#L771,No name-only merge: source-row identity prevents conflating documented startup homonyms.
startup,yc-vault:2025-04-21:YC_Companies.csv:row:772,Standard Cyborg,3878d863-32a5-5471-b579-0846ca39e42f,Standard Cyborg,source_row_identity,1.0,https://github.com/lukaflpvc/YC-Vault/blob/1c86f32a981d479249496298f6bb746ff3c79efe/data/2025-04-21/YC_Companies.csv#L772,No name-only merge: source-row identity prevents conflating documented startup homonyms.
startup,yc-vault:2025-04-21:YC_Companies.csv:row:773,Spoil,2d293689-f6eb-58dd-b12e-913ac89cbbc0,Spoil,source_row_identity,1.0,https://github.com/lukaflpvc/YC-Vault/blob/1c86f32a981d479249496298f6bb746ff3c79efe/data/2025-04-21/YC_Companies.csv#L773,No name-only merge: source-row identity prevents conflating documented startup homonyms.
startup,yc-vault:2025-04-21:YC_Companies.csv:row:775,Pigeonly,46ff97dd-915a-513e-8d27-e19c1ad8347c,Pigeonly,source_row_identity,1.0,https://github.com/lukaflpvc/YC-Vault/blob/1c86f32a981d479249496298f6bb746ff3c79efe/data/2025-04-21/YC_Companies.csv#L775,No name-only merge: source-row identity prevents conflating documented startup homonyms.
startup,yc-vault:2025-04-21:YC_Companies.csv:row:776,Dabble,ca56b043-d77e-51a5-b9a0-c6e383d5a525,Dabble,source_row_identity,1.0,https://github.com/lukaflpvc/YC-Vault/blob/1c86f32a981d479249496298f6bb746ff3c79efe/data/2025-04-21/YC_Companies.csv#L776,No name-only merge: source-row identity prevents conflating documented startup homonyms.
startup,yc-vault:2025-04-21:YC_Companies.csv:row:777,Cinder,f3269a90-b742-57d8-9349-21b6f3963aee,Cinder,source_row_identity,1.0,https://github.com/lukaflpvc/YC-Vault/blob/1c86f32a981d479249496298f6bb746ff3c79efe/data/2025-04-21/YC_Companies.csv#L777,No name-only merge: source-row identity prevents conflating documented startup homonyms.
startup,yc-vault:2025-04-21:YC_Companies.csv:row:778,Nextop,1faadcd9-0f7b-5fd9-9ab3-c4ee70230396,Nextop,source_row_identity,1.0,https://github.com/lukaflpvc/YC-Vault/blob/1c86f32a981d479249496298f6bb746ff3c79efe/data/2025-04-21/YC_Companies.csv#L778,No name-only merge: source-row identity prevents conflating documented startup homonyms.
startup,yc-vault:2025-04-21:YC_Companies.csv:row:779,Glassjar,94dd8d31-736d-5bef-a03c-93df16abfdb8,Glassjar,source_row_identity,1.0,https://github.com/lukaflpvc/YC-Vault/blob/1c86f32a981d479249496298f6bb746ff3c79efe/data/2025-04-21/YC_Companies.csv#L779,No name-only merge: source-row identity prevents conflating documented startup homonyms.
startup,yc-vault:2025-04-21:YC_Companies.csv:row:780,Dealyze,dbcaa1cd-fd22-519e-a75f-71044594fb79,Dealyze,source_row_identity,1.0,https://github.com/lukaflpvc/YC-Vault/blob/1c86f32a981d479249496298f6bb746ff3c79efe/data/2025-04-21/YC_Companies.csv#L780,No name-only merge: source-row identity prevents conflating documented startup homonyms.
startup,yc-vault:2025-04-21:YC_Companies.csv:row:781,Underground Cellar,729c0604-f841-5e7a-99a6-1a5e516bc968,Underground Cellar,source_row_identity,1.0,https://github.com/lukaflpvc/YC-Vault/blob/1c86f32a981d479249496298f6bb746ff3c79efe/data/2025-04-21/YC_Companies.csv#L781,No name-only merge: source-row identity prevents conflating documented startup homonyms.
startup,yc-vault:2025-04-21:YC_Companies.csv:row:782,Rare Door,6f070dfe-9528-5588-b570-836995ebdc88,Rare Door,source_row_identity,1.0,https://github.com/lukaflpvc/YC-Vault/blob/1c86f32a981d479249496298f6bb746ff3c79efe/data/2025-04-21/YC_Companies.csv#L782,No name-only merge: source-row identity prevents conflating documented startup homonyms.
startup,yc-vault:2025-04-21:YC_Companies.csv:row:783,Shift Messenger,a726dfeb-f7a3-5171-92d3-df4250872ab1,Shift Messenger,source_row_identity,1.0,https://github.com/lukaflpvc/YC-Vault/blob/1c86f32a981d479249496298f6bb746ff3c79efe/data/2025-04-21/YC_Companies.csv#L783,No name-only merge: source-row identity prevents conflating documented startup homonyms.
startup,yc-vault:2025-04-21:YC_Companies.csv:row:785,Pakible,c94c80da-4b1c-5c46-9d47-ee74b1f9e5a0,Pakible,source_row_identity,1.0,https://github.com/lukaflpvc/YC-Vault/blob/1c86f32a981d479249496298f6bb746ff3c79efe/data/2025-04-21/YC_Companies.csv#L785,No name-only merge: source-row identity prevents conflating documented startup homonyms.
startup,yc-vault:2025-04-21:YC_Companies.csv:row:786,Omniref,994c29e6-06d6-5628-9f23-03c1aca69e6d,Omniref,source_row_identity,1.0,https://github.com/lukaflpvc/YC-Vault/blob/1c86f32a981d479249496298f6bb746ff3c79efe/data/2025-04-21/YC_Companies.csv#L786,No name-only merge: source-row identity prevents conflating documented startup homonyms.
startup,yc-vault:2025-04-21:YC_Companies.csv:row:787,Kickpay,5f79ba62-d971-500d-b466-9ae12dfa64a1,Kickpay,source_row_identity,1.0,https://github.com/lukaflpvc/YC-Vault/blob/1c86f32a981d479249496298f6bb746ff3c79efe/data/2025-04-21/YC_Companies.csv#L787,No name-only merge: source-row identity prevents conflating documented startup homonyms.
startup,yc-vault:2025-04-21:YC_Companies.csv:row:788,Instavest,0b4aeb36-ccf5-592a-90e2-1a66f53c8bb9,Instavest,source_row_identity,1.0,https://github.com/lukaflpvc/YC-Vault/blob/1c86f32a981d479249496298f6bb746ff3c79efe/data/2025-04-21/YC_Companies.csv#L788,No name-only merge: source-row identity prevents conflating documented startup homonyms.
startup,yc-vault:2025-04-21:YC_Companies.csv:row:789,GroupAhead,71b3eba1-a64c-5c4e-86b6-58d740f4bc4c,GroupAhead,source_row_identity,1.0,https://github.com/lukaflpvc/YC-Vault/blob/1c86f32a981d479249496298f6bb746ff3c79efe/data/2025-04-21/YC_Companies.csv#L789,No name-only merge: source-row identity prevents conflating documented startup homonyms.
startup,yc-vault:2025-04-21:YC_Companies.csv:row:790,SparkGift,e8cc5956-02ae-53d1-a424-a7e4c982ecf7,SparkGift,source_row_identity,1.0,https://github.com/lukaflpvc/YC-Vault/blob/1c86f32a981d479249496298f6bb746ff3c79efe/data/2025-04-21/YC_Companies.csv#L790,No name-only merge: source-row identity prevents conflating documented startup homonyms.
startup,yc-vault:2025-04-21:YC_Companies.csv:row:791,Cribspot,f01583b7-f305-5d0c-916e-e644c45e2391,Cribspot,source_row_identity,1.0,https://github.com/lukaflpvc/YC-Vault/blob/1c86f32a981d479249496298f6bb746ff3c79efe/data/2025-04-21/YC_Companies.csv#L791,No name-only merge: source-row identity prevents conflating documented startup homonyms.
startup,yc-vault:2025-04-21:YC_Companies.csv:row:793,20n,24575d30-9f93-577c-9319-4b33d07786de,20n,source_row_identity,1.0,https://github.com/lukaflpvc/YC-Vault/blob/1c86f32a981d479249496298f6bb746ff3c79efe/data/2025-04-21/YC_Companies.csv#L793,No name-only merge: source-row identity prevents conflating documented startup homonyms.
startup,yc-vault:2025-04-21:YC_Companies.csv:row:794,3dot,cf3ac6f9-1443-5918-a663-1e024a3d9d95,3dot,source_row_identity,1.0,https://github.com/lukaflpvc/YC-Vault/blob/1c86f32a981d479249496298f6bb746ff3c79efe/data/2025-04-21/YC_Companies.csv#L794,No name-only merge: source-row identity prevents conflating documented startup homonyms.
startup,yc-vault:2025-04-21:YC_Companies.csv:row:795,Direct Match,b71866a0-051d-50ca-a038-60caa894b90e,Direct Match,source_row_identity,1.0,https://github.com/lukaflpvc/YC-Vault/blob/1c86f32a981d479249496298f6bb746ff3c79efe/data/2025-04-21/YC_Companies.csv#L795,No name-only merge: source-row identity prevents conflating documented startup homonyms.
startup,yc-vault:2025-04-21:YC_Companies.csv:row:796,Go1,1dfd4f7a-391d-5c5d-b09f-1b982a2017b0,Go1,source_row_identity,1.0,https://github.com/lukaflpvc/YC-Vault/blob/1c86f32a981d479249496298f6bb746ff3c79efe/data/2025-04-21/YC_Companies.csv#L796,No name-only merge: source-row identity prevents conflating documented startup homonyms.
startup,yc-vault:2025-04-21:YC_Companies.csv:row:797,OpenInvest,4818c090-7c57-5f7e-8df9-0a1f2b5ac04a,OpenInvest,source_row_identity,1.0,https://github.com/lukaflpvc/YC-Vault/blob/1c86f32a981d479249496298f6bb746ff3c79efe/data/2025-04-21/YC_Companies.csv#L797,No name-only merge: source-row identity prevents conflating documented startup homonyms.
startup,yc-vault:2025-04-21:YC_Companies.csv:row:798,Scentbird,041c46d0-c993-5684-842d-ef0102c9c080,Scentbird,source_row_identity,1.0,https://github.com/lukaflpvc/YC-Vault/blob/1c86f32a981d479249496298f6bb746ff3c79efe/data/2025-04-21/YC_Companies.csv#L798,No name-only merge: source-row identity prevents conflating documented startup homonyms.
startup,yc-vault:2025-04-21:YC_Companies.csv:row:799,Human Interest,1d95c3d0-854c-5963-ac01-f5c435ae50f6,Human Interest,source_row_identity,1.0,https://github.com/lukaflpvc/YC-Vault/blob/1c86f32a981d479249496298f6bb746ff3c79efe/data/2025-04-21/YC_Companies.csv#L799,No name-only merge: source-row identity prevents conflating documented startup homonyms.
startup,yc-vault:2025-04-21:YC_Companies.csv:row:800,Flirtey (SkyDrop),c1abbde2-993e-5993-a7f1-d31fd886414d,Flirtey (SkyDrop),source_row_identity,1.0,https://github.com/lukaflpvc/YC-Vault/blob/1c86f32a981d479249496298f6bb746ff3c79efe/data/2025-04-21/YC_Companies.csv#L800,No name-only merge: source-row identity prevents conflating documented startup homonyms.
startup,yc-vault:2025-04-21:YC_Companies.csv:row:801,Eight Sleep,a85ce68b-82dc-5f19-8548-b14ae8fe15c6,Eight Sleep,source_row_identity,1.0,https://github.com/lukaflpvc/YC-Vault/blob/1c86f32a981d479249496298f6bb746ff3c79efe/data/2025-04-21/YC_Companies.csv#L801,No name-only merge: source-row identity prevents conflating documented startup homonyms.
startup,yc-vault:2025-04-21:YC_Companies.csv:row:802,Instawork,4a9fc53d-fecf-5f79-8c0c-214874c894aa,Instawork,source_row_identity,1.0,https://github.com/lukaflpvc/YC-Vault/blob/1c86f32a981d479249496298f6bb746ff3c79efe/data/2025-04-21/YC_Companies.csv#L802,No name-only merge: source-row identity prevents conflating documented startup homonyms.
startup,yc-vault:2025-04-21:YC_Companies.csv:row:803,Cofactor Genomics,602a7a06-5666-5a43-ab40-004fb53aeb83,Cofactor Genomics,source_row_identity,1.0,https://github.com/lukaflpvc/YC-Vault/blob/1c86f32a981d479249496298f6bb746ff3c79efe/data/2025-04-21/YC_Companies.csv#L803,No name-only merge: source-row identity prevents conflating documented startup homonyms.
startup,yc-vault:2025-04-21:YC_Companies.csv:row:804,Click & Grow,9a9df9fe-6b48-5e0b-9d1b-4439b92ef164,Click & Grow,source_row_identity,1.0,https://github.com/lukaflpvc/YC-Vault/blob/1c86f32a981d479249496298f6bb746ff3c79efe/data/2025-04-21/YC_Companies.csv#L804,No name-only merge: source-row identity prevents conflating documented startup homonyms.
startup,yc-vault:2025-04-21:YC_Companies.csv:row:805,Bitmovin,18589648-11e0-55a0-ae65-a8449fef6437,Bitmovin,source_row_identity,1.0,https://github.com/lukaflpvc/YC-Vault/blob/1c86f32a981d479249496298f6bb746ff3c79efe/data/2025-04-21/YC_Companies.csv#L805,No name-only merge: source-row identity prevents conflating documented startup homonyms.
startup,yc-vault:2025-04-21:YC_Companies.csv:row:806,TetraScience,0d010421-61fb-5551-a5a4-666f76386f99,TetraScience,source_row_identity,1.0,https://github.com/lukaflpvc/YC-Vault/blob/1c86f32a981d479249496298f6bb746ff3c79efe/data/2025-04-21/YC_Companies.csv#L806,No name-only merge: source-row identity prevents conflating documented startup homonyms.
startup,yc-vault:2025-04-21:YC_Companies.csv:row:807,The Ticket Fairy,f6a01aa7-25a6-500c-a095-d39b305439ed,The Ticket Fairy,source_row_identity,1.0,https://github.com/lukaflpvc/YC-Vault/blob/1c86f32a981d479249496298f6bb746ff3c79efe/data/2025-04-21/YC_Companies.csv#L807,No name-only merge: source-row identity prevents conflating documented startup homonyms.
startup,yc-vault:2025-04-21:YC_Companies.csv:row:808,HER,0adcf0d5-e574-5c50-b0cb-9d4e0c8edc2b,HER,source_row_identity,1.0,https://github.com/lukaflpvc/YC-Vault/blob/1c86f32a981d479249496298f6bb746ff3c79efe/data/2025-04-21/YC_Companies.csv#L808,No name-only merge: source-row identity prevents conflating documented startup homonyms.
startup,yc-vault:2025-04-21:YC_Companies.csv:row:809,Font Awesome,ca62045b-abb5-5108-a1ab-4e4b29bfb17e,Font Awesome,source_row_identity,1.0,https://github.com/lukaflpvc/YC-Vault/blob/1c86f32a981d479249496298f6bb746ff3c79efe/data/2025-04-21/YC_Companies.csv#L809,No name-only merge: source-row identity prevents conflating documented startup homonyms.
startup,yc-vault:2025-04-21:YC_Companies.csv:row:810,"80,000 Hours",910d3f9f-786f-5cb2-9f74-c6644af203f5,"80,000 Hours",source_row_identity,1.0,https://github.com/lukaflpvc/YC-Vault/blob/1c86f32a981d479249496298f6bb746ff3c79efe/data/2025-04-21/YC_Companies.csv#L810,No name-only merge: source-row identity prevents conflating documented startup homonyms.
startup,yc-vault:2025-04-21:YC_Companies.csv:row:811,Xendit,3a765fe0-6951-5ba7-be31-bcc393c34ccf,Xendit,source_row_identity,1.0,https://github.com/lukaflpvc/YC-Vault/blob/1c86f32a981d479249496298f6bb746ff3c79efe/data/2025-04-21/YC_Companies.csv#L811,No name-only merge: source-row identity prevents conflating documented startup homonyms.
startup,yc-vault:2025-04-21:YC_Companies.csv:row:812,Shred Video,637853af-a20a-5532-8628-8bd868515535,Shred Video,source_row_identity,1.0,https://github.com/lukaflpvc/YC-Vault/blob/1c86f32a981d479249496298f6bb746ff3c79efe/data/2025-04-21/YC_Companies.csv#L812,No name-only merge: source-row identity prevents conflating documented startup homonyms.
startup,yc-vault:2025-04-21:YC_Companies.csv:row:813,Shape (ShapeScale),88c41bf3-fa1d-51fa-ab41-b76963c43ec8,Shape (ShapeScale),source_row_identity,1.0,https://github.com/lukaflpvc/YC-Vault/blob/1c86f32a981d479249496298f6bb746ff3c79efe/data/2025-04-21/YC_Companies.csv#L813,No name-only merge: source-row identity prevents conflating documented startup homonyms.
startup,yc-vault:2025-04-21:YC_Companies.csv:row:814,RedCarpetUp,5b00b6f3-a910-52e0-a802-dc8401f6ec6b,RedCarpetUp,source_row_identity,1.0,https://github.com/lukaflpvc/YC-Vault/blob/1c86f32a981d479249496298f6bb746ff3c79efe/data/2025-04-21/YC_Companies.csv#L814,No name-only merge: source-row identity prevents conflating documented startup homonyms.
startup,yc-vault:2025-04-21:YC_Companies.csv:row:815,Plate IQ,a258ae40-5374-511e-9eff-9413603a3561,Plate IQ,source_row_identity,1.0,https://github.com/lukaflpvc/YC-Vault/blob/1c86f32a981d479249496298f6bb746ff3c79efe/data/2025-04-21/YC_Companies.csv#L815,No name-only merge: source-row identity prevents conflating documented startup homonyms.
startup,yc-vault:2025-04-21:YC_Companies.csv:row:816,PickTrace,1446aec2-7e04-5569-b300-2a2367a81ba1,PickTrace,source_row_identity,1.0,https://github.com/lukaflpvc/YC-Vault/blob/1c86f32a981d479249496298f6bb746ff3c79efe/data/2025-04-21/YC_Companies.csv#L816,No name-only merge: source-row identity prevents conflating documented startup homonyms.
startup,yc-vault:2025-04-21:YC_Companies.csv:row:817,Fountain,9cf90802-1fbb-52c6-9b68-394c0baa8163,Fountain,source_row_identity,1.0,https://github.com/lukaflpvc/YC-Vault/blob/1c86f32a981d479249496298f6bb746ff3c79efe/data/2025-04-21/YC_Companies.csv#L817,No name-only merge: source-row identity prevents conflating documented startup homonyms.
startup,yc-vault:2025-04-21:YC_Companies.csv:row:818,MicroHealth,4f320ea3-3c4c-51f8-89f0-9b996ca9b65e,MicroHealth,source_row_identity,1.0,https://github.com/lukaflpvc/YC-Vault/blob/1c86f32a981d479249496298f6bb746ff3c79efe/data/2025-04-21/YC_Companies.csv#L818,No name-only merge: source-row identity prevents conflating documented startup homonyms.
startup,yc-vault:2025-04-21:YC_Companies.csv:row:819,Zeplin,40107434-7cd6-5570-8b18-0d42607401e6,Zeplin,source_row_identity,1.0,https://github.com/lukaflpvc/YC-Vault/blob/1c86f32a981d479249496298f6bb746ff3c79efe/data/2025-04-21/YC_Companies.csv#L819,No name-only merge: source-row identity prevents conflating documented startup homonyms.
startup,yc-vault:2025-04-21:YC_Companies.csv:row:820,Markhor,4924b3d4-e685-525b-88fb-c15fed52c51e,Markhor,source_row_identity,1.0,https://github.com/lukaflpvc/YC-Vault/blob/1c86f32a981d479249496298f6bb746ff3c79efe/data/2025-04-21/YC_Companies.csv#L820,No name-only merge: source-row identity prevents conflating documented startup homonyms.
startup,yc-vault:2025-04-21:YC_Companies.csv:row:821,Circle Medical,bf81b438-8828-50a9-acfd-1893cbc68717,Circle Medical,source_row_identity,1.0,https://github.com/lukaflpvc/YC-Vault/blob/1c86f32a981d479249496298f6bb746ff3c79efe/data/2025-04-21/YC_Companies.csv#L821,No name-only merge: source-row identity prevents conflating documented startup homonyms.
startup,yc-vault:2025-04-21:YC_Companies.csv:row:822,GiveCampus,531e92cc-b9ed-58b5-b99b-8879f87877fa,GiveCampus,source_row_identity,1.0,https://github.com/lukaflpvc/YC-Vault/blob/1c86f32a981d479249496298f6bb746ff3c79efe/data/2025-04-21/YC_Companies.csv#L822,No name-only merge: source-row identity prevents conflating documented startup homonyms.
startup,yc-vault:2025-04-21:YC_Companies.csv:row:823,Drip Capital,8276c3f0-42ca-5890-9730-0ea73dfe94ca,Drip Capital,source_row_identity,1.0,https://github.com/lukaflpvc/YC-Vault/blob/1c86f32a981d479249496298f6bb746ff3c79efe/data/2025-04-21/YC_Companies.csv#L823,No name-only merge: source-row identity prevents conflating documented startup homonyms.
startup,yc-vault:2025-04-21:YC_Companies.csv:row:824,Chaldal,c9e52ab6-c49d-567c-8a27-936740c1564b,Chaldal,source_row_identity,1.0,https://github.com/lukaflpvc/YC-Vault/blob/1c86f32a981d479249496298f6bb746ff3c79efe/data/2025-04-21/YC_Companies.csv#L824,No name-only merge: source-row identity prevents conflating documented startup homonyms.
startup,yc-vault:2025-04-21:YC_Companies.csv:row:825,Bodyport,6d58fd41-7c88-5920-bdf2-85715a46266c,Bodyport,source_row_identity,1.0,https://github.com/lukaflpvc/YC-Vault/blob/1c86f32a981d479249496298f6bb746ff3c79efe/data/2025-04-21/YC_Companies.csv#L825,No name-only merge: source-row identity prevents conflating documented startup homonyms.
startup,yc-vault:2025-04-21:YC_Companies.csv:row:826,Verge Genomics,c7ac27d7-5ed0-575e-8ebf-6aa23c922fbb,Verge Genomics,source_row_identity,1.0,https://github.com/lukaflpvc/YC-Vault/blob/1c86f32a981d479249496298f6bb746ff3c79efe/data/2025-04-21/YC_Companies.csv#L826,No name-only merge: source-row identity prevents conflating documented startup homonyms.
startup,yc-vault:2025-04-21:YC_Companies.csv:row:827,Thrive Agritech,e923a6bd-06d0-563e-b6e5-6ba726cf7333,Thrive Agritech,source_row_identity,1.0,https://github.com/lukaflpvc/YC-Vault/blob/1c86f32a981d479249496298f6bb746ff3c79efe/data/2025-04-21/YC_Companies.csv#L827,No name-only merge: source-row identity prevents conflating documented startup homonyms.
startup,yc-vault:2025-04-21:YC_Companies.csv:row:828,Tesorio,e564f146-881a-52df-9ead-2f1bfe1f8c67,Tesorio,source_row_identity,1.0,https://github.com/lukaflpvc/YC-Vault/blob/1c86f32a981d479249496298f6bb746ff3c79efe/data/2025-04-21/YC_Companies.csv#L828,No name-only merge: source-row identity prevents conflating documented startup homonyms.
startup,yc-vault:2025-04-21:YC_Companies.csv:row:829,Reach Labs,5dacf42f-a6b7-5196-8854-1b2993ccd11f,Reach Labs,source_row_identity,1.0,https://github.com/lukaflpvc/YC-Vault/blob/1c86f32a981d479249496298f6bb746ff3c79efe/data/2025-04-21/YC_Companies.csv#L829,No name-only merge: source-row identity prevents conflating documented startup homonyms.
startup,yc-vault:2025-04-21:YC_Companies.csv:row:830,SunFarmer,1ef4a168-f050-5132-bc0d-312f43601854,SunFarmer,source_row_identity,1.0,https://github.com/lukaflpvc/YC-Vault/blob/1c86f32a981d479249496298f6bb746ff3c79efe/data/2025-04-21/YC_Companies.csv#L830,No name-only merge: source-row identity prevents conflating documented startup homonyms.
startup,yc-vault:2025-04-21:YC_Companies.csv:row:831,Confident LIMS,6227bfbe-010a-5254-8e66-69cecde400df,Confident LIMS,source_row_identity,1.0,https://github.com/lukaflpvc/YC-Vault/blob/1c86f32a981d479249496298f6bb746ff3c79efe/data/2025-04-21/YC_Companies.csv#L831,No name-only merge: source-row identity prevents conflating documented startup homonyms.
startup,yc-vault:2025-04-21:YC_Companies.csv:row:832,Branch8,0bde6424-578a-5726-810c-e19fc2e3dee8,Branch8,source_row_identity,1.0,https://github.com/lukaflpvc/YC-Vault/blob/1c86f32a981d479249496298f6bb746ff3c79efe/data/2025-04-21/YC_Companies.csv#L832,No name-only merge: source-row identity prevents conflating documented startup homonyms.
startup,yc-vault:2025-04-21:YC_Companies.csv:row:833,Heroic Labs,0c00e1a2-3bd3-5f83-a531-6235b228160c,Heroic Labs,source_row_identity,1.0,https://github.com/lukaflpvc/YC-Vault/blob/1c86f32a981d479249496298f6bb746ff3c79efe/data/2025-04-21/YC_Companies.csv#L833,No name-only merge: source-row identity prevents conflating documented startup homonyms.
startup,yc-vault:2025-04-21:YC_Companies.csv:row:834,SnapMagic,e153da77-a774-5bd6-bd03-d59cd02f737b,SnapMagic,source_row_identity,1.0,https://github.com/lukaflpvc/YC-Vault/blob/1c86f32a981d479249496298f6bb746ff3c79efe/data/2025-04-21/YC_Companies.csv#L834,No name-only merge: source-row identity prevents conflating documented startup homonyms.
startup,yc-vault:2025-04-21:YC_Companies.csv:row:835,Scope AR,348a72c4-0688-5895-8848-d41dad89e959,Scope AR,source_row_identity,1.0,https://github.com/lukaflpvc/YC-Vault/blob/1c86f32a981d479249496298f6bb746ff3c79efe/data/2025-04-21/YC_Companies.csv#L835,No name-only merge: source-row identity prevents conflating documented startup homonyms.
startup,yc-vault:2025-04-21:YC_Companies.csv:row:836,PartnerStack,ad442b8f-9e74-55fe-87b4-fe308cf47d19,PartnerStack,source_row_identity,1.0,https://github.com/lukaflpvc/YC-Vault/blob/1c86f32a981d479249496298f6bb746ff3c79efe/data/2025-04-21/YC_Companies.csv#L836,No name-only merge: source-row identity prevents conflating documented startup homonyms.
startup,yc-vault:2025-04-21:YC_Companies.csv:row:837,Assembly,c285e910-0c2b-5a9d-a872-8209de84da6d,Assembly,source_row_identity,1.0,https://github.com/lukaflpvc/YC-Vault/blob/1c86f32a981d479249496298f6bb746ff3c79efe/data/2025-04-21/YC_Companies.csv#L837,No name-only merge: source-row identity prevents conflating documented startup homonyms.
startup,yc-vault:2025-04-21:YC_Companies.csv:row:838,Gemnote,d5ddc0ff-e785-5fbb-b41e-96e50bf0fa04,Gemnote,source_row_identity,1.0,https://github.com/lukaflpvc/YC-Vault/blob/1c86f32a981d479249496298f6bb746ff3c79efe/data/2025-04-21/YC_Companies.csv#L838,No name-only merge: source-row identity prevents conflating documented startup homonyms.
startup,yc-vault:2025-04-21:YC_Companies.csv:row:839,New Story,cfe1799d-00c8-5ffd-8ae2-6b78ad1c2fe7,New Story,source_row_identity,1.0,https://github.com/lukaflpvc/YC-Vault/blob/1c86f32a981d479249496298f6bb746ff3c79efe/data/2025-04-21/YC_Companies.csv#L839,No name-only merge: source-row identity prevents conflating documented startup homonyms.
startup,yc-vault:2025-04-21:YC_Companies.csv:row:840,Ironclad,f04cfcf7-24c1-5d99-9585-01dea526fe1a,Ironclad,source_row_identity,1.0,https://github.com/lukaflpvc/YC-Vault/blob/1c86f32a981d479249496298f6bb746ff3c79efe/data/2025-04-21/YC_Companies.csv#L840,No name-only merge: source-row identity prevents conflating documented startup homonyms.
startup,yc-vault:2025-04-21:YC_Companies.csv:row:841,Leaders In Tech (formerly InnerSpace),f9cee93c-f573-5fe1-a747-f023902efb68,Leaders In Tech (formerly InnerSpace),source_row_identity,1.0,https://github.com/lukaflpvc/YC-Vault/blob/1c86f32a981d479249496298f6bb746ff3c79efe/data/2025-04-21/YC_Companies.csv#L841,No name-only merge: source-row identity prevents conflating documented startup homonyms.
startup,yc-vault:2025-04-21:YC_Companies.csv:row:842,teaBOT,73f203e6-5bb3-5b0b-a190-48541ce762df,teaBOT,source_row_identity,1.0,https://github.com/lukaflpvc/YC-Vault/blob/1c86f32a981d479249496298f6bb746ff3c79efe/data/2025-04-21/YC_Companies.csv#L842,No name-only merge: source-row identity prevents conflating documented startup homonyms.
startup,yc-vault:2025-04-21:YC_Companies.csv:row:843,Teleport,75b31358-d754-5ea2-a715-c9f6262cd2d8,Teleport,source_row_identity,1.0,https://github.com/lukaflpvc/YC-Vault/blob/1c86f32a981d479249496298f6bb746ff3c79efe/data/2025-04-21/YC_Companies.csv#L843,No name-only merge: source-row identity prevents conflating documented startup homonyms.
startup,yc-vault:2025-04-21:YC_Companies.csv:row:844,Lugg,c5916c71-6c64-5f6c-90d6-21198927e8ab,Lugg,source_row_identity,1.0,https://github.com/lukaflpvc/YC-Vault/blob/1c86f32a981d479249496298f6bb746ff3c79efe/data/2025-04-21/YC_Companies.csv#L844,No name-only merge: source-row identity prevents conflating documented startup homonyms.
startup,yc-vault:2025-04-21:YC_Companies.csv:row:845,Gigster,b12e649b-1edb-5674-9754-1202773efe97,Gigster,source_row_identity,1.0,https://github.com/lukaflpvc/YC-Vault/blob/1c86f32a981d479249496298f6bb746ff3c79efe/data/2025-04-21/YC_Companies.csv#L845,No name-only merge: source-row identity prevents conflating documented startup homonyms.
startup,yc-vault:2025-04-21:YC_Companies.csv:row:846,Tenant Turner,327ed721-fe1b-563c-9b8c-87977274820a,Tenant Turner,source_row_identity,1.0,https://github.com/lukaflpvc/YC-Vault/blob/1c86f32a981d479249496298f6bb746ff3c79efe/data/2025-04-21/YC_Companies.csv#L846,No name-only merge: source-row identity prevents conflating documented startup homonyms.
startup,yc-vault:2025-04-21:YC_Companies.csv:row:847,PlateJoy,a16fb0ea-320e-577b-addd-aeb1918d5b2b,PlateJoy,source_row_identity,1.0,https://github.com/lukaflpvc/YC-Vault/blob/1c86f32a981d479249496298f6bb746ff3c79efe/data/2025-04-21/YC_Companies.csv#L847,No name-only merge: source-row identity prevents conflating documented startup homonyms.
startup,yc-vault:2025-04-21:YC_Companies.csv:row:849,Auro Robotics,85d3e62f-5242-58d6-8b9d-72a3a287318f,Auro Robotics,source_row_identity,1.0,https://github.com/lukaflpvc/YC-Vault/blob/1c86f32a981d479249496298f6bb746ff3c79efe/data/2025-04-21/YC_Companies.csv#L849,No name-only merge: source-row identity prevents conflating documented startup homonyms.
startup,yc-vault:2025-04-21:YC_Companies.csv:row:850,Mimir,9f8000ab-dfd8-5ac4-af3b-9bfa4768477d,Mimir,source_row_identity,1.0,https://github.com/lukaflpvc/YC-Vault/blob/1c86f32a981d479249496298f6bb746ff3c79efe/data/2025-04-21/YC_Companies.csv#L850,No name-only merge: source-row identity prevents conflating documented startup homonyms.
startup,yc-vault:2025-04-21:YC_Companies.csv:row:851,Blitz Esports,ceab7ee8-104f-59e1-80c0-796594821a8e,Blitz Esports,source_row_identity,1.0,https://github.com/lukaflpvc/YC-Vault/blob/1c86f32a981d479249496298f6bb746ff3c79efe/data/2025-04-21/YC_Companies.csv#L851,No name-only merge: source-row identity prevents conflating documented startup homonyms.
startup,yc-vault:2025-04-21:YC_Companies.csv:row:852,Xfers,f7ede673-673c-512f-b623-ff4971899925,Xfers,source_row_identity,1.0,https://github.com/lukaflpvc/YC-Vault/blob/1c86f32a981d479249496298f6bb746ff3c79efe/data/2025-04-21/YC_Companies.csv#L852,No name-only merge: source-row identity prevents conflating documented startup homonyms.
startup,yc-vault:2025-04-21:YC_Companies.csv:row:855,Oolu,2dc97510-7756-59be-9dfb-fc7b341b2daa,Oolu,source_row_identity,1.0,https://github.com/lukaflpvc/YC-Vault/blob/1c86f32a981d479249496298f6bb746ff3c79efe/data/2025-04-21/YC_Companies.csv#L855,No name-only merge: source-row identity prevents conflating documented startup homonyms.
startup,yc-vault:2025-04-21:YC_Companies.csv:row:856,zPREDICTA,f322a693-0c22-5ff7-a03c-2c8c5ec27bd6,zPREDICTA,source_row_identity,1.0,https://github.com/lukaflpvc/YC-Vault/blob/1c86f32a981d479249496298f6bb746ff3c79efe/data/2025-04-21/YC_Companies.csv#L856,No name-only merge: source-row identity prevents conflating documented startup homonyms.
startup,yc-vault:2025-04-21:YC_Companies.csv:row:857,Sphere Secure Workspace,4855dbe9-27f3-5027-be2e-99a2ca287a4e,Sphere Secure Workspace,source_row_identity,1.0,https://github.com/lukaflpvc/YC-Vault/blob/1c86f32a981d479249496298f6bb746ff3c79efe/data/2025-04-21/YC_Companies.csv#L857,No name-only merge: source-row identity prevents conflating documented startup homonyms.
startup,yc-vault:2025-04-21:YC_Companies.csv:row:858,Cloudstitch,33a3690f-3c0e-5bcd-9097-e7c45a674177,Cloudstitch,source_row_identity,1.0,https://github.com/lukaflpvc/YC-Vault/blob/1c86f32a981d479249496298f6bb746ff3c79efe/data/2025-04-21/YC_Companies.csv#L858,No name-only merge: source-row identity prevents conflating documented startup homonyms.
startup,yc-vault:2025-04-21:YC_Companies.csv:row:859,Appcanary,c5fe349d-28f2-5311-9db7-6f869257818e,Appcanary,source_row_identity,1.0,https://github.com/lukaflpvc/YC-Vault/blob/1c86f32a981d479249496298f6bb746ff3c79efe/data/2025-04-21/YC_Companies.csv#L859,No name-only merge: source-row identity prevents conflating documented startup homonyms.
startup,yc-vault:2025-04-21:YC_Companies.csv:row:860,Bluecrew,0f554070-18e9-515d-8c42-12b648269ed8,Bluecrew,source_row_identity,1.0,https://github.com/lukaflpvc/YC-Vault/blob/1c86f32a981d479249496298f6bb746ff3c79efe/data/2025-04-21/YC_Companies.csv#L860,No name-only merge: source-row identity prevents conflating documented startup homonyms.
startup,yc-vault:2025-04-21:YC_Companies.csv:row:861,Willing,8688a4ee-f7cc-5407-b29e-560be40bf48a,Willing,source_row_identity,1.0,https://github.com/lukaflpvc/YC-Vault/blob/1c86f32a981d479249496298f6bb746ff3c79efe/data/2025-04-21/YC_Companies.csv#L861,No name-only merge: source-row identity prevents conflating documented startup homonyms.
startup,yc-vault:2025-04-21:YC_Companies.csv:row:862,Foxpass,0df143be-ae48-5762-bc1a-02c2001f14ce,Foxpass,source_row_identity,1.0,https://github.com/lukaflpvc/YC-Vault/blob/1c86f32a981d479249496298f6bb746ff3c79efe/data/2025-04-21/YC_Companies.csv#L862,No name-only merge: source-row identity prevents conflating documented startup homonyms.
startup,yc-vault:2025-04-21:YC_Companies.csv:row:863,Eden,5f31101e-93b8-5ccb-b49c-effef2b17680,Eden,source_row_identity,1.0,https://github.com/lukaflpvc/YC-Vault/blob/1c86f32a981d479249496298f6bb746ff3c79efe/data/2025-04-21/YC_Companies.csv#L863,No name-only merge: source-row identity prevents conflating documented startup homonyms.
startup,yc-vault:2025-04-21:YC_Companies.csv:row:864,Cymmetria,88817fa7-3ff2-52e3-b6d0-5211e99984c1,Cymmetria,source_row_identity,1.0,https://github.com/lukaflpvc/YC-Vault/blob/1c86f32a981d479249496298f6bb746ff3c79efe/data/2025-04-21/YC_Companies.csv#L864,No name-only merge: source-row identity prevents conflating documented startup homonyms.
startup,yc-vault:2025-04-21:YC_Companies.csv:row:865,Convox,290a4dab-1140-561a-96b6-fb02121e8b18,Convox,source_row_identity,1.0,https://github.com/lukaflpvc/YC-Vault/blob/1c86f32a981d479249496298f6bb746ff3c79efe/data/2025-04-21/YC_Companies.csv#L865,No name-only merge: source-row identity prevents conflating documented startup homonyms.
startup,yc-vault:2025-04-21:YC_Companies.csv:row:866,SourceDNA,7bbf3d5d-4e71-54ef-99bb-5963a8ecebd5,SourceDNA,source_row_identity,1.0,https://github.com/lukaflpvc/YC-Vault/blob/1c86f32a981d479249496298f6bb746ff3c79efe/data/2025-04-21/YC_Companies.csv#L866,No name-only merge: source-row identity prevents conflating documented startup homonyms.
startup,yc-vault:2025-04-21:YC_Companies.csv:row:867,Second Measure,68cfcb68-bf28-5a52-b3c5-d773c32b4bd4,Second Measure,source_row_identity,1.0,https://github.com/lukaflpvc/YC-Vault/blob/1c86f32a981d479249496298f6bb746ff3c79efe/data/2025-04-21/YC_Companies.csv#L867,No name-only merge: source-row identity prevents conflating documented startup homonyms.
startup,yc-vault:2025-04-21:YC_Companies.csv:row:869,Jopwell,a2113cd5-c41e-5839-a8ee-f96c875b99ef,Jopwell,source_row_identity,1.0,https://github.com/lukaflpvc/YC-Vault/blob/1c86f32a981d479249496298f6bb746ff3c79efe/data/2025-04-21/YC_Companies.csv#L869,No name-only merge: source-row identity prevents conflating documented startup homonyms.
startup,yc-vault:2025-04-21:YC_Companies.csv:row:870,Triplebyte,ad5022b9-98e3-54ed-a17c-45880accee61,Triplebyte,source_row_identity,1.0,https://github.com/lukaflpvc/YC-Vault/blob/1c86f32a981d479249496298f6bb746ff3c79efe/data/2025-04-21/YC_Companies.csv#L870,No name-only merge: source-row identity prevents conflating documented startup homonyms.
startup,yc-vault:2025-04-21:YC_Companies.csv:row:871,VOIQ,244f43cd-aab5-542c-9280-23ac0e3e5fad,VOIQ,source_row_identity,1.0,https://github.com/lukaflpvc/YC-Vault/blob/1c86f32a981d479249496298f6bb746ff3c79efe/data/2025-04-21/YC_Companies.csv#L871,No name-only merge: source-row identity prevents conflating documented startup homonyms.
startup,yc-vault:2025-04-21:YC_Companies.csv:row:872,Halolife,07bef05b-4df2-5ed4-9411-fe33163b6ecf,Halolife,source_row_identity,1.0,https://github.com/lukaflpvc/YC-Vault/blob/1c86f32a981d479249496298f6bb746ff3c79efe/data/2025-04-21/YC_Companies.csv#L872,No name-only merge: source-row identity prevents conflating documented startup homonyms.
startup,yc-vault:2025-04-21:YC_Companies.csv:row:873,Vive,f3e0c8ff-b061-5d2c-bdba-34474dcd300d,Vive,source_row_identity,1.0,https://github.com/lukaflpvc/YC-Vault/blob/1c86f32a981d479249496298f6bb746ff3c79efe/data/2025-04-21/YC_Companies.csv#L873,No name-only merge: source-row identity prevents conflating documented startup homonyms.
startup,yc-vault:2025-04-21:YC_Companies.csv:row:874,StyleBee,b084878c-6b2b-5b43-8047-ae9b355ca18c,StyleBee,source_row_identity,1.0,https://github.com/lukaflpvc/YC-Vault/blob/1c86f32a981d479249496298f6bb746ff3c79efe/data/2025-04-21/YC_Companies.csv#L874,No name-only merge: source-row identity prevents conflating documented startup homonyms.
startup,yc-vault:2025-04-21:YC_Companies.csv:row:875,Klarismo,4ca8d3af-7327-50ee-8ecb-6a47f32ae842,Klarismo,source_row_identity,1.0,https://github.com/lukaflpvc/YC-Vault/blob/1c86f32a981d479249496298f6bb746ff3c79efe/data/2025-04-21/YC_Companies.csv#L875,No name-only merge: source-row identity prevents conflating documented startup homonyms.
startup,yc-vault:2025-04-21:YC_Companies.csv:row:876,Wheelys Café,043f4b91-8b5a-5105-b590-7d93604fdc7b,Wheelys Café,source_row_identity,1.0,https://github.com/lukaflpvc/YC-Vault/blob/1c86f32a981d479249496298f6bb746ff3c79efe/data/2025-04-21/YC_Companies.csv#L876,No name-only merge: source-row identity prevents conflating documented startup homonyms.
startup,yc-vault:2025-04-21:YC_Companies.csv:row:877,Fetch,f5c9dbcb-5b2d-5377-ad6a-967ba901f1da,Fetch,source_row_identity,1.0,https://github.com/lukaflpvc/YC-Vault/blob/1c86f32a981d479249496298f6bb746ff3c79efe/data/2025-04-21/YC_Companies.csv#L877,No name-only merge: source-row identity prevents conflating documented startup homonyms.
startup,yc-vault:2025-04-21:YC_Companies.csv:row:878,Maderight,94579d51-22dd-56b2-a43e-e408f65ea6dc,Maderight,source_row_identity,1.0,https://github.com/lukaflpvc/YC-Vault/blob/1c86f32a981d479249496298f6bb746ff3c79efe/data/2025-04-21/YC_Companies.csv#L878,No name-only merge: source-row identity prevents conflating documented startup homonyms.
startup,yc-vault:2025-04-21:YC_Companies.csv:row:879,Saida,43dacaff-bd8c-5c4e-b3ed-289d55db12b6,Saida,source_row_identity,1.0,https://github.com/lukaflpvc/YC-Vault/blob/1c86f32a981d479249496298f6bb746ff3c79efe/data/2025-04-21/YC_Companies.csv#L879,No name-only merge: source-row identity prevents conflating documented startup homonyms.
startup,yc-vault:2025-04-21:YC_Companies.csv:row:880,Traversal Networks,71483aae-4e01-5f5c-bffa-a2d8465c52ff,Traversal Networks,source_row_identity,1.0,https://github.com/lukaflpvc/YC-Vault/blob/1c86f32a981d479249496298f6bb746ff3c79efe/data/2025-04-21/YC_Companies.csv#L880,No name-only merge: source-row identity prevents conflating documented startup homonyms.
startup,yc-vault:2025-04-21:YC_Companies.csv:row:881,Seva Coffee,27d3d540-e610-51b2-9bd2-e1d6add7e12d,Seva Coffee,source_row_identity,1.0,https://github.com/lukaflpvc/YC-Vault/blob/1c86f32a981d479249496298f6bb746ff3c79efe/data/2025-04-21/YC_Companies.csv#L881,No name-only merge: source-row identity prevents conflating documented startup homonyms.
startup,yc-vault:2025-04-21:YC_Companies.csv:row:882,Reduced Energy Microsystems,3eb7b27e-e9db-5e16-bdde-0c98587ecd39,Reduced Energy Microsystems,source_row_identity,1.0,https://github.com/lukaflpvc/YC-Vault/blob/1c86f32a981d479249496298f6bb746ff3c79efe/data/2025-04-21/YC_Companies.csv#L882,No name-only merge: source-row identity prevents conflating documented startup homonyms.
startup,yc-vault:2025-04-21:YC_Companies.csv:row:883,Prayas Analytics,341e6681-6b04-5d9f-9cce-cca592217d39,Prayas Analytics,source_row_identity,1.0,https://github.com/lukaflpvc/YC-Vault/blob/1c86f32a981d479249496298f6bb746ff3c79efe/data/2025-04-21/YC_Companies.csv#L883,No name-only merge: source-row identity prevents conflating documented startup homonyms.
startup,yc-vault:2025-04-21:YC_Companies.csv:row:885,Locent,28f64798-f36c-563d-aba8-674313f63c50,Locent,source_row_identity,1.0,https://github.com/lukaflpvc/YC-Vault/blob/1c86f32a981d479249496298f6bb746ff3c79efe/data/2025-04-21/YC_Companies.csv#L885,No name-only merge: source-row identity prevents conflating documented startup homonyms.
startup,yc-vault:2025-04-21:YC_Companies.csv:row:886,Leada,8aff623a-70c1-5ad6-bcfd-46365cb43853,Leada,source_row_identity,1.0,https://github.com/lukaflpvc/YC-Vault/blob/1c86f32a981d479249496298f6bb746ff3c79efe/data/2025-04-21/YC_Companies.csv#L886,No name-only merge: source-row identity prevents conflating documented startup homonyms.
startup,yc-vault:2025-04-21:YC_Companies.csv:row:887,jEugene,62775267-54da-5570-bd75-1bce0c09db87,jEugene,source_row_identity,1.0,https://github.com/lukaflpvc/YC-Vault/blob/1c86f32a981d479249496298f6bb746ff3c79efe/data/2025-04-21/YC_Companies.csv#L887,No name-only merge: source-row identity prevents conflating documented startup homonyms.
startup,yc-vault:2025-04-21:YC_Companies.csv:row:888,Bistrobot,754adf2f-4578-578e-97ad-ca6387a0a086,Bistrobot,source_row_identity,1.0,https://github.com/lukaflpvc/YC-Vault/blob/1c86f32a981d479249496298f6bb746ff3c79efe/data/2025-04-21/YC_Companies.csv#L888,No name-only merge: source-row identity prevents conflating documented startup homonyms.
startup,yc-vault:2025-04-21:YC_Companies.csv:row:890,Afrostream,e8ce51f7-86f2-5c37-8c1c-a81780ca9759,Afrostream,source_row_identity,1.0,https://github.com/lukaflpvc/YC-Vault/blob/1c86f32a981d479249496298f6bb746ff3c79efe/data/2025-04-21/YC_Companies.csv#L890,No name-only merge: source-row identity prevents conflating documented startup homonyms.
startup,yc-vault:2025-04-21:YC_Companies.csv:row:891,Stitch Health,ea3e8e85-0d5c-54a4-a37c-42e0300decd8,Stitch Health,source_row_identity,1.0,https://github.com/lukaflpvc/YC-Vault/blob/1c86f32a981d479249496298f6bb746ff3c79efe/data/2025-04-21/YC_Companies.csv#L891,No name-only merge: source-row identity prevents conflating documented startup homonyms.
startup,yc-vault:2025-04-21:YC_Companies.csv:row:892,Shotput,7fe79978-fc81-55ab-a011-7555502c7ff2,Shotput,source_row_identity,1.0,https://github.com/lukaflpvc/YC-Vault/blob/1c86f32a981d479249496298f6bb746ff3c79efe/data/2025-04-21/YC_Companies.csv#L892,No name-only merge: source-row identity prevents conflating documented startup homonyms.
startup,yc-vault:2025-04-21:YC_Companies.csv:row:894,Call9,d8da5843-0a6d-56de-8f1b-d06ed1e88fe1,Call9,source_row_identity,1.0,https://github.com/lukaflpvc/YC-Vault/blob/1c86f32a981d479249496298f6bb746ff3c79efe/data/2025-04-21/YC_Companies.csv#L894,No name-only merge: source-row identity prevents conflating documented startup homonyms.
startup,yc-vault:2025-04-21:YC_Companies.csv:row:895,Airmada,6e200092-599e-5731-b592-78bd4bb74b8e,Airmada,source_row_identity,1.0,https://github.com/lukaflpvc/YC-Vault/blob/1c86f32a981d479249496298f6bb746ff3c79efe/data/2025-04-21/YC_Companies.csv#L895,No name-only merge: source-row identity prevents conflating documented startup homonyms.
startup,yc-vault:2025-04-21:YC_Companies.csv:row:896,Hickory,824664c3-5dfc-59bd-8eaf-19c86b9c1ff1,Hickory,source_row_identity,1.0,https://github.com/lukaflpvc/YC-Vault/blob/1c86f32a981d479249496298f6bb746ff3c79efe/data/2025-04-21/YC_Companies.csv#L896,No name-only merge: source-row identity prevents conflating documented startup homonyms.
startup,yc-vault:2025-04-21:YC_Companies.csv:row:897,Vernox,943b843b-a889-5fd8-9c0a-40dee18f7ccd,Vernox,source_row_identity,1.0,https://github.com/lukaflpvc/YC-Vault/blob/1c86f32a981d479249496298f6bb746ff3c79efe/data/2025-04-21/YC_Companies.csv#L897,No name-only merge: source-row identity prevents conflating documented startup homonyms.
startup,yc-vault:2025-04-21:YC_Companies.csv:row:898,ROSS Intelligence,620d8ff4-5fbe-564a-8873-56a463cb8306,ROSS Intelligence,source_row_identity,1.0,https://github.com/lukaflpvc/YC-Vault/blob/1c86f32a981d479249496298f6bb746ff3c79efe/data/2025-04-21/YC_Companies.csv#L898,No name-only merge: source-row identity prevents conflating documented startup homonyms.
startup,yc-vault:2025-04-21:YC_Companies.csv:row:899,Roomblocker,54d57754-7efa-52b8-9c8b-01fc4f4783ce,Roomblocker,source_row_identity,1.0,https://github.com/lukaflpvc/YC-Vault/blob/1c86f32a981d479249496298f6bb746ff3c79efe/data/2025-04-21/YC_Companies.csv#L899,No name-only merge: source-row identity prevents conflating documented startup homonyms.
startup,yc-vault:2025-04-21:YC_Companies.csv:row:900,Serica,5474da2c-5f97-55f3-b925-ab66943ffe9c,Serica,source_row_identity,1.0,https://github.com/lukaflpvc/YC-Vault/blob/1c86f32a981d479249496298f6bb746ff3c79efe/data/2025-04-21/YC_Companies.csv#L900,No name-only merge: source-row identity prevents conflating documented startup homonyms.
startup,yc-vault:2025-04-21:YC_Companies.csv:row:901,Embark Trucks,c93e33ac-fcaa-5322-a0db-861554e9dff5,Embark Trucks,source_row_identity,1.0,https://github.com/lukaflpvc/YC-Vault/blob/1c86f32a981d479249496298f6bb746ff3c79efe/data/2025-04-21/YC_Companies.csv#L901,No name-only merge: source-row identity prevents conflating documented startup homonyms.
startup,yc-vault:2025-04-21:YC_Companies.csv:row:902,Truebill,a39a3b00-6f7f-5552-8585-716ecad2ac89,Truebill,source_row_identity,1.0,https://github.com/lukaflpvc/YC-Vault/blob/1c86f32a981d479249496298f6bb746ff3c79efe/data/2025-04-21/YC_Companies.csv#L902,No name-only merge: source-row identity prevents conflating documented startup homonyms.
startup,yc-vault:2025-04-21:YC_Companies.csv:row:903,Caper,201f6eb1-57f2-5941-895a-54ab9fc8c32c,Caper,source_row_identity,1.0,https://github.com/lukaflpvc/YC-Vault/blob/1c86f32a981d479249496298f6bb746ff3c79efe/data/2025-04-21/YC_Companies.csv#L903,No name-only merge: source-row identity prevents conflating documented startup homonyms.
startup,yc-vault:2025-04-21:YC_Companies.csv:row:904,NURX,b438c565-4f89-512c-9fb9-57e28bb39b9f,NURX,source_row_identity,1.0,https://github.com/lukaflpvc/YC-Vault/blob/1c86f32a981d479249496298f6bb746ff3c79efe/data/2025-04-21/YC_Companies.csv#L904,No name-only merge: source-row identity prevents conflating documented startup homonyms.
startup,yc-vault:2025-04-21:YC_Companies.csv:row:905,Paystack,41f46685-0578-58e1-ac2c-460fed4c1710,Paystack,source_row_identity,1.0,https://github.com/lukaflpvc/YC-Vault/blob/1c86f32a981d479249496298f6bb746ff3c79efe/data/2025-04-21/YC_Companies.csv#L905,No name-only merge: source-row identity prevents conflating documented startup homonyms.
startup,yc-vault:2025-04-21:YC_Companies.csv:row:906,GitPrime,846704ab-0423-509b-a047-8d68cf5322c5,GitPrime,source_row_identity,1.0,https://github.com/lukaflpvc/YC-Vault/blob/1c86f32a981d479249496298f6bb746ff3c79efe/data/2025-04-21/YC_Companies.csv#L906,No name-only merge: source-row identity prevents conflating documented startup homonyms.
startup,yc-vault:2025-04-21:YC_Companies.csv:row:907,Podium,fbeae177-e03d-5b77-920f-8644f301986f,Podium,source_row_identity,1.0,https://github.com/lukaflpvc/YC-Vault/blob/1c86f32a981d479249496298f6bb746ff3c79efe/data/2025-04-21/YC_Companies.csv#L907,No name-only merge: source-row identity prevents conflating documented startup homonyms.
startup,yc-vault:2025-04-21:YC_Companies.csv:row:908,Rappi,d33f3775-2aba-5129-af32-b793745cb440,Rappi,source_row_identity,1.0,https://github.com/lukaflpvc/YC-Vault/blob/1c86f32a981d479249496298f6bb746ff3c79efe/data/2025-04-21/YC_Companies.csv#L908,No name-only merge: source-row identity prevents conflating documented startup homonyms.
startup,yc-vault:2025-04-21:YC_Companies.csv:row:909,Focal Systems,67a25444-8792-5e65-8cb9-9edc3220ad08,Focal Systems,source_row_identity,1.0,https://github.com/lukaflpvc/YC-Vault/blob/1c86f32a981d479249496298f6bb746ff3c79efe/data/2025-04-21/YC_Companies.csv#L909,No name-only merge: source-row identity prevents conflating documented startup homonyms.
startup,yc-vault:2025-04-21:YC_Companies.csv:row:910,Mio,54743b8e-0ca2-5cff-87f0-e78cd745310e,Mio,source_row_identity,1.0,https://github.com/lukaflpvc/YC-Vault/blob/1c86f32a981d479249496298f6bb746ff3c79efe/data/2025-04-21/YC_Companies.csv#L910,No name-only merge: source-row identity prevents conflating documented startup homonyms.
startup,yc-vault:2025-04-21:YC_Companies.csv:row:911,Daily,d0909a5b-9eb3-5be2-baa4-5fd75b12dc81,Daily,source_row_identity,1.0,https://github.com/lukaflpvc/YC-Vault/blob/1c86f32a981d479249496298f6bb746ff3c79efe/data/2025-04-21/YC_Companies.csv#L911,No name-only merge: source-row identity prevents conflating documented startup homonyms.
startup,yc-vault:2025-04-21:YC_Companies.csv:row:912,Petcube,8c56decf-ae28-5ad3-8580-7b7a465a7cd3,Petcube,source_row_identity,1.0,https://github.com/lukaflpvc/YC-Vault/blob/1c86f32a981d479249496298f6bb746ff3c79efe/data/2025-04-21/YC_Companies.csv#L912,No name-only merge: source-row identity prevents conflating documented startup homonyms.
startup,yc-vault:2025-04-21:YC_Companies.csv:row:913,Outschool,beb21fb3-bffb-55fa-8eec-cbc51a7cee3d,Outschool,source_row_identity,1.0,https://github.com/lukaflpvc/YC-Vault/blob/1c86f32a981d479249496298f6bb746ff3c79efe/data/2025-04-21/YC_Companies.csv#L913,No name-only merge: source-row identity prevents conflating documented startup homonyms.
startup,yc-vault:2025-04-21:YC_Companies.csv:row:914,Mason,305f3f02-7f5a-5b39-a72f-24c91a4d2528,Mason,source_row_identity,1.0,https://github.com/lukaflpvc/YC-Vault/blob/1c86f32a981d479249496298f6bb746ff3c79efe/data/2025-04-21/YC_Companies.csv#L914,No name-only merge: source-row identity prevents conflating documented startup homonyms.
startup,yc-vault:2025-04-21:YC_Companies.csv:row:915,MagicBus,621bbaa7-867b-57fd-869e-974bd303a281,MagicBus,source_row_identity,1.0,https://github.com/lukaflpvc/YC-Vault/blob/1c86f32a981d479249496298f6bb746ff3c79efe/data/2025-04-21/YC_Companies.csv#L915,No name-only merge: source-row identity prevents conflating documented startup homonyms.
startup,yc-vault:2025-04-21:YC_Companies.csv:row:916,Tovala,7dc4899c-5a4a-5654-84f0-788cdb2d9327,Tovala,source_row_identity,1.0,https://github.com/lukaflpvc/YC-Vault/blob/1c86f32a981d479249496298f6bb746ff3c79efe/data/2025-04-21/YC_Companies.csv#L916,No name-only merge: source-row identity prevents conflating documented startup homonyms.
startup,yc-vault:2025-04-21:YC_Companies.csv:row:917,iSono Health,d61c54eb-a038-5fb9-b45d-68801972d0dd,iSono Health,source_row_identity,1.0,https://github.com/lukaflpvc/YC-Vault/blob/1c86f32a981d479249496298f6bb746ff3c79efe/data/2025-04-21/YC_Companies.csv#L917,No name-only merge: source-row identity prevents conflating documented startup homonyms.
startup,yc-vault:2025-04-21:YC_Companies.csv:row:918,GetAccept,dfc14f2f-757d-50c2-a30a-933b0348f1d2,GetAccept,source_row_identity,1.0,https://github.com/lukaflpvc/YC-Vault/blob/1c86f32a981d479249496298f6bb746ff3c79efe/data/2025-04-21/YC_Companies.csv#L918,No name-only merge: source-row identity prevents conflating documented startup homonyms.
startup,yc-vault:2025-04-21:YC_Companies.csv:row:919,Chatfuel,8eef30ab-df66-5ce6-8f39-f7985687b4f5,Chatfuel,source_row_identity,1.0,https://github.com/lukaflpvc/YC-Vault/blob/1c86f32a981d479249496298f6bb746ff3c79efe/data/2025-04-21/YC_Companies.csv#L919,No name-only merge: source-row identity prevents conflating documented startup homonyms.
startup,yc-vault:2025-04-21:YC_Companies.csv:row:921,Stealth Worker,6d05559e-9f46-5daf-984e-b8431ca48329,Stealth Worker,source_row_identity,1.0,https://github.com/lukaflpvc/YC-Vault/blob/1c86f32a981d479249496298f6bb746ff3c79efe/data/2025-04-21/YC_Companies.csv#L921,No name-only merge: source-row identity prevents conflating documented startup homonyms.
startup,yc-vault:2025-04-21:YC_Companies.csv:row:922,Deepgram,28d2c44c-5fd9-5e8b-90c0-25a29e855e49,Deepgram,source_row_identity,1.0,https://github.com/lukaflpvc/YC-Vault/blob/1c86f32a981d479249496298f6bb746ff3c79efe/data/2025-04-21/YC_Companies.csv#L922,No name-only merge: source-row identity prevents conflating documented startup homonyms.
startup,yc-vault:2025-04-21:YC_Companies.csv:row:923,SOUNDBOKS,d17febe4-509f-5232-8376-c293718d603d,SOUNDBOKS,source_row_identity,1.0,https://github.com/lukaflpvc/YC-Vault/blob/1c86f32a981d479249496298f6bb746ff3c79efe/data/2025-04-21/YC_Companies.csv#L923,No name-only merge: source-row identity prevents conflating documented startup homonyms.
startup,yc-vault:2025-04-21:YC_Companies.csv:row:924,Lattice,6c0b86f5-c825-57c3-bff9-758fd7d2d88a,Lattice,source_row_identity,1.0,https://github.com/lukaflpvc/YC-Vault/blob/1c86f32a981d479249496298f6bb746ff3c79efe/data/2025-04-21/YC_Companies.csv#L924,No name-only merge: source-row identity prevents conflating documented startup homonyms.
startup,yc-vault:2025-04-21:YC_Companies.csv:row:925,Mux,1979cd2e-8429-5a8d-915d-dd2988c0b0c7,Mux,source_row_identity,1.0,https://github.com/lukaflpvc/YC-Vault/blob/1c86f32a981d479249496298f6bb746ff3c79efe/data/2025-04-21/YC_Companies.csv#L925,No name-only merge: source-row identity prevents conflating documented startup homonyms.
startup,yc-vault:2025-04-21:YC_Companies.csv:row:927,Qvin,4f305838-4f5a-5f51-8efd-bbe5804f7e78,Qvin,source_row_identity,1.0,https://github.com/lukaflpvc/YC-Vault/blob/1c86f32a981d479249496298f6bb746ff3c79efe/data/2025-04-21/YC_Companies.csv#L927,No name-only merge: source-row identity prevents conflating documented startup homonyms.
startup,yc-vault:2025-04-21:YC_Companies.csv:row:928,Perlara,c9a257ec-f3c7-55ae-801c-1b661908733a,Perlara,source_row_identity,1.0,https://github.com/lukaflpvc/YC-Vault/blob/1c86f32a981d479249496298f6bb746ff3c79efe/data/2025-04-21/YC_Companies.csv#L928,No name-only merge: source-row identity prevents conflating documented startup homonyms.
startup,yc-vault:2025-04-21:YC_Companies.csv:row:929,DevColor,e56ebf2d-e01e-58c8-8609-fbf18abb902c,DevColor,source_row_identity,1.0,https://github.com/lukaflpvc/YC-Vault/blob/1c86f32a981d479249496298f6bb746ff3c79efe/data/2025-04-21/YC_Companies.csv#L929,No name-only merge: source-row identity prevents conflating documented startup homonyms.
startup,yc-vault:2025-04-21:YC_Companies.csv:row:930,Lygos,a3776f03-d811-5720-85bd-b37d4630a295,Lygos,source_row_identity,1.0,https://github.com/lukaflpvc/YC-Vault/blob/1c86f32a981d479249496298f6bb746ff3c79efe/data/2025-04-21/YC_Companies.csv#L930,No name-only merge: source-row identity prevents conflating documented startup homonyms.
startup,yc-vault:2025-04-21:YC_Companies.csv:row:931,Zenysis,308cd759-5658-545e-97ce-e4bb8cefbe2f,Zenysis,source_row_identity,1.0,https://github.com/lukaflpvc/YC-Vault/blob/1c86f32a981d479249496298f6bb746ff3c79efe/data/2025-04-21/YC_Companies.csv#L931,No name-only merge: source-row identity prevents conflating documented startup homonyms.
startup,yc-vault:2025-04-21:YC_Companies.csv:row:932,Astranis,92345950-ada3-54d9-8c06-91b9afe7fed0,Astranis,source_row_identity,1.0,https://github.com/lukaflpvc/YC-Vault/blob/1c86f32a981d479249496298f6bb746ff3c79efe/data/2025-04-21/YC_Companies.csv#L932,No name-only merge: source-row identity prevents conflating documented startup homonyms.
startup,yc-vault:2025-04-21:YC_Companies.csv:row:933,Bonsai,07229aae-5376-5241-aaf6-aaf6d3638f2f,Bonsai,source_row_identity,1.0,https://github.com/lukaflpvc/YC-Vault/blob/1c86f32a981d479249496298f6bb746ff3c79efe/data/2025-04-21/YC_Companies.csv#L933,No name-only merge: source-row identity prevents conflating documented startup homonyms.
startup,yc-vault:2025-04-21:YC_Companies.csv:row:935,Boom,46bc083a-f971-5f0b-a025-ab6c17b0b363,Boom,source_row_identity,1.0,https://github.com/lukaflpvc/YC-Vault/blob/1c86f32a981d479249496298f6bb746ff3c79efe/data/2025-04-21/YC_Companies.csv#L935,No name-only merge: source-row identity prevents conflating documented startup homonyms.
startup,yc-vault:2025-04-21:YC_Companies.csv:row:936,Relativity Space,3ab45e6e-ba20-55ee-9197-1ce02100a4f7,Relativity Space,source_row_identity,1.0,https://github.com/lukaflpvc/YC-Vault/blob/1c86f32a981d479249496298f6bb746ff3c79efe/data/2025-04-21/YC_Companies.csv#L936,No name-only merge: source-row identity prevents conflating documented startup homonyms.
startup,yc-vault:2025-04-21:YC_Companies.csv:row:937,Sendbird,769ae4ee-2d6f-54a2-9ebf-6a8987acacb6,Sendbird,source_row_identity,1.0,https://github.com/lukaflpvc/YC-Vault/blob/1c86f32a981d479249496298f6bb746ff3c79efe/data/2025-04-21/YC_Companies.csv#L937,No name-only merge: source-row identity prevents conflating documented startup homonyms.
startup,yc-vault:2025-04-21:YC_Companies.csv:row:938,Wakie,dd62e450-a475-552b-9055-6353e74b5801,Wakie,source_row_identity,1.0,https://github.com/lukaflpvc/YC-Vault/blob/1c86f32a981d479249496298f6bb746ff3c79efe/data/2025-04-21/YC_Companies.csv#L938,No name-only merge: source-row identity prevents conflating documented startup homonyms.
startup,yc-vault:2025-04-21:YC_Companies.csv:row:939,Sanitation and Health Rights in India (SHRI),ebf82d0a-25b1-5dc0-9a81-18772017b7df,Sanitation and Health Rights in India (SHRI),source_row_identity,1.0,https://github.com/lukaflpvc/YC-Vault/blob/1c86f32a981d479249496298f6bb746ff3c79efe/data/2025-04-21/YC_Companies.csv#L939,No name-only merge: source-row identity prevents conflating documented startup homonyms.
startup,yc-vault:2025-04-21:YC_Companies.csv:row:940,Quilt Data,2af6ed41-4b0c-5d52-9966-68b55b257fbe,Quilt Data,source_row_identity,1.0,https://github.com/lukaflpvc/YC-Vault/blob/1c86f32a981d479249496298f6bb746ff3c79efe/data/2025-04-21/YC_Companies.csv#L940,No name-only merge: source-row identity prevents conflating documented startup homonyms.
startup,yc-vault:2025-04-21:YC_Companies.csv:row:941,FightCamp,788a0362-0e2d-5b96-bf2f-2d9cc8d1fac0,FightCamp,source_row_identity,1.0,https://github.com/lukaflpvc/YC-Vault/blob/1c86f32a981d479249496298f6bb746ff3c79efe/data/2025-04-21/YC_Companies.csv#L941,No name-only merge: source-row identity prevents conflating documented startup homonyms.
startup,yc-vault:2025-04-21:YC_Companies.csv:row:942,Carbic,f28e6dc9-e0bc-549b-b22a-aa2dea432ee1,Carbic,source_row_identity,1.0,https://github.com/lukaflpvc/YC-Vault/blob/1c86f32a981d479249496298f6bb746ff3c79efe/data/2025-04-21/YC_Companies.csv#L942,No name-only merge: source-row identity prevents conflating documented startup homonyms.
startup,yc-vault:2025-04-21:YC_Companies.csv:row:943,NetBeez,e1020f76-2e10-583e-89f2-8ce14953fcf3,NetBeez,source_row_identity,1.0,https://github.com/lukaflpvc/YC-Vault/blob/1c86f32a981d479249496298f6bb746ff3c79efe/data/2025-04-21/YC_Companies.csv#L943,No name-only merge: source-row identity prevents conflating documented startup homonyms.
startup,yc-vault:2025-04-21:YC_Companies.csv:row:944,mRelief,60b0b9a1-2d0c-5117-9c7a-ee988afeca93,mRelief,source_row_identity,1.0,https://github.com/lukaflpvc/YC-Vault/blob/1c86f32a981d479249496298f6bb746ff3c79efe/data/2025-04-21/YC_Companies.csv#L944,No name-only merge: source-row identity prevents conflating documented startup homonyms.
startup,yc-vault:2025-04-21:YC_Companies.csv:row:945,HistoWiz,fd7d7e29-b082-5a98-ac12-4db725ecea79,HistoWiz,source_row_identity,1.0,https://github.com/lukaflpvc/YC-Vault/blob/1c86f32a981d479249496298f6bb746ff3c79efe/data/2025-04-21/YC_Companies.csv#L945,No name-only merge: source-row identity prevents conflating documented startup homonyms.
startup,yc-vault:2025-04-21:YC_Companies.csv:row:946,GoLorry,f4657c0d-32dc-5769-b578-7462df62bb96,GoLorry,source_row_identity,1.0,https://github.com/lukaflpvc/YC-Vault/blob/1c86f32a981d479249496298f6bb746ff3c79efe/data/2025-04-21/YC_Companies.csv#L946,No name-only merge: source-row identity prevents conflating documented startup homonyms.
startup,yc-vault:2025-04-21:YC_Companies.csv:row:947,Gecko Robotics,56c5da93-5b9f-5a03-a12f-4f6120ce4b3b,Gecko Robotics,source_row_identity,1.0,https://github.com/lukaflpvc/YC-Vault/blob/1c86f32a981d479249496298f6bb746ff3c79efe/data/2025-04-21/YC_Companies.csv#L947,No name-only merge: source-row identity prevents conflating documented startup homonyms.
startup,yc-vault:2025-04-21:YC_Companies.csv:row:948,Lynks,8300181b-c118-5255-91e6-e14d3050ba52,Lynks,source_row_identity,1.0,https://github.com/lukaflpvc/YC-Vault/blob/1c86f32a981d479249496298f6bb746ff3c79efe/data/2025-04-21/YC_Companies.csv#L948,No name-only merge: source-row identity prevents conflating documented startup homonyms.
startup,yc-vault:2025-04-21:YC_Companies.csv:row:949,Thunkable,96471ebf-18e0-5ff1-90d6-ad584afee973,Thunkable,source_row_identity,1.0,https://github.com/lukaflpvc/YC-Vault/blob/1c86f32a981d479249496298f6bb746ff3c79efe/data/2025-04-21/YC_Companies.csv#L949,No name-only merge: source-row identity prevents conflating documented startup homonyms.
startup,yc-vault:2025-04-21:YC_Companies.csv:row:950,Apollo.io,8fa4572f-d98f-50a4-928b-7b1094f3896b,Apollo.io,source_row_identity,1.0,https://github.com/lukaflpvc/YC-Vault/blob/1c86f32a981d479249496298f6bb746ff3c79efe/data/2025-04-21/YC_Companies.csv#L950,No name-only merge: source-row identity prevents conflating documented startup homonyms.
startup,yc-vault:2025-04-21:YC_Companies.csv:row:951,Salt Security,1f8d8ef8-3dcc-54d9-9aae-f5be54cbdebc,Salt Security,source_row_identity,1.0,https://github.com/lukaflpvc/YC-Vault/blob/1c86f32a981d479249496298f6bb746ff3c79efe/data/2025-04-21/YC_Companies.csv#L951,No name-only merge: source-row identity prevents conflating documented startup homonyms.
startup,yc-vault:2025-04-21:YC_Companies.csv:row:952,Pave,1e7397ca-d14f-5536-9eb5-1a956aa60906,Pave,source_row_identity,1.0,https://github.com/lukaflpvc/YC-Vault/blob/1c86f32a981d479249496298f6bb746ff3c79efe/data/2025-04-21/YC_Companies.csv#L952,No name-only merge: source-row identity prevents conflating documented startup homonyms.
startup,yc-vault:2025-04-21:YC_Companies.csv:row:953,Instabug,24a0b39f-0727-5c85-938f-c99a5187da3b,Instabug,source_row_identity,1.0,https://github.com/lukaflpvc/YC-Vault/blob/1c86f32a981d479249496298f6bb746ff3c79efe/data/2025-04-21/YC_Companies.csv#L953,No name-only merge: source-row identity prevents conflating documented startup homonyms.
startup,yc-vault:2025-04-21:YC_Companies.csv:row:954,Function of Beauty,0f514a6e-a2e1-5ec6-99fe-75518316aeb0,Function of Beauty,source_row_identity,1.0,https://github.com/lukaflpvc/YC-Vault/blob/1c86f32a981d479249496298f6bb746ff3c79efe/data/2025-04-21/YC_Companies.csv#L954,No name-only merge: source-row identity prevents conflating documented startup homonyms.
startup,yc-vault:2025-04-21:YC_Companies.csv:row:955,Superside,c964dea3-2c1a-5742-b4c9-7814c2e3de3e,Superside,source_row_identity,1.0,https://github.com/lukaflpvc/YC-Vault/blob/1c86f32a981d479249496298f6bb746ff3c79efe/data/2025-04-21/YC_Companies.csv#L955,No name-only merge: source-row identity prevents conflating documented startup homonyms.
startup,yc-vault:2025-04-21:YC_Companies.csv:row:956,Netomi,44c97c7a-83f2-567f-b34b-2a99693f94df,Netomi,source_row_identity,1.0,https://github.com/lukaflpvc/YC-Vault/blob/1c86f32a981d479249496298f6bb746ff3c79efe/data/2025-04-21/YC_Companies.csv#L956,No name-only merge: source-row identity prevents conflating documented startup homonyms.
startup,yc-vault:2025-04-21:YC_Companies.csv:row:957,Castle,973271a8-1505-5796-bdca-8e7d62a9aff0,Castle,source_row_identity,1.0,https://github.com/lukaflpvc/YC-Vault/blob/1c86f32a981d479249496298f6bb746ff3c79efe/data/2025-04-21/YC_Companies.csv#L957,No name-only merge: source-row identity prevents conflating documented startup homonyms.
startup,yc-vault:2025-04-21:YC_Companies.csv:row:958,Opentrons,732e1c54-c815-500f-bb15-9d25d32985dd,Opentrons,source_row_identity,1.0,https://github.com/lukaflpvc/YC-Vault/blob/1c86f32a981d479249496298f6bb746ff3c79efe/data/2025-04-21/YC_Companies.csv#L958,No name-only merge: source-row identity prevents conflating documented startup homonyms.
startup,yc-vault:2025-04-21:YC_Companies.csv:row:959,MailTime,f0bf8982-80bb-5d05-96e9-9d61f94ea846,MailTime,source_row_identity,1.0,https://github.com/lukaflpvc/YC-Vault/blob/1c86f32a981d479249496298f6bb746ff3c79efe/data/2025-04-21/YC_Companies.csv#L959,No name-only merge: source-row identity prevents conflating documented startup homonyms.
startup,yc-vault:2025-04-21:YC_Companies.csv:row:960,Revl,cc3796f4-aa2e-55c5-9a5d-f3aa2ee18464,Revl,source_row_identity,1.0,https://github.com/lukaflpvc/YC-Vault/blob/1c86f32a981d479249496298f6bb746ff3c79efe/data/2025-04-21/YC_Companies.csv#L960,No name-only merge: source-row identity prevents conflating documented startup homonyms.
startup,yc-vault:2025-04-21:YC_Companies.csv:row:961,PocketSuite,1ba02244-d649-5b53-b774-e54955d093bb,PocketSuite,source_row_identity,1.0,https://github.com/lukaflpvc/YC-Vault/blob/1c86f32a981d479249496298f6bb746ff3c79efe/data/2025-04-21/YC_Companies.csv#L961,No name-only merge: source-row identity prevents conflating documented startup homonyms.
startup,yc-vault:2025-04-21:YC_Companies.csv:row:962,Meter Feeder,54bfe498-56b9-541d-8daf-6ce97c61df8f,Meter Feeder,source_row_identity,1.0,https://github.com/lukaflpvc/YC-Vault/blob/1c86f32a981d479249496298f6bb746ff3c79efe/data/2025-04-21/YC_Companies.csv#L962,No name-only merge: source-row identity prevents conflating documented startup homonyms.
startup,yc-vault:2025-04-21:YC_Companies.csv:row:963,Inevitable Tech,980abf55-ca8f-540b-94e8-b279cb7676d3,Inevitable Tech,source_row_identity,1.0,https://github.com/lukaflpvc/YC-Vault/blob/1c86f32a981d479249496298f6bb746ff3c79efe/data/2025-04-21/YC_Companies.csv#L963,No name-only merge: source-row identity prevents conflating documented startup homonyms.
startup,yc-vault:2025-04-21:YC_Companies.csv:row:964,Gigwell,95affecb-dc93-5eec-898a-c40a41370e1a,Gigwell,source_row_identity,1.0,https://github.com/lukaflpvc/YC-Vault/blob/1c86f32a981d479249496298f6bb746ff3c79efe/data/2025-04-21/YC_Companies.csv#L964,No name-only merge: source-row identity prevents conflating documented startup homonyms.
startup,yc-vault:2025-04-21:YC_Companies.csv:row:965,Copia,550f36d4-5269-5cbc-8db3-815d24feef0a,Copia,source_row_identity,1.0,https://github.com/lukaflpvc/YC-Vault/blob/1c86f32a981d479249496298f6bb746ff3c79efe/data/2025-04-21/YC_Companies.csv#L965,No name-only merge: source-row identity prevents conflating documented startup homonyms.
startup,yc-vault:2025-04-21:YC_Companies.csv:row:966,Deako,bcb2021b-0f4d-5e5c-8691-5faca4325097,Deako,source_row_identity,1.0,https://github.com/lukaflpvc/YC-Vault/blob/1c86f32a981d479249496298f6bb746ff3c79efe/data/2025-04-21/YC_Companies.csv#L966,No name-only merge: source-row identity prevents conflating documented startup homonyms.
startup,yc-vault:2025-04-21:YC_Companies.csv:row:968,Kip Health,d42b95b2-d75c-50ce-bb13-7c5694a5ae8e,Kip Health,source_row_identity,1.0,https://github.com/lukaflpvc/YC-Vault/blob/1c86f32a981d479249496298f6bb746ff3c79efe/data/2025-04-21/YC_Companies.csv#L968,No name-only merge: source-row identity prevents conflating documented startup homonyms.
startup,yc-vault:2025-04-21:YC_Companies.csv:row:969,Hingeto,07ca9cf8-5833-5600-83dc-3f4abe4523c7,Hingeto,source_row_identity,1.0,https://github.com/lukaflpvc/YC-Vault/blob/1c86f32a981d479249496298f6bb746ff3c79efe/data/2025-04-21/YC_Companies.csv#L969,No name-only merge: source-row identity prevents conflating documented startup homonyms.
startup,yc-vault:2025-04-21:YC_Companies.csv:row:970,flexEngage,a4caff23-4b6c-58f3-a8e9-e3599302819e,flexEngage,source_row_identity,1.0,https://github.com/lukaflpvc/YC-Vault/blob/1c86f32a981d479249496298f6bb746ff3c79efe/data/2025-04-21/YC_Companies.csv#L970,No name-only merge: source-row identity prevents conflating documented startup homonyms.
startup,yc-vault:2025-04-21:YC_Companies.csv:row:971,Nova,21a582fa-f77b-5697-a981-7c43dc66a7b3,Nova,source_row_identity,1.0,https://github.com/lukaflpvc/YC-Vault/blob/1c86f32a981d479249496298f6bb746ff3c79efe/data/2025-04-21/YC_Companies.csv#L971,No name-only merge: source-row identity prevents conflating documented startup homonyms.
startup,yc-vault:2025-04-21:YC_Companies.csv:row:972,UroDev Medical,bd2b8edf-2f93-5f14-b429-317d072f0787,UroDev Medical,source_row_identity,1.0,https://github.com/lukaflpvc/YC-Vault/blob/1c86f32a981d479249496298f6bb746ff3c79efe/data/2025-04-21/YC_Companies.csv#L972,No name-only merge: source-row identity prevents conflating documented startup homonyms.
startup,yc-vault:2025-04-21:YC_Companies.csv:row:974,Landed,4b604f9b-f09c-5338-ae51-004464c521fd,Landed,source_row_identity,1.0,https://github.com/lukaflpvc/YC-Vault/blob/1c86f32a981d479249496298f6bb746ff3c79efe/data/2025-04-21/YC_Companies.csv#L974,No name-only merge: source-row identity prevents conflating documented startup homonyms.
startup,yc-vault:2025-04-21:YC_Companies.csv:row:976,Plato,df387a25-cb00-53f7-b6d8-fcd2c109031b,Plato,source_row_identity,1.0,https://github.com/lukaflpvc/YC-Vault/blob/1c86f32a981d479249496298f6bb746ff3c79efe/data/2025-04-21/YC_Companies.csv#L976,No name-only merge: source-row identity prevents conflating documented startup homonyms.
startup,yc-vault:2025-04-21:YC_Companies.csv:row:977,Goodybag,fb63b946-7c7b-51ed-9cfd-c03fb80793f7,Goodybag,source_row_identity,1.0,https://github.com/lukaflpvc/YC-Vault/blob/1c86f32a981d479249496298f6bb746ff3c79efe/data/2025-04-21/YC_Companies.csv#L977,No name-only merge: source-row identity prevents conflating documented startup homonyms.
startup,yc-vault:2025-04-21:YC_Companies.csv:row:978,Pulpix,a8a1d389-7c71-54f7-bfcc-41b3011f1672,Pulpix,source_row_identity,1.0,https://github.com/lukaflpvc/YC-Vault/blob/1c86f32a981d479249496298f6bb746ff3c79efe/data/2025-04-21/YC_Companies.csv#L978,No name-only merge: source-row identity prevents conflating documented startup homonyms.
startup,yc-vault:2025-04-21:YC_Companies.csv:row:979,MineralSoft,f4c76d7c-fd9d-54cb-8ec2-c4c78a3ef61d,MineralSoft,source_row_identity,1.0,https://github.com/lukaflpvc/YC-Vault/blob/1c86f32a981d479249496298f6bb746ff3c79efe/data/2025-04-21/YC_Companies.csv#L979,No name-only merge: source-row identity prevents conflating documented startup homonyms.
startup,yc-vault:2025-04-21:YC_Companies.csv:row:980,Luminist Labs,89e201d9-5062-5585-a075-f3626bad4f38,Luminist Labs,source_row_identity,1.0,https://github.com/lukaflpvc/YC-Vault/blob/1c86f32a981d479249496298f6bb746ff3c79efe/data/2025-04-21/YC_Companies.csv#L980,No name-only merge: source-row identity prevents conflating documented startup homonyms.
startup,yc-vault:2025-04-21:YC_Companies.csv:row:981,LendEDU,465d76f7-e6f5-517f-9005-2e283a34727f,LendEDU,source_row_identity,1.0,https://github.com/lukaflpvc/YC-Vault/blob/1c86f32a981d479249496298f6bb746ff3c79efe/data/2025-04-21/YC_Companies.csv#L981,No name-only merge: source-row identity prevents conflating documented startup homonyms.
startup,yc-vault:2025-04-21:YC_Companies.csv:row:982,Able Health,0ed3ea0e-5d2b-5082-abc1-785960ced318,Able Health,source_row_identity,1.0,https://github.com/lukaflpvc/YC-Vault/blob/1c86f32a981d479249496298f6bb746ff3c79efe/data/2025-04-21/YC_Companies.csv#L982,No name-only merge: source-row identity prevents conflating documented startup homonyms.
startup,yc-vault:2025-04-21:YC_Companies.csv:row:983,Loop Genomics,39ddbce0-2dd0-589d-9c17-9461ef210b15,Loop Genomics,source_row_identity,1.0,https://github.com/lukaflpvc/YC-Vault/blob/1c86f32a981d479249496298f6bb746ff3c79efe/data/2025-04-21/YC_Companies.csv#L983,No name-only merge: source-row identity prevents conflating documented startup homonyms.
startup,yc-vault:2025-04-21:YC_Companies.csv:row:984,Algoriz,31ea9cc7-13bd-5958-8d44-1aa34908ae3f,Algoriz,source_row_identity,1.0,https://github.com/lukaflpvc/YC-Vault/blob/1c86f32a981d479249496298f6bb746ff3c79efe/data/2025-04-21/YC_Companies.csv#L984,No name-only merge: source-row identity prevents conflating documented startup homonyms.
startup,yc-vault:2025-04-21:YC_Companies.csv:row:985,AlphaFlow,06002c45-2b19-50cd-aeb4-775e9421db61,AlphaFlow,source_row_identity,1.0,https://github.com/lukaflpvc/YC-Vault/blob/1c86f32a981d479249496298f6bb746ff3c79efe/data/2025-04-21/YC_Companies.csv#L985,No name-only merge: source-row identity prevents conflating documented startup homonyms.
startup,yc-vault:2025-04-21:YC_Companies.csv:row:986,VINEBOX (Usual Beverage Co.),92fbd651-d60c-5cc1-a34c-6ce5f763bb83,VINEBOX (Usual Beverage Co.),source_row_identity,1.0,https://github.com/lukaflpvc/YC-Vault/blob/1c86f32a981d479249496298f6bb746ff3c79efe/data/2025-04-21/YC_Companies.csv#L986,No name-only merge: source-row identity prevents conflating documented startup homonyms.
startup,yc-vault:2025-04-21:YC_Companies.csv:row:987,Magic Instruments,bdc811d2-7020-512a-8117-dff976e7476c,Magic Instruments,source_row_identity,1.0,https://github.com/lukaflpvc/YC-Vault/blob/1c86f32a981d479249496298f6bb746ff3c79efe/data/2025-04-21/YC_Companies.csv#L987,No name-only merge: source-row identity prevents conflating documented startup homonyms.
startup,yc-vault:2025-04-21:YC_Companies.csv:row:988,Compgun,055e235d-06b2-543a-984a-7d422fde83e2,Compgun,source_row_identity,1.0,https://github.com/lukaflpvc/YC-Vault/blob/1c86f32a981d479249496298f6bb746ff3c79efe/data/2025-04-21/YC_Companies.csv#L988,No name-only merge: source-row identity prevents conflating documented startup homonyms.
startup,yc-vault:2025-04-21:YC_Companies.csv:row:989,PhysioHealth,1e8ba9da-5998-5e3d-a596-feb244ace274,PhysioHealth,source_row_identity,1.0,https://github.com/lukaflpvc/YC-Vault/blob/1c86f32a981d479249496298f6bb746ff3c79efe/data/2025-04-21/YC_Companies.csv#L989,No name-only merge: source-row identity prevents conflating documented startup homonyms.
startup,yc-vault:2025-04-21:YC_Companies.csv:row:990,Modal,aae6b791-2d25-5869-b8a0-47d4077e33a7,Modal,source_row_identity,1.0,https://github.com/lukaflpvc/YC-Vault/blob/1c86f32a981d479249496298f6bb746ff3c79efe/data/2025-04-21/YC_Companies.csv#L990,No name-only merge: source-row identity prevents conflating documented startup homonyms.
startup,yc-vault:2025-04-21:YC_Companies.csv:row:991,Streamup,67c87aff-628a-5e49-8095-1cc2f6449356,Streamup,source_row_identity,1.0,https://github.com/lukaflpvc/YC-Vault/blob/1c86f32a981d479249496298f6bb746ff3c79efe/data/2025-04-21/YC_Companies.csv#L991,No name-only merge: source-row identity prevents conflating documented startup homonyms.
startup,yc-vault:2025-04-21:YC_Companies.csv:row:992,StrongIntro,46504c6e-bed5-5ef3-ba54-4f172fce5a22,StrongIntro,source_row_identity,1.0,https://github.com/lukaflpvc/YC-Vault/blob/1c86f32a981d479249496298f6bb746ff3c79efe/data/2025-04-21/YC_Companies.csv#L992,No name-only merge: source-row identity prevents conflating documented startup homonyms.
startup,yc-vault:2025-04-21:YC_Companies.csv:row:993,Index,eb9140cf-53e0-5f1b-b441-b63189d6e685,Index,source_row_identity,1.0,https://github.com/lukaflpvc/YC-Vault/blob/1c86f32a981d479249496298f6bb746ff3c79efe/data/2025-04-21/YC_Companies.csv#L993,No name-only merge: source-row identity prevents conflating documented startup homonyms.
startup,yc-vault:2025-04-21:YC_Companies.csv:row:994,Unnyhog,124f22ba-0dc6-58b4-9fb3-fa065e0c3a07,Unnyhog,source_row_identity,1.0,https://github.com/lukaflpvc/YC-Vault/blob/1c86f32a981d479249496298f6bb746ff3c79efe/data/2025-04-21/YC_Companies.csv#L994,No name-only merge: source-row identity prevents conflating documented startup homonyms.
startup,yc-vault:2025-04-21:YC_Companies.csv:row:995,Pathmind,edb687b9-e187-59c9-b7f1-695b39ecd393,Pathmind,source_row_identity,1.0,https://github.com/lukaflpvc/YC-Vault/blob/1c86f32a981d479249496298f6bb746ff3c79efe/data/2025-04-21/YC_Companies.csv#L995,No name-only merge: source-row identity prevents conflating documented startup homonyms.
startup,yc-vault:2025-04-21:YC_Companies.csv:row:997,Restocks,4167f6bb-e3bd-5499-8c4c-ad7212338a52,Restocks,source_row_identity,1.0,https://github.com/lukaflpvc/YC-Vault/blob/1c86f32a981d479249496298f6bb746ff3c79efe/data/2025-04-21/YC_Companies.csv#L997,No name-only merge: source-row identity prevents conflating documented startup homonyms.
startup,yc-vault:2025-04-21:YC_Companies.csv:row:998,Real Artists,0d780311-c127-5b24-b0ec-4e946a21c4f2,Real Artists,source_row_identity,1.0,https://github.com/lukaflpvc/YC-Vault/blob/1c86f32a981d479249496298f6bb746ff3c79efe/data/2025-04-21/YC_Companies.csv#L998,No name-only merge: source-row identity prevents conflating documented startup homonyms.
startup,yc-vault:2025-04-21:YC_Companies.csv:row:999,Kisan Network,d1dc3315-07aa-572b-9d4f-08de3cf47db1,Kisan Network,source_row_identity,1.0,https://github.com/lukaflpvc/YC-Vault/blob/1c86f32a981d479249496298f6bb746ff3c79efe/data/2025-04-21/YC_Companies.csv#L999,No name-only merge: source-row identity prevents conflating documented startup homonyms.
startup,yc-vault:2025-04-21:YC_Companies.csv:row:1000,Georgette Packaging,a4b0d9c3-f6ad-50f5-9cdc-415431756cd3,Georgette Packaging,source_row_identity,1.0,https://github.com/lukaflpvc/YC-Vault/blob/1c86f32a981d479249496298f6bb746ff3c79efe/data/2025-04-21/YC_Companies.csv#L1000,No name-only merge: source-row identity prevents conflating documented startup homonyms.
startup,yc-vault:2025-04-21:YC_Companies.csv:row:1001,Cover,050ab924-a9be-5516-af3b-1c309424ce87,Cover,source_row_identity,1.0,https://github.com/lukaflpvc/YC-Vault/blob/1c86f32a981d479249496298f6bb746ff3c79efe/data/2025-04-21/YC_Companies.csv#L1001,No name-only merge: source-row identity prevents conflating documented startup homonyms.
startup,yc-vault:2025-04-21:YC_Companies.csv:row:1002,Envyl,66dc6f11-eda7-5c72-98d3-085bbed17bdf,Envyl,source_row_identity,1.0,https://github.com/lukaflpvc/YC-Vault/blob/1c86f32a981d479249496298f6bb746ff3c79efe/data/2025-04-21/YC_Companies.csv#L1002,No name-only merge: source-row identity prevents conflating documented startup homonyms.
startup,yc-vault:2025-04-21:YC_Companies.csv:row:1003,Elucify,3e30ab2e-4263-52bc-947b-0f89d5343272,Elucify,source_row_identity,1.0,https://github.com/lukaflpvc/YC-Vault/blob/1c86f32a981d479249496298f6bb746ff3c79efe/data/2025-04-21/YC_Companies.csv#L1003,No name-only merge: source-row identity prevents conflating documented startup homonyms.
startup,yc-vault:2025-04-21:YC_Companies.csv:row:1004,TRAC,9b2b5480-5b0c-5625-a97a-b6e5daada6dd,TRAC,source_row_identity,1.0,https://github.com/lukaflpvc/YC-Vault/blob/1c86f32a981d479249496298f6bb746ff3c79efe/data/2025-04-21/YC_Companies.csv#L1004,No name-only merge: source-row identity prevents conflating documented startup homonyms.
startup,yc-vault:2025-04-21:YC_Companies.csv:row:1005,Anchor Health,46e59b5d-bbc3-52c1-8dde-e3453e770c93,Anchor Health,source_row_identity,1.0,https://github.com/lukaflpvc/YC-Vault/blob/1c86f32a981d479249496298f6bb746ff3c79efe/data/2025-04-21/YC_Companies.csv#L1005,No name-only merge: source-row identity prevents conflating documented startup homonyms.
startup,yc-vault:2025-04-21:YC_Companies.csv:row:1006,Poppy,59e9e5e9-94f1-5f26-a1b2-040c9ee2a98e,Poppy,source_row_identity,1.0,https://github.com/lukaflpvc/YC-Vault/blob/1c86f32a981d479249496298f6bb746ff3c79efe/data/2025-04-21/YC_Companies.csv#L1006,No name-only merge: source-row identity prevents conflating documented startup homonyms.
startup,yc-vault:2025-04-21:YC_Companies.csv:row:1007,Patchwork Security,e4706adf-cec0-543b-8f2d-e65a8e6288b6,Patchwork Security,source_row_identity,1.0,https://github.com/lukaflpvc/YC-Vault/blob/1c86f32a981d479249496298f6bb746ff3c79efe/data/2025-04-21/YC_Companies.csv#L1007,No name-only merge: source-row identity prevents conflating documented startup homonyms.
startup,yc-vault:2025-04-21:YC_Companies.csv:row:1008,Interstate Analytics,b2fcb0f5-55db-5938-851d-97c91407e836,Interstate Analytics,source_row_identity,1.0,https://github.com/lukaflpvc/YC-Vault/blob/1c86f32a981d479249496298f6bb746ff3c79efe/data/2025-04-21/YC_Companies.csv#L1008,No name-only merge: source-row identity prevents conflating documented startup homonyms.
startup,yc-vault:2025-04-21:YC_Companies.csv:row:1009,ConstructVR,1ed6e2f1-c9cf-5dbd-9ff8-2e56330f9d87,ConstructVR,source_row_identity,1.0,https://github.com/lukaflpvc/YC-Vault/blob/1c86f32a981d479249496298f6bb746ff3c79efe/data/2025-04-21/YC_Companies.csv#L1009,No name-only merge: source-row identity prevents conflating documented startup homonyms.
startup,yc-vault:2025-04-21:YC_Companies.csv:row:1010,Castle,d0d814ea-f080-5c6f-98af-5c65106d7be5,Castle,source_row_identity,1.0,https://github.com/lukaflpvc/YC-Vault/blob/1c86f32a981d479249496298f6bb746ff3c79efe/data/2025-04-21/YC_Companies.csv#L1010,No name-only merge: source-row identity prevents conflating documented startup homonyms.
startup,yc-vault:2025-04-21:YC_Companies.csv:row:1011,Monthli,59b65f38-8a62-5514-b8d9-53918920fbcf,Monthli,source_row_identity,1.0,https://github.com/lukaflpvc/YC-Vault/blob/1c86f32a981d479249496298f6bb746ff3c79efe/data/2025-04-21/YC_Companies.csv#L1011,No name-only merge: source-row identity prevents conflating documented startup homonyms.
startup,yc-vault:2025-04-21:YC_Companies.csv:row:1012,Start Closing,259fddaf-4fe3-57c0-ae9f-91b4e6ce1941,Start Closing,source_row_identity,1.0,https://github.com/lukaflpvc/YC-Vault/blob/1c86f32a981d479249496298f6bb746ff3c79efe/data/2025-04-21/YC_Companies.csv#L1012,No name-only merge: source-row identity prevents conflating documented startup homonyms.
startup,yc-vault:2025-04-21:YC_Companies.csv:row:1013,Open Motors,6b91d0e9-2e1a-53f8-8a6f-cb766f0f2b2b,Open Motors,source_row_identity,1.0,https://github.com/lukaflpvc/YC-Vault/blob/1c86f32a981d479249496298f6bb746ff3c79efe/data/2025-04-21/YC_Companies.csv#L1013,No name-only merge: source-row identity prevents conflating documented startup homonyms.
startup,yc-vault:2025-04-21:YC_Companies.csv:row:1014,Enflux,c137358f-db9d-5f89-9adf-5f8967dce4df,Enflux,source_row_identity,1.0,https://github.com/lukaflpvc/YC-Vault/blob/1c86f32a981d479249496298f6bb746ff3c79efe/data/2025-04-21/YC_Companies.csv#L1014,No name-only merge: source-row identity prevents conflating documented startup homonyms.
startup,yc-vault:2025-04-21:YC_Companies.csv:row:1015,Unima,c513f322-5d92-54d6-a18b-69bea25ae697,Unima,source_row_identity,1.0,https://github.com/lukaflpvc/YC-Vault/blob/1c86f32a981d479249496298f6bb746ff3c79efe/data/2025-04-21/YC_Companies.csv#L1015,No name-only merge: source-row identity prevents conflating documented startup homonyms.
startup,yc-vault:2025-04-21:YC_Companies.csv:row:1016,Bus.com,149ec342-0edb-5fd7-88ed-f7706ad98d11,Bus.com,source_row_identity,1.0,https://github.com/lukaflpvc/YC-Vault/blob/1c86f32a981d479249496298f6bb746ff3c79efe/data/2025-04-21/YC_Companies.csv#L1016,No name-only merge: source-row identity prevents conflating documented startup homonyms.
startup,yc-vault:2025-04-21:YC_Companies.csv:row:1017,InnoVein,c9c81dfe-4c01-530b-8806-e20fdf4e8f99,InnoVein,source_row_identity,1.0,https://github.com/lukaflpvc/YC-Vault/blob/1c86f32a981d479249496298f6bb746ff3c79efe/data/2025-04-21/YC_Companies.csv#L1017,No name-only merge: source-row identity prevents conflating documented startup homonyms.
startup,yc-vault:2025-04-21:YC_Companies.csv:row:1018,DoseDr,db19aa47-ca9a-5d65-bd53-a0a5a6e7b11b,DoseDr,source_row_identity,1.0,https://github.com/lukaflpvc/YC-Vault/blob/1c86f32a981d479249496298f6bb746ff3c79efe/data/2025-04-21/YC_Companies.csv#L1018,No name-only merge: source-row identity prevents conflating documented startup homonyms.
startup,yc-vault:2025-04-21:YC_Companies.csv:row:1019,Chillabit,e427be60-3cb9-56e0-8074-04ecc0be45fb,Chillabit,source_row_identity,1.0,https://github.com/lukaflpvc/YC-Vault/blob/1c86f32a981d479249496298f6bb746ff3c79efe/data/2025-04-21/YC_Companies.csv#L1019,No name-only merge: source-row identity prevents conflating documented startup homonyms.
startup,yc-vault:2025-04-21:YC_Companies.csv:row:1020,WorldCover,efd3c793-37fb-57ad-b635-62d4b10f8c9a,WorldCover,source_row_identity,1.0,https://github.com/lukaflpvc/YC-Vault/blob/1c86f32a981d479249496298f6bb746ff3c79efe/data/2025-04-21/YC_Companies.csv#L1020,No name-only merge: source-row identity prevents conflating documented startup homonyms.
startup,yc-vault:2025-04-21:YC_Companies.csv:row:1021,UpLabs,56aa3b59-a0f1-5d9b-88fc-5e35885228a2,UpLabs,source_row_identity,1.0,https://github.com/lukaflpvc/YC-Vault/blob/1c86f32a981d479249496298f6bb746ff3c79efe/data/2025-04-21/YC_Companies.csv#L1021,No name-only merge: source-row identity prevents conflating documented startup homonyms.
startup,yc-vault:2025-04-21:YC_Companies.csv:row:1022,Toymail,29034a4d-d3f8-55a1-ac30-e7bfdeb83c79,Toymail,source_row_identity,1.0,https://github.com/lukaflpvc/YC-Vault/blob/1c86f32a981d479249496298f6bb746ff3c79efe/data/2025-04-21/YC_Companies.csv#L1022,No name-only merge: source-row identity prevents conflating documented startup homonyms.
startup,yc-vault:2025-04-21:YC_Companies.csv:row:1023,Bird,2e57393b-0c49-5593-8e8e-0fa583109ed7,Bird,source_row_identity,1.0,https://github.com/lukaflpvc/YC-Vault/blob/1c86f32a981d479249496298f6bb746ff3c79efe/data/2025-04-21/YC_Companies.csv#L1023,No name-only merge: source-row identity prevents conflating documented startup homonyms.
startup,yc-vault:2025-04-21:YC_Companies.csv:row:1024,The Athletic,e574d8b9-c415-52c8-b6ea-09e219b4e7e8,The Athletic,source_row_identity,1.0,https://github.com/lukaflpvc/YC-Vault/blob/1c86f32a981d479249496298f6bb746ff3c79efe/data/2025-04-21/YC_Companies.csv#L1024,No name-only merge: source-row identity prevents conflating documented startup homonyms.
startup,yc-vault:2025-04-21:YC_Companies.csv:row:1025,Meesho,e852cea9-d1f1-5eaa-b23b-e2f676788f18,Meesho,source_row_identity,1.0,https://github.com/lukaflpvc/YC-Vault/blob/1c86f32a981d479249496298f6bb746ff3c79efe/data/2025-04-21/YC_Companies.csv#L1025,No name-only merge: source-row identity prevents conflating documented startup homonyms.
startup,yc-vault:2025-04-21:YC_Companies.csv:row:1026,Proxy,e82d39d5-e63d-5e52-9d50-d405a8154fec,Proxy,source_row_identity,1.0,https://github.com/lukaflpvc/YC-Vault/blob/1c86f32a981d479249496298f6bb746ff3c79efe/data/2025-04-21/YC_Companies.csv#L1026,No name-only merge: source-row identity prevents conflating documented startup homonyms.
startup,yc-vault:2025-04-21:YC_Companies.csv:row:1027,Scale AI,d3976ad0-0cb5-54ba-b693-49a9d919fa93,Scale AI,source_row_identity,1.0,https://github.com/lukaflpvc/YC-Vault/blob/1c86f32a981d479249496298f6bb746ff3c79efe/data/2025-04-21/YC_Companies.csv#L1027,No name-only merge: source-row identity prevents conflating documented startup homonyms.
startup,yc-vault:2025-04-21:YC_Companies.csv:row:1028,Expo,0f21c426-cc38-5142-8ed9-2198306df85c,Expo,source_row_identity,1.0,https://github.com/lukaflpvc/YC-Vault/blob/1c86f32a981d479249496298f6bb746ff3c79efe/data/2025-04-21/YC_Companies.csv#L1028,No name-only merge: source-row identity prevents conflating documented startup homonyms.
startup,yc-vault:2025-04-21:YC_Companies.csv:row:1029,Elemeno Health,46810ba6-0275-5dcd-8dbd-08e3d4eda397,Elemeno Health,source_row_identity,1.0,https://github.com/lukaflpvc/YC-Vault/blob/1c86f32a981d479249496298f6bb746ff3c79efe/data/2025-04-21/YC_Companies.csv#L1029,No name-only merge: source-row identity prevents conflating documented startup homonyms.
startup,yc-vault:2025-04-21:YC_Companies.csv:row:1030,Suiteness,98d09312-0ebe-50bc-911e-f10e271595b2,Suiteness,source_row_identity,1.0,https://github.com/lukaflpvc/YC-Vault/blob/1c86f32a981d479249496298f6bb746ff3c79efe/data/2025-04-21/YC_Companies.csv#L1030,No name-only merge: source-row identity prevents conflating documented startup homonyms.
startup,yc-vault:2025-04-21:YC_Companies.csv:row:1031,Jumpcut,da397e66-c098-547c-b4c2-11887e6ccaa2,Jumpcut,source_row_identity,1.0,https://github.com/lukaflpvc/YC-Vault/blob/1c86f32a981d479249496298f6bb746ff3c79efe/data/2025-04-21/YC_Companies.csv#L1031,No name-only merge: source-row identity prevents conflating documented startup homonyms.
startup,yc-vault:2025-04-21:YC_Companies.csv:row:1032,Quero Education,3c33fb5e-c076-5489-a93c-17f2690e8bd8,Quero Education,source_row_identity,1.0,https://github.com/lukaflpvc/YC-Vault/blob/1c86f32a981d479249496298f6bb746ff3c79efe/data/2025-04-21/YC_Companies.csv#L1032,No name-only merge: source-row identity prevents conflating documented startup homonyms.
startup,yc-vault:2025-04-21:YC_Companies.csv:row:1034,People.ai,67e0805d-bb98-5d5e-a555-6a6c157b5e09,People.ai,source_row_identity,1.0,https://github.com/lukaflpvc/YC-Vault/blob/1c86f32a981d479249496298f6bb746ff3c79efe/data/2025-04-21/YC_Companies.csv#L1034,No name-only merge: source-row identity prevents conflating documented startup homonyms.
startup,yc-vault:2025-04-21:YC_Companies.csv:row:1035,Yoshi Mobility,5aa75bb8-3e85-51b8-872d-eb959b860fbc,Yoshi Mobility,source_row_identity,1.0,https://github.com/lukaflpvc/YC-Vault/blob/1c86f32a981d479249496298f6bb746ff3c79efe/data/2025-04-21/YC_Companies.csv#L1035,No name-only merge: source-row identity prevents conflating documented startup homonyms.
startup,yc-vault:2025-04-21:YC_Companies.csv:row:1036,OMG Digital,4dd553eb-3d1e-5114-bc7e-ecc3d220e6a3,OMG Digital,source_row_identity,1.0,https://github.com/lukaflpvc/YC-Vault/blob/1c86f32a981d479249496298f6bb746ff3c79efe/data/2025-04-21/YC_Companies.csv#L1036,No name-only merge: source-row identity prevents conflating documented startup homonyms.
startup,yc-vault:2025-04-21:YC_Companies.csv:row:1037,Circa,006af1e3-7d26-58ac-86cc-b3972161df46,Circa,source_row_identity,1.0,https://github.com/lukaflpvc/YC-Vault/blob/1c86f32a981d479249496298f6bb746ff3c79efe/data/2025-04-21/YC_Companies.csv#L1037,No name-only merge: source-row identity prevents conflating documented startup homonyms.
startup,yc-vault:2025-04-21:YC_Companies.csv:row:1038,Ready Education,05c60b81-5ef9-5576-b097-f752d409baf8,Ready Education,source_row_identity,1.0,https://github.com/lukaflpvc/YC-Vault/blob/1c86f32a981d479249496298f6bb746ff3c79efe/data/2025-04-21/YC_Companies.csv#L1038,No name-only merge: source-row identity prevents conflating documented startup homonyms.
startup,yc-vault:2025-04-21:YC_Companies.csv:row:1039,Flutterwave,c56222f2-2ec0-55d1-bc5c-9a743a655cd0,Flutterwave,source_row_identity,1.0,https://github.com/lukaflpvc/YC-Vault/blob/1c86f32a981d479249496298f6bb746ff3c79efe/data/2025-04-21/YC_Companies.csv#L1039,No name-only merge: source-row identity prevents conflating documented startup homonyms.
startup,yc-vault:2025-04-21:YC_Companies.csv:row:1040,Emote,cac318e6-e02f-5d06-a44f-4ec26dd206d6,Emote,source_row_identity,1.0,https://github.com/lukaflpvc/YC-Vault/blob/1c86f32a981d479249496298f6bb746ff3c79efe/data/2025-04-21/YC_Companies.csv#L1040,No name-only merge: source-row identity prevents conflating documented startup homonyms.
startup,yc-vault:2025-04-21:YC_Companies.csv:row:1041,SmartPath,16f1be9a-e4c2-56fa-8942-640c71f07ba7,SmartPath,source_row_identity,1.0,https://github.com/lukaflpvc/YC-Vault/blob/1c86f32a981d479249496298f6bb746ff3c79efe/data/2025-04-21/YC_Companies.csv#L1041,No name-only merge: source-row identity prevents conflating documented startup homonyms.
startup,yc-vault:2025-04-21:YC_Companies.csv:row:1042,Curtsy,beb57f79-b9aa-57cc-84bd-a3db13157308,Curtsy,source_row_identity,1.0,https://github.com/lukaflpvc/YC-Vault/blob/1c86f32a981d479249496298f6bb746ff3c79efe/data/2025-04-21/YC_Companies.csv#L1042,No name-only merge: source-row identity prevents conflating documented startup homonyms.
startup,yc-vault:2025-04-21:YC_Companies.csv:row:1043,Validere,f7b0fef1-ca3c-5a24-a37b-439f0c04a10d,Validere,source_row_identity,1.0,https://github.com/lukaflpvc/YC-Vault/blob/1c86f32a981d479249496298f6bb746ff3c79efe/data/2025-04-21/YC_Companies.csv#L1043,No name-only merge: source-row identity prevents conflating documented startup homonyms.
startup,yc-vault:2025-04-21:YC_Companies.csv:row:1044,Airfordable,ccbf7fb1-d396-5d3d-b8e2-a1c58b1ba9ed,Airfordable,source_row_identity,1.0,https://github.com/lukaflpvc/YC-Vault/blob/1c86f32a981d479249496298f6bb746ff3c79efe/data/2025-04-21/YC_Companies.csv#L1044,No name-only merge: source-row identity prevents conflating documented startup homonyms.
startup,yc-vault:2025-04-21:YC_Companies.csv:row:1045,Athelas,53438155-5a54-5660-9038-ddf6010ed5b6,Athelas,source_row_identity,1.0,https://github.com/lukaflpvc/YC-Vault/blob/1c86f32a981d479249496298f6bb746ff3c79efe/data/2025-04-21/YC_Companies.csv#L1045,No name-only merge: source-row identity prevents conflating documented startup homonyms.
startup,yc-vault:2025-04-21:YC_Companies.csv:row:1046,Miso,0a7880b4-ab75-506f-9852-6feedb199a9b,Miso,source_row_identity,1.0,https://github.com/lukaflpvc/YC-Vault/blob/1c86f32a981d479249496298f6bb746ff3c79efe/data/2025-04-21/YC_Companies.csv#L1046,No name-only merge: source-row identity prevents conflating documented startup homonyms.
startup,yc-vault:2025-04-21:YC_Companies.csv:row:1047,Squire Technologies,185c9ad3-8102-57c6-b2f1-fa41c69d3c6e,Squire Technologies,source_row_identity,1.0,https://github.com/lukaflpvc/YC-Vault/blob/1c86f32a981d479249496298f6bb746ff3c79efe/data/2025-04-21/YC_Companies.csv#L1047,No name-only merge: source-row identity prevents conflating documented startup homonyms.
startup,yc-vault:2025-04-21:YC_Companies.csv:row:1048,GoGoGrandparent,8b0f8891-2bdd-53e7-bc55-864e32d676ce,GoGoGrandparent,source_row_identity,1.0,https://github.com/lukaflpvc/YC-Vault/blob/1c86f32a981d479249496298f6bb746ff3c79efe/data/2025-04-21/YC_Companies.csv#L1048,No name-only merge: source-row identity prevents conflating documented startup homonyms.
startup,yc-vault:2025-04-21:YC_Companies.csv:row:1049,HiOperator,a33d6554-f608-5e59-ab75-7a0ad3fb1592,HiOperator,source_row_identity,1.0,https://github.com/lukaflpvc/YC-Vault/blob/1c86f32a981d479249496298f6bb746ff3c79efe/data/2025-04-21/YC_Companies.csv#L1049,No name-only merge: source-row identity prevents conflating documented startup homonyms.
startup,yc-vault:2025-04-21:YC_Companies.csv:row:1050,Synvivia,2d901ee3-a152-5d50-84fb-13481cb6baf5,Synvivia,source_row_identity,1.0,https://github.com/lukaflpvc/YC-Vault/blob/1c86f32a981d479249496298f6bb746ff3c79efe/data/2025-04-21/YC_Companies.csv#L1050,No name-only merge: source-row identity prevents conflating documented startup homonyms.
startup,yc-vault:2025-04-21:YC_Companies.csv:row:1051,Legalist,07afb15c-eb17-5694-8685-1d465b0dbf3b,Legalist,source_row_identity,1.0,https://github.com/lukaflpvc/YC-Vault/blob/1c86f32a981d479249496298f6bb746ff3c79efe/data/2025-04-21/YC_Companies.csv#L1051,No name-only merge: source-row identity prevents conflating documented startup homonyms.
startup,yc-vault:2025-04-21:YC_Companies.csv:row:1052,New Incentives,2865b9e2-548a-5ee3-8790-4e50d69403ad,New Incentives,source_row_identity,1.0,https://github.com/lukaflpvc/YC-Vault/blob/1c86f32a981d479249496298f6bb746ff3c79efe/data/2025-04-21/YC_Companies.csv#L1052,No name-only merge: source-row identity prevents conflating documented startup homonyms.
startup,yc-vault:2025-04-21:YC_Companies.csv:row:1053,Kenota (formerly ExVivo Labs),bac1c8c2-09b9-5c1f-9771-eb604321dd5b,Kenota (formerly ExVivo Labs),source_row_identity,1.0,https://github.com/lukaflpvc/YC-Vault/blob/1c86f32a981d479249496298f6bb746ff3c79efe/data/2025-04-21/YC_Companies.csv#L1053,No name-only merge: source-row identity prevents conflating documented startup homonyms.
startup,yc-vault:2025-04-21:YC_Companies.csv:row:1054,Multiply Labs,8e9d93ef-d5c2-5960-a823-30dccbde3b31,Multiply Labs,source_row_identity,1.0,https://github.com/lukaflpvc/YC-Vault/blob/1c86f32a981d479249496298f6bb746ff3c79efe/data/2025-04-21/YC_Companies.csv#L1054,No name-only merge: source-row identity prevents conflating documented startup homonyms.
startup,yc-vault:2025-04-21:YC_Companies.csv:row:1055,Women Who Code,59270e3a-152d-5afa-8719-cf0c6b2df0b2,Women Who Code,source_row_identity,1.0,https://github.com/lukaflpvc/YC-Vault/blob/1c86f32a981d479249496298f6bb746ff3c79efe/data/2025-04-21/YC_Companies.csv#L1055,No name-only merge: source-row identity prevents conflating documented startup homonyms.
startup,yc-vault:2025-04-21:YC_Companies.csv:row:1056,The Flex Company,22d1fe74-10b2-5a5c-a53a-2b84a54f0bb8,The Flex Company,source_row_identity,1.0,https://github.com/lukaflpvc/YC-Vault/blob/1c86f32a981d479249496298f6bb746ff3c79efe/data/2025-04-21/YC_Companies.csv#L1056,No name-only merge: source-row identity prevents conflating documented startup homonyms.
startup,yc-vault:2025-04-21:YC_Companies.csv:row:1057,OneChronos,78c2b062-1552-5fc6-a1db-c34b284f2853,OneChronos,source_row_identity,1.0,https://github.com/lukaflpvc/YC-Vault/blob/1c86f32a981d479249496298f6bb746ff3c79efe/data/2025-04-21/YC_Companies.csv#L1057,No name-only merge: source-row identity prevents conflating documented startup homonyms.
startup,yc-vault:2025-04-21:YC_Companies.csv:row:1058,Nova Credit,b4054dc4-7ebb-5b24-95a6-0bdc9d1480fd,Nova Credit,source_row_identity,1.0,https://github.com/lukaflpvc/YC-Vault/blob/1c86f32a981d479249496298f6bb746ff3c79efe/data/2025-04-21/YC_Companies.csv#L1058,No name-only merge: source-row identity prevents conflating documented startup homonyms.
startup,yc-vault:2025-04-21:YC_Companies.csv:row:1059,Instrumentl,90241a31-d75f-58d4-b1b2-b4e209e5bcb4,Instrumentl,source_row_identity,1.0,https://github.com/lukaflpvc/YC-Vault/blob/1c86f32a981d479249496298f6bb746ff3c79efe/data/2025-04-21/YC_Companies.csv#L1059,No name-only merge: source-row identity prevents conflating documented startup homonyms.
startup,yc-vault:2025-04-21:YC_Companies.csv:row:1060,RocketLit,285ba2bb-7154-5580-84eb-6f2fe892d780,RocketLit,source_row_identity,1.0,https://github.com/lukaflpvc/YC-Vault/blob/1c86f32a981d479249496298f6bb746ff3c79efe/data/2025-04-21/YC_Companies.csv#L1060,No name-only merge: source-row identity prevents conflating documented startup homonyms.
startup,yc-vault:2025-04-21:YC_Companies.csv:row:1061,Livement,d1346464-e34a-5fdd-986f-d7d5322ce4c0,Livement,source_row_identity,1.0,https://github.com/lukaflpvc/YC-Vault/blob/1c86f32a981d479249496298f6bb746ff3c79efe/data/2025-04-21/YC_Companies.csv#L1061,No name-only merge: source-row identity prevents conflating documented startup homonyms.
startup,yc-vault:2025-04-21:YC_Companies.csv:row:1062,Rose Rocket,b52c9482-39bb-53b2-82f4-a3fafaaad6f6,Rose Rocket,source_row_identity,1.0,https://github.com/lukaflpvc/YC-Vault/blob/1c86f32a981d479249496298f6bb746ff3c79efe/data/2025-04-21/YC_Companies.csv#L1062,No name-only merge: source-row identity prevents conflating documented startup homonyms.
startup,yc-vault:2025-04-21:YC_Companies.csv:row:1064,Upgraded,00cd9f8b-6109-59f1-ad15-e17ed2115e12,Upgraded,source_row_identity,1.0,https://github.com/lukaflpvc/YC-Vault/blob/1c86f32a981d479249496298f6bb746ff3c79efe/data/2025-04-21/YC_Companies.csv#L1064,No name-only merge: source-row identity prevents conflating documented startup homonyms.
startup,yc-vault:2025-04-21:YC_Companies.csv:row:1065,Raptor Maps,fe19312a-6566-5afa-9469-663405992b8e,Raptor Maps,source_row_identity,1.0,https://github.com/lukaflpvc/YC-Vault/blob/1c86f32a981d479249496298f6bb746ff3c79efe/data/2025-04-21/YC_Companies.csv#L1065,No name-only merge: source-row identity prevents conflating documented startup homonyms.
startup,yc-vault:2025-04-21:YC_Companies.csv:row:1066,Joy,ca8fd06a-ce87-5425-aed4-5108659b77de,Joy,source_row_identity,1.0,https://github.com/lukaflpvc/YC-Vault/blob/1c86f32a981d479249496298f6bb746ff3c79efe/data/2025-04-21/YC_Companies.csv#L1066,No name-only merge: source-row identity prevents conflating documented startup homonyms.
startup,yc-vault:2025-04-21:YC_Companies.csv:row:1067,CareRev,1eff0102-b565-533a-88db-caa610972c36,CareRev,source_row_identity,1.0,https://github.com/lukaflpvc/YC-Vault/blob/1c86f32a981d479249496298f6bb746ff3c79efe/data/2025-04-21/YC_Companies.csv#L1067,No name-only merge: source-row identity prevents conflating documented startup homonyms.
startup,yc-vault:2025-04-21:YC_Companies.csv:row:1068,WorkRamp,7b8e9e86-9624-5cdc-8c68-d3bc0c26100f,WorkRamp,source_row_identity,1.0,https://github.com/lukaflpvc/YC-Vault/blob/1c86f32a981d479249496298f6bb746ff3c79efe/data/2025-04-21/YC_Companies.csv#L1068,No name-only merge: source-row identity prevents conflating documented startup homonyms.
startup,yc-vault:2025-04-21:YC_Companies.csv:row:1069,Vetcove,64571658-661b-5ed7-8356-6cce970d9e59,Vetcove,source_row_identity,1.0,https://github.com/lukaflpvc/YC-Vault/blob/1c86f32a981d479249496298f6bb746ff3c79efe/data/2025-04-21/YC_Companies.csv#L1069,No name-only merge: source-row identity prevents conflating documented startup homonyms.
startup,yc-vault:2025-04-21:YC_Companies.csv:row:1070,NuCypher (aka Threshold Network),18f45178-8a50-5dc8-8bfc-c9de596cc531,NuCypher (aka Threshold Network),source_row_identity,1.0,https://github.com/lukaflpvc/YC-Vault/blob/1c86f32a981d479249496298f6bb746ff3c79efe/data/2025-04-21/YC_Companies.csv#L1070,No name-only merge: source-row identity prevents conflating documented startup homonyms.
startup,yc-vault:2025-04-21:YC_Companies.csv:row:1071,Prime Lightworks,bffdbb04-b4ee-5da5-a544-3f207649cd92,Prime Lightworks,source_row_identity,1.0,https://github.com/lukaflpvc/YC-Vault/blob/1c86f32a981d479249496298f6bb746ff3c79efe/data/2025-04-21/YC_Companies.csv#L1071,No name-only merge: source-row identity prevents conflating documented startup homonyms.
startup,yc-vault:2025-04-21:YC_Companies.csv:row:1072,RunKit,009f4603-f472-57a4-90a9-db8c706d6342,RunKit,source_row_identity,1.0,https://github.com/lukaflpvc/YC-Vault/blob/1c86f32a981d479249496298f6bb746ff3c79efe/data/2025-04-21/YC_Companies.csv#L1072,No name-only merge: source-row identity prevents conflating documented startup homonyms.
startup,yc-vault:2025-04-21:YC_Companies.csv:row:1074,Innov8,1327b02b-188c-5802-9eaa-397c0ee51f76,Innov8,source_row_identity,1.0,https://github.com/lukaflpvc/YC-Vault/blob/1c86f32a981d479249496298f6bb746ff3c79efe/data/2025-04-21/YC_Companies.csv#L1074,No name-only merge: source-row identity prevents conflating documented startup homonyms.
startup,yc-vault:2025-04-21:YC_Companies.csv:row:1075,Polymail,a4f2077e-b907-56e6-9706-34647ec88dab,Polymail,source_row_identity,1.0,https://github.com/lukaflpvc/YC-Vault/blob/1c86f32a981d479249496298f6bb746ff3c79efe/data/2025-04-21/YC_Companies.csv#L1075,No name-only merge: source-row identity prevents conflating documented startup homonyms.
startup,yc-vault:2025-04-21:YC_Companies.csv:row:1076,Saleswhale,9d3a5dd1-88bd-53bd-97cd-63c4bb2a2738,Saleswhale,source_row_identity,1.0,https://github.com/lukaflpvc/YC-Vault/blob/1c86f32a981d479249496298f6bb746ff3c79efe/data/2025-04-21/YC_Companies.csv#L1076,No name-only merge: source-row identity prevents conflating documented startup homonyms.
startup,yc-vault:2025-04-21:YC_Companies.csv:row:1077,CrowdAI,5a014498-57d0-535a-a5ee-9a2ece2303b2,CrowdAI,source_row_identity,1.0,https://github.com/lukaflpvc/YC-Vault/blob/1c86f32a981d479249496298f6bb746ff3c79efe/data/2025-04-21/YC_Companies.csv#L1077,No name-only merge: source-row identity prevents conflating documented startup homonyms.
startup,yc-vault:2025-04-21:YC_Companies.csv:row:1078,Bulldozair,440a6633-5ef6-53dd-9ced-368074e54224,Bulldozair,source_row_identity,1.0,https://github.com/lukaflpvc/YC-Vault/blob/1c86f32a981d479249496298f6bb746ff3c79efe/data/2025-04-21/YC_Companies.csv#L1078,No name-only merge: source-row identity prevents conflating documented startup homonyms.
startup,yc-vault:2025-04-21:YC_Companies.csv:row:1079,NeoWize,749a463e-716c-5f20-867a-01b9c4c672c3,NeoWize,source_row_identity,1.0,https://github.com/lukaflpvc/YC-Vault/blob/1c86f32a981d479249496298f6bb746ff3c79efe/data/2025-04-21/YC_Companies.csv#L1079,No name-only merge: source-row identity prevents conflating documented startup homonyms.
startup,yc-vault:2025-04-21:YC_Companies.csv:row:1080,Vidcode,90fba04c-00bb-5569-9e28-bc598bc1bca9,Vidcode,source_row_identity,1.0,https://github.com/lukaflpvc/YC-Vault/blob/1c86f32a981d479249496298f6bb746ff3c79efe/data/2025-04-21/YC_Companies.csv#L1080,No name-only merge: source-row identity prevents conflating documented startup homonyms.
startup,yc-vault:2025-04-21:YC_Companies.csv:row:1081,Symple,3af1a8ec-7f9c-5205-a306-f006f3a93333,Symple,source_row_identity,1.0,https://github.com/lukaflpvc/YC-Vault/blob/1c86f32a981d479249496298f6bb746ff3c79efe/data/2025-04-21/YC_Companies.csv#L1081,No name-only merge: source-row identity prevents conflating documented startup homonyms.
startup,yc-vault:2025-04-21:YC_Companies.csv:row:1082,Revlo,a8d0cb2d-86ba-57d9-acc6-f7ca89ab540a,Revlo,source_row_identity,1.0,https://github.com/lukaflpvc/YC-Vault/blob/1c86f32a981d479249496298f6bb746ff3c79efe/data/2025-04-21/YC_Companies.csv#L1082,No name-only merge: source-row identity prevents conflating documented startup homonyms.
startup,yc-vault:2025-04-21:YC_Companies.csv:row:1083,Burrow,200a11cc-f7b0-537e-80a2-ea3565cd98c4,Burrow,source_row_identity,1.0,https://github.com/lukaflpvc/YC-Vault/blob/1c86f32a981d479249496298f6bb746ff3c79efe/data/2025-04-21/YC_Companies.csv#L1083,No name-only merge: source-row identity prevents conflating documented startup homonyms.
startup,yc-vault:2025-04-21:YC_Companies.csv:row:1084,garten,78473d49-ae80-5843-804d-1536d0a8ba42,garten,source_row_identity,1.0,https://github.com/lukaflpvc/YC-Vault/blob/1c86f32a981d479249496298f6bb746ff3c79efe/data/2025-04-21/YC_Companies.csv#L1084,No name-only merge: source-row identity prevents conflating documented startup homonyms.
startup,yc-vault:2025-04-21:YC_Companies.csv:row:1085,Fabric,627b440c-2e70-5f9f-a03d-d5f4199e0a5a,Fabric,source_row_identity,1.0,https://github.com/lukaflpvc/YC-Vault/blob/1c86f32a981d479249496298f6bb746ff3c79efe/data/2025-04-21/YC_Companies.csv#L1085,No name-only merge: source-row identity prevents conflating documented startup homonyms.
startup,yc-vault:2025-04-21:YC_Companies.csv:row:1086,Techmate,e0bdefb2-d06f-5344-864b-e3879ec8c263,Techmate,source_row_identity,1.0,https://github.com/lukaflpvc/YC-Vault/blob/1c86f32a981d479249496298f6bb746ff3c79efe/data/2025-04-21/YC_Companies.csv#L1086,No name-only merge: source-row identity prevents conflating documented startup homonyms.
startup,yc-vault:2025-04-21:YC_Companies.csv:row:1087,Opsolutely,be82de2e-5a2d-5b79-b2a4-b11a9d8e8fbc,Opsolutely,source_row_identity,1.0,https://github.com/lukaflpvc/YC-Vault/blob/1c86f32a981d479249496298f6bb746ff3c79efe/data/2025-04-21/YC_Companies.csv#L1087,No name-only merge: source-row identity prevents conflating documented startup homonyms.
startup,yc-vault:2025-04-21:YC_Companies.csv:row:1089,SimpleCitizen,d4301e71-a401-5076-8962-688f1fa59411,SimpleCitizen,source_row_identity,1.0,https://github.com/lukaflpvc/YC-Vault/blob/1c86f32a981d479249496298f6bb746ff3c79efe/data/2025-04-21/YC_Companies.csv#L1089,No name-only merge: source-row identity prevents conflating documented startup homonyms.
startup,yc-vault:2025-04-21:YC_Companies.csv:row:1090,Seneca Systems,a88543aa-7f20-5a23-b696-0cad74fc253c,Seneca Systems,source_row_identity,1.0,https://github.com/lukaflpvc/YC-Vault/blob/1c86f32a981d479249496298f6bb746ff3c79efe/data/2025-04-21/YC_Companies.csv#L1090,No name-only merge: source-row identity prevents conflating documented startup homonyms.
startup,yc-vault:2025-04-21:YC_Companies.csv:row:1091,SkyLights,b466bf5c-ac9b-573f-bfe4-36ab1cc0cb4f,SkyLights,source_row_identity,1.0,https://github.com/lukaflpvc/YC-Vault/blob/1c86f32a981d479249496298f6bb746ff3c79efe/data/2025-04-21/YC_Companies.csv#L1091,No name-only merge: source-row identity prevents conflating documented startup homonyms.
startup,yc-vault:2025-04-21:YC_Companies.csv:row:1092,UtilityScore (formerly Pando),158bbac2-fefc-5de7-80bc-df12733795ac,UtilityScore (formerly Pando),source_row_identity,1.0,https://github.com/lukaflpvc/YC-Vault/blob/1c86f32a981d479249496298f6bb746ff3c79efe/data/2025-04-21/YC_Companies.csv#L1092,No name-only merge: source-row identity prevents conflating documented startup homonyms.
startup,yc-vault:2025-04-21:YC_Companies.csv:row:1093,Reebeez,450aae5c-efed-5597-a161-3234416ba97c,Reebeez,source_row_identity,1.0,https://github.com/lukaflpvc/YC-Vault/blob/1c86f32a981d479249496298f6bb746ff3c79efe/data/2025-04-21/YC_Companies.csv#L1093,No name-only merge: source-row identity prevents conflating documented startup homonyms.
startup,yc-vault:2025-04-21:YC_Companies.csv:row:1095,Ubiq,1d8445d4-3da7-5558-9aeb-9527a17c1c38,Ubiq,source_row_identity,1.0,https://github.com/lukaflpvc/YC-Vault/blob/1c86f32a981d479249496298f6bb746ff3c79efe/data/2025-04-21/YC_Companies.csv#L1095,No name-only merge: source-row identity prevents conflating documented startup homonyms.
startup,yc-vault:2025-04-21:YC_Companies.csv:row:1096,Abundance Labs,018affb3-6186-5aae-ab23-9dec10b2c09f,Abundance Labs,source_row_identity,1.0,https://github.com/lukaflpvc/YC-Vault/blob/1c86f32a981d479249496298f6bb746ff3c79efe/data/2025-04-21/YC_Companies.csv#L1096,No name-only merge: source-row identity prevents conflating documented startup homonyms.
startup,yc-vault:2025-04-21:YC_Companies.csv:row:1097,GTRACK Technologies,3782ebcf-73b8-5114-b156-785d9b1a4fb3,GTRACK Technologies,source_row_identity,1.0,https://github.com/lukaflpvc/YC-Vault/blob/1c86f32a981d479249496298f6bb746ff3c79efe/data/2025-04-21/YC_Companies.csv#L1097,No name-only merge: source-row identity prevents conflating documented startup homonyms.
startup,yc-vault:2025-04-21:YC_Companies.csv:row:1098,Xberts,568b80c1-1401-5092-b439-513d7769821c,Xberts,source_row_identity,1.0,https://github.com/lukaflpvc/YC-Vault/blob/1c86f32a981d479249496298f6bb746ff3c79efe/data/2025-04-21/YC_Companies.csv#L1098,No name-only merge: source-row identity prevents conflating documented startup homonyms.
startup,yc-vault:2025-04-21:YC_Companies.csv:row:1099,Scanate/Fellow,f1bdc3fa-42e6-5157-a5c6-aaf62b9ace13,Scanate/Fellow,source_row_identity,1.0,https://github.com/lukaflpvc/YC-Vault/blob/1c86f32a981d479249496298f6bb746ff3c79efe/data/2025-04-21/YC_Companies.csv#L1099,No name-only merge: source-row identity prevents conflating documented startup homonyms.
startup,yc-vault:2025-04-21:YC_Companies.csv:row:1100,Starsky Robotics,b4745950-7b6a-5943-9c25-6ed5396813b8,Starsky Robotics,source_row_identity,1.0,https://github.com/lukaflpvc/YC-Vault/blob/1c86f32a981d479249496298f6bb746ff3c79efe/data/2025-04-21/YC_Companies.csv#L1100,No name-only merge: source-row identity prevents conflating documented startup homonyms.
startup,yc-vault:2025-04-21:YC_Companies.csv:row:1101,Seerslab,788bb3a1-6891-5545-aabd-4c8f3bcd5321,Seerslab,source_row_identity,1.0,https://github.com/lukaflpvc/YC-Vault/blob/1c86f32a981d479249496298f6bb746ff3c79efe/data/2025-04-21/YC_Companies.csv#L1101,No name-only merge: source-row identity prevents conflating documented startup homonyms.
startup,yc-vault:2025-04-21:YC_Companies.csv:row:1102,Drivezy,b4350f11-6f15-57f1-9129-78dc3bee2488,Drivezy,source_row_identity,1.0,https://github.com/lukaflpvc/YC-Vault/blob/1c86f32a981d479249496298f6bb746ff3c79efe/data/2025-04-21/YC_Companies.csv#L1102,No name-only merge: source-row identity prevents conflating documented startup homonyms.
startup,yc-vault:2025-04-21:YC_Companies.csv:row:1103,Airo Health,e0c3323e-173e-536d-b868-4722ba7c1dc4,Airo Health,source_row_identity,1.0,https://github.com/lukaflpvc/YC-Vault/blob/1c86f32a981d479249496298f6bb746ff3c79efe/data/2025-04-21/YC_Companies.csv#L1103,No name-only merge: source-row identity prevents conflating documented startup homonyms.
startup,yc-vault:2025-04-21:YC_Companies.csv:row:1105,Coub,b60feab9-e584-5d0a-9a79-c2d909a5fff1,Coub,source_row_identity,1.0,https://github.com/lukaflpvc/YC-Vault/blob/1c86f32a981d479249496298f6bb746ff3c79efe/data/2025-04-21/YC_Companies.csv#L1105,No name-only merge: source-row identity prevents conflating documented startup homonyms.
startup,yc-vault:2025-04-21:YC_Companies.csv:row:1106,Robby Technologies,c881ddc8-2ddb-5260-a25f-6e712cde21f5,Robby Technologies,source_row_identity,1.0,https://github.com/lukaflpvc/YC-Vault/blob/1c86f32a981d479249496298f6bb746ff3c79efe/data/2025-04-21/YC_Companies.csv#L1106,No name-only merge: source-row identity prevents conflating documented startup homonyms.
startup,yc-vault:2025-04-21:YC_Companies.csv:row:1107,Mosaix.ai,2af23736-9ffe-52f1-b028-54e0972d7e2b,Mosaix.ai,source_row_identity,1.0,https://github.com/lukaflpvc/YC-Vault/blob/1c86f32a981d479249496298f6bb746ff3c79efe/data/2025-04-21/YC_Companies.csv#L1107,No name-only merge: source-row identity prevents conflating documented startup homonyms.
startup,yc-vault:2025-04-21:YC_Companies.csv:row:1108,Clip Health,3b0fea1b-4fd5-5ce0-a1b0-3a4fe0900b1a,Clip Health,source_row_identity,1.0,https://github.com/lukaflpvc/YC-Vault/blob/1c86f32a981d479249496298f6bb746ff3c79efe/data/2025-04-21/YC_Companies.csv#L1108,No name-only merge: source-row identity prevents conflating documented startup homonyms.
startup,yc-vault:2025-04-21:YC_Companies.csv:row:1109,Shield Bio,bb9ca86f-2377-5f22-a50a-85214d03c2a5,Shield Bio,source_row_identity,1.0,https://github.com/lukaflpvc/YC-Vault/blob/1c86f32a981d479249496298f6bb746ff3c79efe/data/2025-04-21/YC_Companies.csv#L1109,No name-only merge: source-row identity prevents conflating documented startup homonyms.
startup,yc-vault:2025-04-21:YC_Companies.csv:row:1110,CoinTent,aaff285f-96c8-5c39-a5e1-1795fab2ab62,CoinTent,source_row_identity,1.0,https://github.com/lukaflpvc/YC-Vault/blob/1c86f32a981d479249496298f6bb746ff3c79efe/data/2025-04-21/YC_Companies.csv#L1110,No name-only merge: source-row identity prevents conflating documented startup homonyms.
startup,yc-vault:2025-04-21:YC_Companies.csv:row:1111,Haywheel,fa5132c0-4117-57ba-894a-033f53f96b75,Haywheel,source_row_identity,1.0,https://github.com/lukaflpvc/YC-Vault/blob/1c86f32a981d479249496298f6bb746ff3c79efe/data/2025-04-21/YC_Companies.csv#L1111,No name-only merge: source-row identity prevents conflating documented startup homonyms.
startup,yc-vault:2025-04-21:YC_Companies.csv:row:1112,Looklive,497443b7-81b4-57c8-8373-d5f0ca28ec08,Looklive,source_row_identity,1.0,https://github.com/lukaflpvc/YC-Vault/blob/1c86f32a981d479249496298f6bb746ff3c79efe/data/2025-04-21/YC_Companies.csv#L1112,No name-only merge: source-row identity prevents conflating documented startup homonyms.
startup,yc-vault:2025-04-21:YC_Companies.csv:row:1113,Metapacket,a611bde8-a9c7-5ba0-83b0-164127c48066,Metapacket,source_row_identity,1.0,https://github.com/lukaflpvc/YC-Vault/blob/1c86f32a981d479249496298f6bb746ff3c79efe/data/2025-04-21/YC_Companies.csv#L1113,No name-only merge: source-row identity prevents conflating documented startup homonyms.
startup,yc-vault:2025-04-21:YC_Companies.csv:row:1114,Sway Finance,758fd3a0-26e9-5a53-b700-909c383adcd2,Sway Finance,source_row_identity,1.0,https://github.com/lukaflpvc/YC-Vault/blob/1c86f32a981d479249496298f6bb746ff3c79efe/data/2025-04-21/YC_Companies.csv#L1114,No name-only merge: source-row identity prevents conflating documented startup homonyms.
startup,yc-vault:2025-04-21:YC_Companies.csv:row:1115,Hush,f66fa76e-8ddf-555e-8fdd-7247f7fc8590,Hush,source_row_identity,1.0,https://github.com/lukaflpvc/YC-Vault/blob/1c86f32a981d479249496298f6bb746ff3c79efe/data/2025-04-21/YC_Companies.csv#L1115,No name-only merge: source-row identity prevents conflating documented startup homonyms.
startup,yc-vault:2025-04-21:YC_Companies.csv:row:1116,Whyd,aab0ea66-fc5e-5098-a1d1-899200771924,Whyd,source_row_identity,1.0,https://github.com/lukaflpvc/YC-Vault/blob/1c86f32a981d479249496298f6bb746ff3c79efe/data/2025-04-21/YC_Companies.csv#L1116,No name-only merge: source-row identity prevents conflating documented startup homonyms.
startup,yc-vault:2025-04-21:YC_Companies.csv:row:1117,RigPlenish,54801853-c3f4-5663-84a7-f96ec901ac51,RigPlenish,source_row_identity,1.0,https://github.com/lukaflpvc/YC-Vault/blob/1c86f32a981d479249496298f6bb746ff3c79efe/data/2025-04-21/YC_Companies.csv#L1117,No name-only merge: source-row identity prevents conflating documented startup homonyms.
startup,yc-vault:2025-04-21:YC_Companies.csv:row:1118,Farmstead,862540ae-5f42-56f2-bafe-706ac243d6ae,Farmstead,source_row_identity,1.0,https://github.com/lukaflpvc/YC-Vault/blob/1c86f32a981d479249496298f6bb746ff3c79efe/data/2025-04-21/YC_Companies.csv#L1118,No name-only merge: source-row identity prevents conflating documented startup homonyms.
startup,yc-vault:2025-04-21:YC_Companies.csv:row:1119,Hellobill,c408479a-6ccf-561c-aa04-f9108f8ecf07,Hellobill,source_row_identity,1.0,https://github.com/lukaflpvc/YC-Vault/blob/1c86f32a981d479249496298f6bb746ff3c79efe/data/2025-04-21/YC_Companies.csv#L1119,No name-only merge: source-row identity prevents conflating documented startup homonyms.
startup,yc-vault:2025-04-21:YC_Companies.csv:row:1120,PatientBank,53b57f9e-ac50-5224-8527-233676874654,PatientBank,source_row_identity,1.0,https://github.com/lukaflpvc/YC-Vault/blob/1c86f32a981d479249496298f6bb746ff3c79efe/data/2025-04-21/YC_Companies.csv#L1120,No name-only merge: source-row identity prevents conflating documented startup homonyms.
startup,yc-vault:2025-04-21:YC_Companies.csv:row:1121,Sixa,e4805c09-b146-5109-989b-a3dc7bfbb59c,Sixa,source_row_identity,1.0,https://github.com/lukaflpvc/YC-Vault/blob/1c86f32a981d479249496298f6bb746ff3c79efe/data/2025-04-21/YC_Companies.csv#L1121,No name-only merge: source-row identity prevents conflating documented startup homonyms.
startup,yc-vault:2025-04-21:YC_Companies.csv:row:1122,Selfycart,70f4faf2-d58b-5621-96df-a7dd6fda08a3,Selfycart,source_row_identity,1.0,https://github.com/lukaflpvc/YC-Vault/blob/1c86f32a981d479249496298f6bb746ff3c79efe/data/2025-04-21/YC_Companies.csv#L1122,No name-only merge: source-row identity prevents conflating documented startup homonyms.
startup,yc-vault:2025-04-21:YC_Companies.csv:row:1123,SmartSite,b4b2fde4-39f5-5f4b-8192-e3b051cbb36c,SmartSite,source_row_identity,1.0,https://github.com/lukaflpvc/YC-Vault/blob/1c86f32a981d479249496298f6bb746ff3c79efe/data/2025-04-21/YC_Companies.csv#L1123,No name-only merge: source-row identity prevents conflating documented startup homonyms.
startup,yc-vault:2025-04-21:YC_Companies.csv:row:1124,Mindori,05f93868-e07b-51c4-b71f-0905cba0aa86,Mindori,source_row_identity,1.0,https://github.com/lukaflpvc/YC-Vault/blob/1c86f32a981d479249496298f6bb746ff3c79efe/data/2025-04-21/YC_Companies.csv#L1124,No name-only merge: source-row identity prevents conflating documented startup homonyms.
startup,yc-vault:2025-04-21:YC_Companies.csv:row:1125,The Rumie Initiative,0b99350c-e1be-5585-a392-e42b85b084e8,The Rumie Initiative,source_row_identity,1.0,https://github.com/lukaflpvc/YC-Vault/blob/1c86f32a981d479249496298f6bb746ff3c79efe/data/2025-04-21/YC_Companies.csv#L1125,No name-only merge: source-row identity prevents conflating documented startup homonyms.
startup,yc-vault:2025-04-21:YC_Companies.csv:row:1126,Sense Education,79a47469-c6d0-5800-ac2d-5746bbf8e303,Sense Education,source_row_identity,1.0,https://github.com/lukaflpvc/YC-Vault/blob/1c86f32a981d479249496298f6bb746ff3c79efe/data/2025-04-21/YC_Companies.csv#L1126,No name-only merge: source-row identity prevents conflating documented startup homonyms.
startup,yc-vault:2025-04-21:YC_Companies.csv:row:1127,Sown To Grow,50368c4b-8df7-50c1-8738-f804079ab8f2,Sown To Grow,source_row_identity,1.0,https://github.com/lukaflpvc/YC-Vault/blob/1c86f32a981d479249496298f6bb746ff3c79efe/data/2025-04-21/YC_Companies.csv#L1127,No name-only merge: source-row identity prevents conflating documented startup homonyms.
startup,yc-vault:2025-04-21:YC_Companies.csv:row:1128,Swing Education,ca7fc144-5525-5def-a2ba-85d1e56a7a70,Swing Education,source_row_identity,1.0,https://github.com/lukaflpvc/YC-Vault/blob/1c86f32a981d479249496298f6bb746ff3c79efe/data/2025-04-21/YC_Companies.csv#L1128,No name-only merge: source-row identity prevents conflating documented startup homonyms.
startup,yc-vault:2025-04-21:YC_Companies.csv:row:1129,KickUp,a522f1d7-cad2-58a1-b472-af6bb69a56d3,KickUp,source_row_identity,1.0,https://github.com/lukaflpvc/YC-Vault/blob/1c86f32a981d479249496298f6bb746ff3c79efe/data/2025-04-21/YC_Companies.csv#L1129,No name-only merge: source-row identity prevents conflating documented startup homonyms.
startup,yc-vault:2025-04-21:YC_Companies.csv:row:1130,ProjectPro,6fa5808c-0014-5b25-8384-1edbf58db92e,ProjectPro,source_row_identity,1.0,https://github.com/lukaflpvc/YC-Vault/blob/1c86f32a981d479249496298f6bb746ff3c79efe/data/2025-04-21/YC_Companies.csv#L1130,No name-only merge: source-row identity prevents conflating documented startup homonyms.
startup,yc-vault:2025-04-21:YC_Companies.csv:row:1132,AdmitSee,3acf2736-f320-504a-988f-dc26bdd2f565,AdmitSee,source_row_identity,1.0,https://github.com/lukaflpvc/YC-Vault/blob/1c86f32a981d479249496298f6bb746ff3c79efe/data/2025-04-21/YC_Companies.csv#L1132,No name-only merge: source-row identity prevents conflating documented startup homonyms.
startup,yc-vault:2025-04-21:YC_Companies.csv:row:1133,Trinket,12c5f38a-ebec-5b19-82b5-bcffb3d5c4be,Trinket,source_row_identity,1.0,https://github.com/lukaflpvc/YC-Vault/blob/1c86f32a981d479249496298f6bb746ff3c79efe/data/2025-04-21/YC_Companies.csv#L1133,No name-only merge: source-row identity prevents conflating documented startup homonyms.
startup,yc-vault:2025-04-21:YC_Companies.csv:row:1134,ReadWorks,4a1d6aa8-1fc0-5108-8435-b5fdb547d358,ReadWorks,source_row_identity,1.0,https://github.com/lukaflpvc/YC-Vault/blob/1c86f32a981d479249496298f6bb746ff3c79efe/data/2025-04-21/YC_Companies.csv#L1134,No name-only merge: source-row identity prevents conflating documented startup homonyms.
startup,yc-vault:2025-04-21:YC_Companies.csv:row:1135,Educents,5e9711ee-3922-5018-ba6e-9ca50a8d414e,Educents,source_row_identity,1.0,https://github.com/lukaflpvc/YC-Vault/blob/1c86f32a981d479249496298f6bb746ff3c79efe/data/2025-04-21/YC_Companies.csv#L1135,No name-only merge: source-row identity prevents conflating documented startup homonyms.
startup,yc-vault:2025-04-21:YC_Companies.csv:row:1136,Formative,6ad4c803-c481-5a5f-8c17-db696b007af1,Formative,source_row_identity,1.0,https://github.com/lukaflpvc/YC-Vault/blob/1c86f32a981d479249496298f6bb746ff3c79efe/data/2025-04-21/YC_Companies.csv#L1136,No name-only merge: source-row identity prevents conflating documented startup homonyms.
startup,yc-vault:2025-04-21:YC_Companies.csv:row:1137,Peekapak,d3528ca9-ba0f-5af2-bd7a-609ffab8f6c8,Peekapak,source_row_identity,1.0,https://github.com/lukaflpvc/YC-Vault/blob/1c86f32a981d479249496298f6bb746ff3c79efe/data/2025-04-21/YC_Companies.csv#L1137,No name-only merge: source-row identity prevents conflating documented startup homonyms.
startup,yc-vault:2025-04-21:YC_Companies.csv:row:1138,TeachMe,31d078f6-b7f3-54f6-9781-6f915551e4e0,TeachMe,source_row_identity,1.0,https://github.com/lukaflpvc/YC-Vault/blob/1c86f32a981d479249496298f6bb746ff3c79efe/data/2025-04-21/YC_Companies.csv#L1138,No name-only merge: source-row identity prevents conflating documented startup homonyms.
product,ai-tools-list:AIToolsList.json:1,scrip-ai,a3eb6240-84dc-55b1-b6af-a82351765265,https://scripai.com,canonical_product_url,1.0,https://github.com/lakey009/AI-Tools-List/blob/ccdff902d7e77774df46e66761e811ada4838ea1/AIToolsList.json,Unique normalized product URL after deterministic www/trailing-slash deduplication.
product,ai-tools-list:AIToolsList.json:2,quickads,9743742e-a1c0-5a9b-8dc5-f25db7c9417f,https://www.quickads.ai,canonical_product_url,1.0,https://github.com/lakey009/AI-Tools-List/blob/ccdff902d7e77774df46e66761e811ada4838ea1/AIToolsList.json,Unique normalized product URL after deterministic www/trailing-slash deduplication.
product,ai-tools-list:AIToolsList.json:3,wonderchat,da9ca2d3-12fb-517b-8ea6-3af59964d50a,https://wonderchat.io,canonical_product_url,1.0,https://github.com/lakey009/AI-Tools-List/blob/ccdff902d7e77774df46e66761e811ada4838ea1/AIToolsList.json,Unique normalized product URL after deterministic www/trailing-slash deduplication.
product,ai-tools-list:AIToolsList.json:5,blobr,0ef86ec3-31c1-5cd8-976a-011f266f04b1,https://blobr.io,canonical_product_url,1.0,https://github.com/lakey009/AI-Tools-List/blob/ccdff902d7e77774df46e66761e811ada4838ea1/AIToolsList.json,Unique normalized product URL after deterministic www/trailing-slash deduplication.
product,ai-tools-list:AIToolsList.json:6,pencil,162d5455-01b1-5e7e-a5ca-d7ddaf320b24,https://trypencil.com,canonical_product_url,1.0,https://github.com/lakey009/AI-Tools-List/blob/ccdff902d7e77774df46e66761e811ada4838ea1/AIToolsList.json,Unique normalized product URL after deterministic www/trailing-slash deduplication.
product,ai-tools-list:AIToolsList.json:7,freeadcopy-com,0b1efaf9-7a88-599b-b048-cc6b1c836539,https://freeadcopy.com,canonical_product_url,1.0,https://github.com/lakey009/AI-Tools-List/blob/ccdff902d7e77774df46e66761e811ada4838ea1/AIToolsList.json,Unique normalized product URL after deterministic www/trailing-slash deduplication.
product,ai-tools-list:AIToolsList.json:8,marpipe-com,32c974c0-b3d9-5d59-8978-5eb8134ff8a6,https://www.marpipe.com/schedule-ec,canonical_product_url,1.0,https://github.com/lakey009/AI-Tools-List/blob/ccdff902d7e77774df46e66761e811ada4838ea1/AIToolsList.json,Unique normalized product URL after deterministic www/trailing-slash deduplication.
product,ai-tools-list:AIToolsList.json:9,omneky,7dc9486f-57a3-5049-a066-2f915d69c99b,https://www.omneky.com,canonical_product_url,1.0,https://github.com/lakey009/AI-Tools-List/blob/ccdff902d7e77774df46e66761e811ada4838ea1/AIToolsList.json,Unique normalized product URL after deterministic www/trailing-slash deduplication.
product,ai-tools-list:AIToolsList.json:10,kilo-ai,e3f5298b-ba55-5f2c-a431-70f2c5c61164,https://kilocode.ai,canonical_product_url,1.0,https://github.com/lakey009/AI-Tools-List/blob/ccdff902d7e77774df46e66761e811ada4838ea1/AIToolsList.json,Unique normalized product URL after deterministic www/trailing-slash deduplication.
product,ai-tools-list:AIToolsList.json:11,30characters,81e3fc3a-e17f-515c-ba7a-984374052c55,https://30chars.com,canonical_product_url,1.0,https://github.com/lakey009/AI-Tools-List/blob/ccdff902d7e77774df46e66761e811ada4838ea1/AIToolsList.json,Unique normalized product URL after deterministic www/trailing-slash deduplication.
product,ai-tools-list:AIToolsList.json:12,adbot-your-search-ads-specialist,dc4c43cd-ef2b-5489-abb9-8994b6eda75a,https://myadbot.com,canonical_product_url,1.0,https://github.com/lakey009/AI-Tools-List/blob/ccdff902d7e77774df46e66761e811ada4838ea1/AIToolsList.json,Unique normalized product URL after deterministic www/trailing-slash deduplication.
product,ai-tools-list:AIToolsList.json:13,copycop,6a5302a9-aa73-5dfa-8bac-301c52e9cde3,https://copycopai.com,canonical_product_url,1.0,https://github.com/lakey009/AI-Tools-List/blob/ccdff902d7e77774df46e66761e811ada4838ea1/AIToolsList.json,Unique normalized product URL after deterministic www/trailing-slash deduplication.
product,ai-tools-list:AIToolsList.json:15,engagexai,80cd8206-3728-53e4-b760-a6b957f1615b,https://engagexai.com,canonical_product_url,1.0,https://github.com/lakey009/AI-Tools-List/blob/ccdff902d7e77774df46e66761e811ada4838ea1/AIToolsList.json,Unique normalized product URL after deterministic www/trailing-slash deduplication.
product,ai-tools-list:AIToolsList.json:16,ai-suggests,6a65dd6e-05c9-5086-9628-3f31b45d524e,https://ai-suggests.com,canonical_product_url,1.0,https://github.com/lakey009/AI-Tools-List/blob/ccdff902d7e77774df46e66761e811ada4838ea1/AIToolsList.json,Unique normalized product URL after deterministic www/trailing-slash deduplication.
product,ai-tools-list:AIToolsList.json:17,adcopy-ai,6ef4932f-0a20-5265-828e-21c7532bf5ca,https://adcopy.ai,canonical_product_url,1.0,https://github.com/lakey009/AI-Tools-List/blob/ccdff902d7e77774df46e66761e811ada4838ea1/AIToolsList.json,Unique normalized product URL after deterministic www/trailing-slash deduplication.
product,ai-tools-list:AIToolsList.json:19,write-conch-ai,d3386482-bc9b-5d38-947e-970d697b2eb4,https://www.writeconch.ai,canonical_product_url,1.0,https://github.com/lakey009/AI-Tools-List/blob/ccdff902d7e77774df46e66761e811ada4838ea1/AIToolsList.json,Unique normalized product URL after deterministic www/trailing-slash deduplication.
product,ai-tools-list:AIToolsList.json:20,copyflow-pro,83be955d-f14d-5c8c-9f8b-16690bb34320,https://www.copyflowpro.com,canonical_product_url,1.0,https://github.com/lakey009/AI-Tools-List/blob/ccdff902d7e77774df46e66761e811ada4838ea1/AIToolsList.json,Unique normalized product URL after deterministic www/trailing-slash deduplication.
product,ai-tools-list:AIToolsList.json:21,ogilvy,bb2f0602-bc73-56b6-9d6a-62baf0b23d64,https://ogilvyapp.com,canonical_product_url,1.0,https://github.com/lakey009/AI-Tools-List/blob/ccdff902d7e77774df46e66761e811ada4838ea1/AIToolsList.json,Unique normalized product URL after deterministic www/trailing-slash deduplication.
product,ai-tools-list:AIToolsList.json:22,salesboosta-com,110cbe94-7a8c-5dac-9407-403328ffbca5,https://salesboosta.com,canonical_product_url,1.0,https://github.com/lakey009/AI-Tools-List/blob/ccdff902d7e77774df46e66761e811ada4838ea1/AIToolsList.json,Unique normalized product URL after deterministic www/trailing-slash deduplication.
product,ai-tools-list:AIToolsList.json:23,ezra-ads,c2af479b-fc5f-585e-8bbf-9a220148ff71,https://www.heyezra.co,canonical_product_url,1.0,https://github.com/lakey009/AI-Tools-List/blob/ccdff902d7e77774df46e66761e811ada4838ea1/AIToolsList.json,Unique normalized product URL after deterministic www/trailing-slash deduplication.
product,ai-tools-list:AIToolsList.json:25,pixcanva,d6f73e69-248b-548d-be12-badb6e6e0139,https://www.pixcanva.com,canonical_product_url,1.0,https://github.com/lakey009/AI-Tools-List/blob/ccdff902d7e77774df46e66761e811ada4838ea1/AIToolsList.json,Unique normalized product URL after deterministic www/trailing-slash deduplication.
product,ai-tools-list:AIToolsList.json:26,copywritergpt-io,5a924147-d23e-594f-8944-a13293fbd4a1,https://www.copywritergpt.io,canonical_product_url,1.0,https://github.com/lakey009/AI-Tools-List/blob/ccdff902d7e77774df46e66761e811ada4838ea1/AIToolsList.json,Unique normalized product URL after deterministic www/trailing-slash deduplication.
product,ai-tools-list:AIToolsList.json:27,azameo-fr,11f48625-8504-516c-8f24-45a7171c3508,https://azameo.fr,canonical_product_url,1.0,https://github.com/lakey009/AI-Tools-List/blob/ccdff902d7e77774df46e66761e811ada4838ea1/AIToolsList.json,Unique normalized product URL after deterministic www/trailing-slash deduplication.
product,ai-tools-list:AIToolsList.json:28,wordcopyai,d9de3682-f4b7-50aa-857e-3c622713116c,https://www.wordcopyai.com,canonical_product_url,1.0,https://github.com/lakey009/AI-Tools-List/blob/ccdff902d7e77774df46e66761e811ada4838ea1/AIToolsList.json,Unique normalized product URL after deterministic www/trailing-slash deduplication.
product,ai-tools-list:AIToolsList.json:29,adgeneratorpro,ce2acd3d-5db9-5535-8ece-7c55eb18d3ff,https://adgenerator.pro,canonical_product_url,1.0,https://github.com/lakey009/AI-Tools-List/blob/ccdff902d7e77774df46e66761e811ada4838ea1/AIToolsList.json,Unique normalized product URL after deterministic www/trailing-slash deduplication.
product,ai-tools-list:AIToolsList.json:30,macbeth-ai,fd6b99e9-9ea5-5f77-a85a-ce471d66a67b,https://macbeth.ai,canonical_product_url,1.0,https://github.com/lakey009/AI-Tools-List/blob/ccdff902d7e77774df46e66761e811ada4838ea1/AIToolsList.json,Unique normalized product URL after deterministic www/trailing-slash deduplication.
product,ai-tools-list:AIToolsList.json:32,isavantai,e2c14234-1043-5bde-982b-15315b516ee6,https://isavant.ai,canonical_product_url,1.0,https://github.com/lakey009/AI-Tools-List/blob/ccdff902d7e77774df46e66761e811ada4838ea1/AIToolsList.json,Unique normalized product URL after deterministic www/trailing-slash deduplication.
product,ai-tools-list:AIToolsList.json:34,unbound,34de811c-95bc-5f5e-bac8-13da18fb9492,http://unboundcontent.ai,canonical_product_url,1.0,https://github.com/lakey009/AI-Tools-List/blob/ccdff902d7e77774df46e66761e811ada4838ea1/AIToolsList.json,Unique normalized product URL after deterministic www/trailing-slash deduplication.
product,ai-tools-list:AIToolsList.json:35,powered-by-agency,244547f2-56d7-53f8-8e95-c16ae0ff1c04,https://poweredby.agency,canonical_product_url,1.0,https://github.com/lakey009/AI-Tools-List/blob/ccdff902d7e77774df46e66761e811ada4838ea1/AIToolsList.json,Unique normalized product URL after deterministic www/trailing-slash deduplication.
product,ai-tools-list:AIToolsList.json:36,luma-ai,a50a3931-7802-5254-812f-ec144253535b,https://lumalabs.ai,canonical_product_url,1.0,https://github.com/lakey009/AI-Tools-List/blob/ccdff902d7e77774df46e66761e811ada4838ea1/AIToolsList.json,Unique normalized product URL after deterministic www/trailing-slash deduplication.
product,ai-tools-list:AIToolsList.json:37,planner-5d,4c12974b-61b8-5d5c-919b-db24fa9e6dd0,https://planner5d.com/ai,canonical_product_url,1.0,https://github.com/lakey009/AI-Tools-List/blob/ccdff902d7e77774df46e66761e811ada4838ea1/AIToolsList.json,Unique normalized product URL after deterministic www/trailing-slash deduplication.
product,ai-tools-list:AIToolsList.json:38,tripo-ai,0a42644f-1af1-5b33-b608-f89971560858,https://www.tripo3d.ai,canonical_product_url,1.0,https://github.com/lakey009/AI-Tools-List/blob/ccdff902d7e77774df46e66761e811ada4838ea1/AIToolsList.json,Unique normalized product URL after deterministic www/trailing-slash deduplication.
product,ai-tools-list:AIToolsList.json:39,meshy,c5782c26-9c39-5a05-81f6-532fa7677130,https://app.meshy.ai,canonical_product_url,1.0,https://github.com/lakey009/AI-Tools-List/blob/ccdff902d7e77774df46e66761e811ada4838ea1/AIToolsList.json,Unique normalized product URL after deterministic www/trailing-slash deduplication.
product,ai-tools-list:AIToolsList.json:42,rodin,c146910b-05b5-5b54-b467-32c3a627456e,https://hyper3d.ai,canonical_product_url,1.0,https://github.com/lakey009/AI-Tools-List/blob/ccdff902d7e77774df46e66761e811ada4838ea1/AIToolsList.json,Unique normalized product URL after deterministic www/trailing-slash deduplication.
product,ai-tools-list:AIToolsList.json:45,runcomfy,c2bbbf25-df46-587c-9e3a-4b620f6be15b,https://www.runcomfy.com,canonical_product_url,1.0,https://github.com/lakey009/AI-Tools-List/blob/ccdff902d7e77774df46e66761e811ada4838ea1/AIToolsList.json,Unique normalized product URL after deterministic www/trailing-slash deduplication.
product,ai-tools-list:AIToolsList.json:46,cgdream-ai,84fb6d62-0170-5a05-beb6-ed0959aee1ec,https://cgdream.ai,canonical_product_url,1.0,https://github.com/lakey009/AI-Tools-List/blob/ccdff902d7e77774df46e66761e811ada4838ea1/AIToolsList.json,Unique normalized product URL after deterministic www/trailing-slash deduplication.
product,ai-tools-list:AIToolsList.json:47,vizcom,f459f582-be56-5c38-afa7-917d84d00f41,https://www.vizcom.ai,canonical_product_url,1.0,https://github.com/lakey009/AI-Tools-List/blob/ccdff902d7e77774df46e66761e811ada4838ea1/AIToolsList.json,Unique normalized product URL after deterministic www/trailing-slash deduplication.
product,ai-tools-list:AIToolsList.json:50,3d-ai-studio,7dc388a8-bc8c-5c6f-bc77-a263aa9ac636,https://3daistudio.lemonsqueezy.com,canonical_product_url,1.0,https://github.com/lakey009/AI-Tools-List/blob/ccdff902d7e77774df46e66761e811ada4838ea1/AIToolsList.json,Unique normalized product URL after deterministic www/trailing-slash deduplication.
product,ai-tools-list:AIToolsList.json:52,rosebud,48a54731-1753-5aba-8186-042a4a5d4594,https://www.rosebud.ai,canonical_product_url,1.0,https://github.com/lakey009/AI-Tools-List/blob/ccdff902d7e77774df46e66761e811ada4838ea1/AIToolsList.json,Unique normalized product URL after deterministic www/trailing-slash deduplication.
product,ai-tools-list:AIToolsList.json:53,pageon-ai,b80f277d-024b-56f1-83a3-abf15a290468,https://www.pageon.ai,canonical_product_url,1.0,https://github.com/lakey009/AI-Tools-List/blob/ccdff902d7e77774df46e66761e811ada4838ea1/AIToolsList.json,Unique normalized product URL after deterministic www/trailing-slash deduplication.
product,ai-tools-list:AIToolsList.json:54,alpha3d-io,d330d9bb-7432-5549-b326-397732853bad,https://alpha3d.io,canonical_product_url,1.0,https://github.com/lakey009/AI-Tools-List/blob/ccdff902d7e77774df46e66761e811ada4838ea1/AIToolsList.json,Unique normalized product URL after deterministic www/trailing-slash deduplication.
product,ai-tools-list:AIToolsList.json:55,sloyd,38a111d0-6cd8-5328-b28d-1be9669dbd5c,https://www.sloyd.ai,canonical_product_url,1.0,https://github.com/lakey009/AI-Tools-List/blob/ccdff902d7e77774df46e66761e811ada4838ea1/AIToolsList.json,Unique normalized product URL after deterministic www/trailing-slash deduplication.
product,ai-tools-list:AIToolsList.json:56,csm,801fcd38-c528-5c16-806d-7a85e05ab5bd,https://csm.ai,canonical_product_url,1.0,https://github.com/lakey009/AI-Tools-List/blob/ccdff902d7e77774df46e66761e811ada4838ea1/AIToolsList.json,Unique normalized product URL after deterministic www/trailing-slash deduplication.
product,ai-tools-list:AIToolsList.json:57,avaturn-me,4a7e3976-064b-51ef-9c96-7e95fcf4207d,https://avaturn.me,canonical_product_url,1.0,https://github.com/lakey009/AI-Tools-List/blob/ccdff902d7e77774df46e66761e811ada4838ea1/AIToolsList.json,Unique normalized product URL after deterministic www/trailing-slash deduplication.
product,ai-tools-list:AIToolsList.json:58,kaedim,eb42112a-8f16-519b-93ea-6f29a9f0f389,https://www.kaedim3d.com,canonical_product_url,1.0,https://github.com/lakey009/AI-Tools-List/blob/ccdff902d7e77774df46e66761e811ada4838ea1/AIToolsList.json,Unique normalized product URL after deterministic www/trailing-slash deduplication.
product,ai-tools-list:AIToolsList.json:59,modelslab-ai,57fc0ec2-8575-5199-ab7f-38398097eabc,https://modelslab.com,canonical_product_url,1.0,https://github.com/lakey009/AI-Tools-List/blob/ccdff902d7e77774df46e66761e811ada4838ea1/AIToolsList.json,Unique normalized product URL after deterministic www/trailing-slash deduplication.
product,ai-tools-list:AIToolsList.json:60,ludo-ai,6f977358-e08c-5f53-9ab5-9948d49daeb8,https://ludo.ai,canonical_product_url,1.0,https://github.com/lakey009/AI-Tools-List/blob/ccdff902d7e77774df46e66761e811ada4838ea1/AIToolsList.json,Unique normalized product URL after deterministic www/trailing-slash deduplication.
product,ai-tools-list:AIToolsList.json:62,backflip-ai,c98886f6-6324-50b8-9227-895f22c8a271,https://backflip.ai,canonical_product_url,1.0,https://github.com/lakey009/AI-Tools-List/blob/ccdff902d7e77774df46e66761e811ada4838ea1/AIToolsList.json,Unique normalized product URL after deterministic www/trailing-slash deduplication.
product,ai-tools-list:AIToolsList.json:63,aihouse-com,d187a53a-7ad8-5091-be24-4817ee1f7a46,https://aihouse.com,canonical_product_url,1.0,https://github.com/lakey009/AI-Tools-List/blob/ccdff902d7e77774df46e66761e811ada4838ea1/AIToolsList.json,Unique normalized product URL after deterministic www/trailing-slash deduplication.
product,ai-tools-list:AIToolsList.json:65,mappedin-com,93f7eb16-c73e-59ea-8109-35dc74d6eaa2,https://mappedin.com,canonical_product_url,1.0,https://github.com/lakey009/AI-Tools-List/blob/ccdff902d7e77774df46e66761e811ada4838ea1/AIToolsList.json,Unique normalized product URL after deterministic www/trailing-slash deduplication.
product,ai-tools-list:AIToolsList.json:66,leiapix-ai,0a3b378b-1458-507b-b0e3-0ea5814a87bc,https://leiapix-ai.com,canonical_product_url,1.0,https://github.com/lakey009/AI-Tools-List/blob/ccdff902d7e77774df46e66761e811ada4838ea1/AIToolsList.json,Unique normalized product URL after deterministic www/trailing-slash deduplication.
product,ai-tools-list:AIToolsList.json:67,synthesis-ai,40435024-ff7a-529a-a115-f0747db9889c,https://synthesis.ai,canonical_product_url,1.0,https://github.com/lakey009/AI-Tools-List/blob/ccdff902d7e77774df46e66761e811ada4838ea1/AIToolsList.json,Unique normalized product URL after deterministic www/trailing-slash deduplication.
product,ai-tools-list:AIToolsList.json:68,getfloorplan,1d8b9d8d-2527-57fb-a36c-0262b01b27d0,https://getfloorplan.com,canonical_product_url,1.0,https://github.com/lakey009/AI-Tools-List/blob/ccdff902d7e77774df46e66761e811ada4838ea1/AIToolsList.json,Unique normalized product URL after deterministic www/trailing-slash deduplication.
product,ai-tools-list:AIToolsList.json:69,arcadium,299176c0-cefe-52d6-a7a2-ebf2dfe3aa00,https://arcadium3d.com,canonical_product_url,1.0,https://github.com/lakey009/AI-Tools-List/blob/ccdff902d7e77774df46e66761e811ada4838ea1/AIToolsList.json,Unique normalized product URL after deterministic www/trailing-slash deduplication.
product,ai-tools-list:AIToolsList.json:70,avatar-one,a0bf2c69-e7ef-5005-ac23-8e75b705479a,https://www.avatar.one,canonical_product_url,1.0,https://github.com/lakey009/AI-Tools-List/blob/ccdff902d7e77774df46e66761e811ada4838ea1/AIToolsList.json,Unique normalized product URL after deterministic www/trailing-slash deduplication.
product,ai-tools-list:AIToolsList.json:71,seapik-ai,84e091d5-c7be-5834-ad0b-3d858061a2b6,https://seapik.com,canonical_product_url,1.0,https://github.com/lakey009/AI-Tools-List/blob/ccdff902d7e77774df46e66761e811ada4838ea1/AIToolsList.json,Unique normalized product URL after deterministic www/trailing-slash deduplication.
product,ai-tools-list:AIToolsList.json:72,radical,685f3d6b-38f4-5c48-a5e3-160a04840ca3,https://www.radicalmotion.com,canonical_product_url,1.0,https://github.com/lakey009/AI-Tools-List/blob/ccdff902d7e77774df46e66761e811ada4838ea1/AIToolsList.json,Unique normalized product URL after deterministic www/trailing-slash deduplication.
product,ai-tools-list:AIToolsList.json:73,masterpiece-x-generate,4d1395f7-1280-5e64-b507-7428f5bce85d,https://www.masterpiecex.com,canonical_product_url,1.0,https://github.com/lakey009/AI-Tools-List/blob/ccdff902d7e77774df46e66761e811ada4838ea1/AIToolsList.json,Unique normalized product URL after deterministic www/trailing-slash deduplication.
product,ai-tools-list:AIToolsList.json:74,styldod,a0479653-b26a-5f59-b558-ab406bbb20be,https://styldod.refr.cc/toolify,canonical_product_url,1.0,https://github.com/lakey009/AI-Tools-List/blob/ccdff902d7e77774df46e66761e811ada4838ea1/AIToolsList.json,Unique normalized product URL after deterministic www/trailing-slash deduplication.
product,ai-tools-list:AIToolsList.json:75,photogenius-ai,360982be-d76a-57a4-8ace-f9fc22e608a8,https://photogenius.ai,canonical_product_url,1.0,https://github.com/lakey009/AI-Tools-List/blob/ccdff902d7e77774df46e66761e811ada4838ea1/AIToolsList.json,Unique normalized product URL after deterministic www/trailing-slash deduplication.
product,ai-tools-list:AIToolsList.json:76,scout-by-asseter-ai,5b62b286-38c4-53c0-8d3b-e9e85c811d4f,https://scout.asseter.ai,canonical_product_url,1.0,https://github.com/lakey009/AI-Tools-List/blob/ccdff902d7e77774df46e66761e811ada4838ea1/AIToolsList.json,Unique normalized product URL after deterministic www/trailing-slash deduplication.
product,ai-tools-list:AIToolsList.json:77,ai-face-studio,53f64c45-671a-5ee6-8a8b-5dd93d90933d,https://aiface.studio,canonical_product_url,1.0,https://github.com/lakey009/AI-Tools-List/blob/ccdff902d7e77774df46e66761e811ada4838ea1/AIToolsList.json,Unique normalized product URL after deterministic www/trailing-slash deduplication.
product,ai-tools-list:AIToolsList.json:78,trellis-3d-ai,b74018db-3cbd-5e4b-a2bf-36f499dadf5e,https://trellis3d.co,canonical_product_url,1.0,https://github.com/lakey009/AI-Tools-List/blob/ccdff902d7e77774df46e66761e811ada4838ea1/AIToolsList.json,Unique normalized product URL after deterministic www/trailing-slash deduplication.
product,ai-tools-list:AIToolsList.json:79,3daily,670d59ac-c608-5e0d-8616-fb54602de553,https://3daily.ai,canonical_product_url,1.0,https://github.com/lakey009/AI-Tools-List/blob/ccdff902d7e77774df46e66761e811ada4838ea1/AIToolsList.json,Unique normalized product URL after deterministic www/trailing-slash deduplication.
product,ai-tools-list:AIToolsList.json:80,charmed-ai-texture-generator,4e6b2cd9-38d3-56a8-8b43-6c930684a210,https://charmed.ai,canonical_product_url,1.0,https://github.com/lakey009/AI-Tools-List/blob/ccdff902d7e77774df46e66761e811ada4838ea1/AIToolsList.json,Unique normalized product URL after deterministic www/trailing-slash deduplication.
product,ai-tools-list:AIToolsList.json:81,masterpiece-studio,a67e2eec-6188-579a-9ca0-6be75e43a457,https://masterpiecestudio.com,canonical_product_url,1.0,https://github.com/lakey009/AI-Tools-List/blob/ccdff902d7e77774df46e66761e811ada4838ea1/AIToolsList.json,Unique normalized product URL after deterministic www/trailing-slash deduplication.
product,ai-tools-list:AIToolsList.json:82,laprompt,172b17b2-912f-5aa3-abfd-c0b3d754cf43,https://laprompt.com,canonical_product_url,1.0,https://github.com/lakey009/AI-Tools-List/blob/ccdff902d7e77774df46e66761e811ada4838ea1/AIToolsList.json,Unique normalized product URL after deterministic www/trailing-slash deduplication.
product,ai-tools-list:AIToolsList.json:83,3dlogoai,9d4d3dca-5761-57a0-b822-bb9d27dbe9ac,https://www.3dlogoai.com,canonical_product_url,1.0,https://github.com/lakey009/AI-Tools-List/blob/ccdff902d7e77774df46e66761e811ada4838ea1/AIToolsList.json,Unique normalized product URL after deterministic www/trailing-slash deduplication.
product,ai-tools-list:AIToolsList.json:84,blueberry-ai,0abf0350-bcd8-50ca-a586-a26c94e50a88,https://www.blueberry-ai.com,canonical_product_url,1.0,https://github.com/lakey009/AI-Tools-List/blob/ccdff902d7e77774df46e66761e811ada4838ea1/AIToolsList.json,Unique normalized product URL after deterministic www/trailing-slash deduplication.
product,ai-tools-list:AIToolsList.json:85,genie-2,a5489a40-aa54-56c5-9ec8-b7d12a1076ad,https://playgenieai.com,canonical_product_url,1.0,https://github.com/lakey009/AI-Tools-List/blob/ccdff902d7e77774df46e66761e811ada4838ea1/AIToolsList.json,Unique normalized product URL after deterministic www/trailing-slash deduplication.
product,ai-tools-list:AIToolsList.json:86,brickcenter,93c26ca3-815d-5b5c-ab48-7b801c3d221b,https://www.brickcenter.net,canonical_product_url,1.0,https://github.com/lakey009/AI-Tools-List/blob/ccdff902d7e77774df46e66761e811ada4838ea1/AIToolsList.json,Unique normalized product URL after deterministic www/trailing-slash deduplication.
product,ai-tools-list:AIToolsList.json:87,magiscan-ai-3d-scanner-app,8d32b0ca-5e99-5240-ba26-aba9b5d117a5,https://magiscan.app,canonical_product_url,1.0,https://github.com/lakey009/AI-Tools-List/blob/ccdff902d7e77774df46e66761e811ada4838ea1/AIToolsList.json,Unique normalized product URL after deterministic www/trailing-slash deduplication.
product,ai-tools-list:AIToolsList.json:88,opalai-scanto3d,e881e259-e842-5be3-bf18-05ff4a5dc086,https://www.opal-ai.com,canonical_product_url,1.0,https://github.com/lakey009/AI-Tools-List/blob/ccdff902d7e77774df46e66761e811ada4838ea1/AIToolsList.json,Unique normalized product URL after deterministic www/trailing-slash deduplication.
product,ai-tools-list:AIToolsList.json:90,zolak,5e146a10-92f9-54a8-9848-0714d3c3266a,https://zolak.tech,canonical_product_url,1.0,https://github.com/lakey009/AI-Tools-List/blob/ccdff902d7e77774df46e66761e811ada4838ea1/AIToolsList.json,Unique normalized product URL after deterministic www/trailing-slash deduplication.
product,ai-tools-list:AIToolsList.json:92,drawings-alive,266e7d8e-4b48-5fd3-8b0e-387286e28c02,https://drawingsalive.com,canonical_product_url,1.0,https://github.com/lakey009/AI-Tools-List/blob/ccdff902d7e77774df46e66761e811ada4838ea1/AIToolsList.json,Unique normalized product URL after deterministic www/trailing-slash deduplication.
product,ai-tools-list:AIToolsList.json:93,instant3d-ai,bc606da8-ec39-52bb-81d7-317091bc0254,https://instant3d.ai,canonical_product_url,1.0,https://github.com/lakey009/AI-Tools-List/blob/ccdff902d7e77774df46e66761e811ada4838ea1/AIToolsList.json,Unique normalized product URL after deterministic www/trailing-slash deduplication.
product,ai-tools-list:AIToolsList.json:94,pixelvibe-com,b27c17db-fc24-5acd-96a2-e55bb524fe6f,https://pixelvibe.com,canonical_product_url,1.0,https://github.com/lakey009/AI-Tools-List/blob/ccdff902d7e77774df46e66761e811ada4838ea1/AIToolsList.json,Unique normalized product URL after deterministic www/trailing-slash deduplication.
product,ai-tools-list:AIToolsList.json:95,lumiere-3d-ai,b85a3938-621d-569a-96bb-1feb53ef5a3e,https://www.lumiere3d.ai,canonical_product_url,1.0,https://github.com/lakey009/AI-Tools-List/blob/ccdff902d7e77774df46e66761e811ada4838ea1/AIToolsList.json,Unique normalized product URL after deterministic www/trailing-slash deduplication.
product,ai-tools-list:AIToolsList.json:96,voge,e4c2d79f-959f-5b49-ad93-0c2bc665a038,https://metabrixlab.com,canonical_product_url,1.0,https://github.com/lakey009/AI-Tools-List/blob/ccdff902d7e77774df46e66761e811ada4838ea1/AIToolsList.json,Unique normalized product URL after deterministic www/trailing-slash deduplication.
product,ai-tools-list:AIToolsList.json:97,sketchpro-ai,f58d61e5-8379-5e66-9617-c5884d048289,https://sketchpro.ai,canonical_product_url,1.0,https://github.com/lakey009/AI-Tools-List/blob/ccdff902d7e77774df46e66761e811ada4838ea1/AIToolsList.json,Unique normalized product URL after deterministic www/trailing-slash deduplication.
product,ai-tools-list:AIToolsList.json:98,snapmeasureai,4321e608-f877-5fd1-9f0e-e845bf90704e,https://snapmeasureai.com,canonical_product_url,1.0,https://github.com/lakey009/AI-Tools-List/blob/ccdff902d7e77774df46e66761e811ada4838ea1/AIToolsList.json,Unique normalized product URL after deterministic www/trailing-slash deduplication.
product,ai-tools-list:AIToolsList.json:99,kanai,3c0dc7de-6cb3-5dad-95a2-221c739830f1,https://kanai.ai,canonical_product_url,1.0,https://github.com/lakey009/AI-Tools-List/blob/ccdff902d7e77774df46e66761e811ada4838ea1/AIToolsList.json,Unique normalized product URL after deterministic www/trailing-slash deduplication.
product,ai-tools-list:AIToolsList.json:100,movmi-ai-powered-motion-capture,ab9a9e49-9196-5fc7-865b-ef01827cd86e,https://movmi.co,canonical_product_url,1.0,https://github.com/lakey009/AI-Tools-List/blob/ccdff902d7e77774df46e66761e811ada4838ea1/AIToolsList.json,Unique normalized product URL after deterministic www/trailing-slash deduplication.
product,ai-tools-list:AIToolsList.json:102,mineflow-yc-s24,e8d40143-d7da-5b40-8c21-ac5e3ea45c53,http://mineflow.ai,canonical_product_url,1.0,https://github.com/lakey009/AI-Tools-List/blob/ccdff902d7e77774df46e66761e811ada4838ea1/AIToolsList.json,Unique normalized product URL after deterministic www/trailing-slash deduplication.
product,ai-tools-list:AIToolsList.json:103,photog,31f9eef6-0dfd-5660-8ad4-806951366200,https://photog.art,canonical_product_url,1.0,https://github.com/lakey009/AI-Tools-List/blob/ccdff902d7e77774df46e66761e811ada4838ea1/AIToolsList.json,Unique normalized product URL after deterministic www/trailing-slash deduplication.
product,ai-tools-list:AIToolsList.json:104,snowpixel-app,6db961d6-7b84-5f5f-a336-324866887c12,https://snowpixel.app,canonical_product_url,1.0,https://github.com/lakey009/AI-Tools-List/blob/ccdff902d7e77774df46e66761e811ada4838ea1/AIToolsList.json,Unique normalized product URL after deterministic www/trailing-slash deduplication.
product,ai-tools-list:AIToolsList.json:105,glyf-3d-ai-art-generator,4bd68f42-cbbd-58be-b784-16ee31c5cc17,https://glyf.in,canonical_product_url,1.0,https://github.com/lakey009/AI-Tools-List/blob/ccdff902d7e77774df46e66761e811ada4838ea1/AIToolsList.json,Unique normalized product URL after deterministic www/trailing-slash deduplication.
product,ai-tools-list:AIToolsList.json:106,brick-generator,2b899086-83da-5242-925b-8ab09b25fb6b,https://brickgenerator.com,canonical_product_url,1.0,https://github.com/lakey009/AI-Tools-List/blob/ccdff902d7e77774df46e66761e811ada4838ea1/AIToolsList.json,Unique normalized product URL after deterministic www/trailing-slash deduplication.
product,ai-tools-list:AIToolsList.json:107,suapp-ai,31ceecdd-980e-5a10-af52-971b347832a6,https://suapp.ai,canonical_product_url,1.0,https://github.com/lakey009/AI-Tools-List/blob/ccdff902d7e77774df46e66761e811ada4838ea1/AIToolsList.json,Unique normalized product URL after deterministic www/trailing-slash deduplication.
product,ai-tools-list:AIToolsList.json:108,gentype-io,95959651-1797-5227-b235-6eb14fbdcc54,https://gentype.lemonsqueezy.com,canonical_product_url,1.0,https://github.com/lakey009/AI-Tools-List/blob/ccdff902d7e77774df46e66761e811ada4838ea1/AIToolsList.json,Unique normalized product URL after deterministic www/trailing-slash deduplication.
product,ai-tools-list:AIToolsList.json:109,copernicai,3d893e16-6623-59bd-a3d4-36d3f29548ba,https://copernicai.com,canonical_product_url,1.0,https://github.com/lakey009/AI-Tools-List/blob/ccdff902d7e77774df46e66761e811ada4838ea1/AIToolsList.json,Unique normalized product URL after deterministic www/trailing-slash deduplication.
product,ai-tools-list:AIToolsList.json:110,hyra,93b913bc-8bab-598a-9a77-0b5bf8790ab0,https://www.hyravision.com,canonical_product_url,1.0,https://github.com/lakey009/AI-Tools-List/blob/ccdff902d7e77774df46e66761e811ada4838ea1/AIToolsList.json,Unique normalized product URL after deterministic www/trailing-slash deduplication.
product,ai-tools-list:AIToolsList.json:111,diverseshot,f25b7369-c760-530a-8073-e4d9273bed00,https://www.diverseshot.com,canonical_product_url,1.0,https://github.com/lakey009/AI-Tools-List/blob/ccdff902d7e77774df46e66761e811ada4838ea1/AIToolsList.json,Unique normalized product URL after deterministic www/trailing-slash deduplication.
product,ai-tools-list:AIToolsList.json:113,draw3d,2d547262-4274-5636-af71-f0307ad8cde6,https://draw3d.lemonsqueezy.com,canonical_product_url,1.0,https://github.com/lakey009/AI-Tools-List/blob/ccdff902d7e77774df46e66761e811ada4838ea1/AIToolsList.json,Unique normalized product URL after deterministic www/trailing-slash deduplication.
product,ai-tools-list:AIToolsList.json:114,heroify,2290ecd2-dfcc-5c1c-98a6-49aac355330e,https://heroify.lol,canonical_product_url,1.0,https://github.com/lakey009/AI-Tools-List/blob/ccdff902d7e77774df46e66761e811ada4838ea1/AIToolsList.json,Unique normalized product URL after deterministic www/trailing-slash deduplication.
product,ai-tools-list:AIToolsList.json:115,style3d-ai,a79fa21c-6650-5412-b1dc-e3cfbd230c52,https://www.style3d.ai,canonical_product_url,1.0,https://github.com/lakey009/AI-Tools-List/blob/ccdff902d7e77774df46e66761e811ada4838ea1/AIToolsList.json,Unique normalized product URL after deterministic www/trailing-slash deduplication.
product,ai-tools-list:AIToolsList.json:116,lovers-ai,547eed31-7c69-5bca-bb24-f5ab246d34d3,https://www.theloversai.co.in,canonical_product_url,1.0,https://github.com/lakey009/AI-Tools-List/blob/ccdff902d7e77774df46e66761e811ada4838ea1/AIToolsList.json,Unique normalized product URL after deterministic www/trailing-slash deduplication.
product,ai-tools-list:AIToolsList.json:117,stable-video-3d,ccdc0c74-fd85-5921-9895-db0f5b3690d1,https://stablevideo3d.com,canonical_product_url,1.0,https://github.com/lakey009/AI-Tools-List/blob/ccdff902d7e77774df46e66761e811ada4838ea1/AIToolsList.json,Unique normalized product URL after deterministic www/trailing-slash deduplication.
product,ai-tools-list:AIToolsList.json:118,nak3d,4b9356f1-54f9-579f-a79e-489c7b686f89,https://nak3d.xyz,canonical_product_url,1.0,https://github.com/lakey009/AI-Tools-List/blob/ccdff902d7e77774df46e66761e811ada4838ea1/AIToolsList.json,Unique normalized product URL after deterministic www/trailing-slash deduplication.
product,ai-tools-list:AIToolsList.json:120,ai-powered-3d-marketplace,b6a60259-e1e5-5b90-9cc6-296628ac5606,https://marketplace.kaedim3d.com,canonical_product_url,1.0,https://github.com/lakey009/AI-Tools-List/blob/ccdff902d7e77774df46e66761e811ada4838ea1/AIToolsList.json,Unique normalized product URL after deterministic www/trailing-slash deduplication.
product,ai-tools-list:AIToolsList.json:121,meshcapade-me,c6911900-7d4c-5b3c-b1e7-e0ec43bbee92,http://meshcapade.me,canonical_product_url,1.0,https://github.com/lakey009/AI-Tools-List/blob/ccdff902d7e77774df46e66761e811ada4838ea1/AIToolsList.json,Unique normalized product URL after deterministic www/trailing-slash deduplication.
product,ai-tools-list:AIToolsList.json:122,sv3d-online,12539d73-e30c-588e-a1bf-6a4df08ae8a4,https://sv3d.online,canonical_product_url,1.0,https://github.com/lakey009/AI-Tools-List/blob/ccdff902d7e77774df46e66761e811ada4838ea1/AIToolsList.json,Unique normalized product URL after deterministic www/trailing-slash deduplication.
product,ai-tools-list:AIToolsList.json:124,triorama-ai,b8a3d584-17ec-5a16-af0c-dc6823f644a5,https://triorama.ai,canonical_product_url,1.0,https://github.com/lakey009/AI-Tools-List/blob/ccdff902d7e77774df46e66761e811ada4838ea1/AIToolsList.json,Unique normalized product URL after deterministic www/trailing-slash deduplication.
product,ai-tools-list:AIToolsList.json:125,psychoroid-com,f18d9525-73c2-555b-b5df-341a9f78e506,https://psychoroid.com,canonical_product_url,1.0,https://github.com/lakey009/AI-Tools-List/blob/ccdff902d7e77774df46e66761e811ada4838ea1/AIToolsList.json,Unique normalized product URL after deterministic www/trailing-slash deduplication.
product,ai-tools-list:AIToolsList.json:126,latent-labs,31e9260a-970e-5654-bf02-30b17d770ca0,https://www.latentlabs.art,canonical_product_url,1.0,https://github.com/lakey009/AI-Tools-List/blob/ccdff902d7e77774df46e66761e811ada4838ea1/AIToolsList.json,Unique normalized product URL after deterministic www/trailing-slash deduplication.
product,ai-tools-list:AIToolsList.json:127,g3dai-jedi,f4de11f5-ed33-5a6d-a301-291839eb6b2a,https://g3d.ai,canonical_product_url,1.0,https://github.com/lakey009/AI-Tools-List/blob/ccdff902d7e77774df46e66761e811ada4838ea1/AIToolsList.json,Unique normalized product URL after deterministic www/trailing-slash deduplication.
product,ai-tools-list:AIToolsList.json:128,worlds-beyond,6b14f626-173e-533f-9606-4463ca091c24,https://worldsbeyondnft.com,canonical_product_url,1.0,https://github.com/lakey009/AI-Tools-List/blob/ccdff902d7e77774df46e66761e811ada4838ea1/AIToolsList.json,Unique normalized product URL after deterministic www/trailing-slash deduplication.
product,ai-tools-list:AIToolsList.json:129,kirin,104a996c-431b-5fd4-965f-734b446fb230,https://www.kirin3d.com,canonical_product_url,1.0,https://github.com/lakey009/AI-Tools-List/blob/ccdff902d7e77774df46e66761e811ada4838ea1/AIToolsList.json,Unique normalized product URL after deterministic www/trailing-slash deduplication.
product,ai-tools-list:AIToolsList.json:130,imagineai-by-magus-gg,05a82d8d-1746-534f-be58-124a78ba1471,https://magus.gg,canonical_product_url,1.0,https://github.com/lakey009/AI-Tools-List/blob/ccdff902d7e77774df46e66761e811ada4838ea1/AIToolsList.json,Unique normalized product URL after deterministic www/trailing-slash deduplication.
product,ai-tools-list:AIToolsList.json:131,character-design-by-museclip,b346c14f-57a7-56cb-bb2a-9738c42b9fc5,https://museclip.ai/characterRealTime,canonical_product_url,1.0,https://github.com/lakey009/AI-Tools-List/blob/ccdff902d7e77774df46e66761e811ada4838ea1/AIToolsList.json,Unique normalized product URL after deterministic www/trailing-slash deduplication.
product,ai-tools-list:AIToolsList.json:132,trulience-com,1ccb8ac3-59f6-5284-ac4c-f1108261341a,https://trulience.com,canonical_product_url,1.0,https://github.com/lakey009/AI-Tools-List/blob/ccdff902d7e77774df46e66761e811ada4838ea1/AIToolsList.json,Unique normalized product URL after deterministic www/trailing-slash deduplication.
product,ai-tools-list:AIToolsList.json:133,atlas-3d-ai,e5689425-c866-5ef4-be4d-56dad08e7cd7,https://atlas.design,canonical_product_url,1.0,https://github.com/lakey009/AI-Tools-List/blob/ccdff902d7e77774df46e66761e811ada4838ea1/AIToolsList.json,Unique normalized product URL after deterministic www/trailing-slash deduplication.
product,ai-tools-list:AIToolsList.json:135,idjpg-com,00e9f3dd-19b2-5560-a953-f129090c0758,https://idjpg.com,canonical_product_url,1.0,https://github.com/lakey009/AI-Tools-List/blob/ccdff902d7e77774df46e66761e811ada4838ea1/AIToolsList.json,Unique normalized product URL after deterministic www/trailing-slash deduplication.
product,ai-tools-list:AIToolsList.json:136,imrsivo,b202d5e4-f586-5d64-a26a-d2fa3230f55d,https://imrsivo.com,canonical_product_url,1.0,https://github.com/lakey009/AI-Tools-List/blob/ccdff902d7e77774df46e66761e811ada4838ea1/AIToolsList.json,Unique normalized product URL after deterministic www/trailing-slash deduplication.
product,ai-tools-list:AIToolsList.json:138,izanamiai,5ff59d36-7300-5425-b14c-dca7067b6396,https://izanami.ai,canonical_product_url,1.0,https://github.com/lakey009/AI-Tools-List/blob/ccdff902d7e77774df46e66761e811ada4838ea1/AIToolsList.json,Unique normalized product URL after deterministic www/trailing-slash deduplication.
product,ai-tools-list:AIToolsList.json:139,birble-ai-dashboard,e7a58b4a-1837-5049-a1c6-174afddafd60,https://birbleai.com,canonical_product_url,1.0,https://github.com/lakey009/AI-Tools-List/blob/ccdff902d7e77774df46e66761e811ada4838ea1/AIToolsList.json,Unique normalized product URL after deterministic www/trailing-slash deduplication.
product,ai-tools-list:AIToolsList.json:140,censored-ai,4c207a60-fedc-5a1b-af64-d12ab77464ee,https://censoredai.app,canonical_product_url,1.0,https://github.com/lakey009/AI-Tools-List/blob/ccdff902d7e77774df46e66761e811ada4838ea1/AIToolsList.json,Unique normalized product URL after deterministic www/trailing-slash deduplication.
product,ai-tools-list:AIToolsList.json:141,masterpiecevr-com,67a90b59-48a5-5a34-af07-66699bbeef19,https://masterpiecevr.com,canonical_product_url,1.0,https://github.com/lakey009/AI-Tools-List/blob/ccdff902d7e77774df46e66761e811ada4838ea1/AIToolsList.json,Unique normalized product URL after deterministic www/trailing-slash deduplication.
product,ai-tools-list:AIToolsList.json:142,xspiral,f33020f4-c915-5f00-9443-46ef4f49c1fa,https://www.xspiral.com,canonical_product_url,1.0,https://github.com/lakey009/AI-Tools-List/blob/ccdff902d7e77774df46e66761e811ada4838ea1/AIToolsList.json,Unique normalized product URL after deterministic www/trailing-slash deduplication.
product,ai-tools-list:AIToolsList.json:143,2frames-app,eb5c52ae-ba49-51e4-9e53-f153199d597e,https://2frames.app,canonical_product_url,1.0,https://github.com/lakey009/AI-Tools-List/blob/ccdff902d7e77774df46e66761e811ada4838ea1/AIToolsList.json,Unique normalized product URL after deterministic www/trailing-slash deduplication.
product,ai-tools-list:AIToolsList.json:144,guekn,46971bc1-695f-5601-b7ef-c28dbcb703f3,https://guekn.com,canonical_product_url,1.0,https://github.com/lakey009/AI-Tools-List/blob/ccdff902d7e77774df46e66761e811ada4838ea1/AIToolsList.json,Unique normalized product URL after deterministic www/trailing-slash deduplication.
product,ai-tools-list:AIToolsList.json:145,neural4d,3080ea91-22c2-569b-9a33-a8bcd2fab0a3,https://www.neural4d.com,canonical_product_url,1.0,https://github.com/lakey009/AI-Tools-List/blob/ccdff902d7e77774df46e66761e811ada4838ea1/AIToolsList.json,Unique normalized product URL after deterministic www/trailing-slash deduplication.
product,ai-tools-list:AIToolsList.json:147,showbiz-ai,57a3475a-d9dc-56c5-b5f0-cc4451ebdf09,https://showbizai.com,canonical_product_url,1.0,https://github.com/lakey009/AI-Tools-List/blob/ccdff902d7e77774df46e66761e811ada4838ea1/AIToolsList.json,Unique normalized product URL after deterministic www/trailing-slash deduplication.
product,ai-tools-list:AIToolsList.json:148,oven-ai,b6a0e796-1d20-59e5-8b7c-96ec2768b4d8,https://oveners.com,canonical_product_url,1.0,https://github.com/lakey009/AI-Tools-List/blob/ccdff902d7e77774df46e66761e811ada4838ea1/AIToolsList.json,Unique normalized product URL after deterministic www/trailing-slash deduplication.
product,ai-tools-list:AIToolsList.json:149,imagerest-all-in-one-al-image-platform,03565f42-df88-5b26-8cdb-18f3dd7f4b6d,https://imagerest.com,canonical_product_url,1.0,https://github.com/lakey009/AI-Tools-List/blob/ccdff902d7e77774df46e66761e811ada4838ea1/AIToolsList.json,Unique normalized product URL after deterministic www/trailing-slash deduplication.
product,ai-tools-list:AIToolsList.json:150,pristina-ai-render-realism-fast,6d057e16-39de-5d6d-88e4-6ed0dfd61c1a,https://www.pristina.ai,canonical_product_url,1.0,https://github.com/lakey009/AI-Tools-List/blob/ccdff902d7e77774df46e66761e811ada4838ea1/AIToolsList.json,Unique normalized product URL after deterministic www/trailing-slash deduplication.
product,ai-tools-list:AIToolsList.json:152,arrival,30ad5a29-4eaf-5b04-b465-86434cb5d0fd,https://arrival.so,canonical_product_url,1.0,https://github.com/lakey009/AI-Tools-List/blob/ccdff902d7e77774df46e66761e811ada4838ea1/AIToolsList.json,Unique normalized product URL after deterministic www/trailing-slash deduplication.
product,ai-tools-list:AIToolsList.json:153,dimensionlabs,99a8104f-9786-51c7-8d97-42910ca2b053,https://dimensionlabs.app,canonical_product_url,1.0,https://github.com/lakey009/AI-Tools-List/blob/ccdff902d7e77774df46e66761e811ada4838ea1/AIToolsList.json,Unique normalized product URL after deterministic www/trailing-slash deduplication.
product,ai-tools-list:AIToolsList.json:156,meshifai,7bd889ed-69d2-5f40-963e-5ae8bc28c581,http://meshifai.com,canonical_product_url,1.0,https://github.com/lakey009/AI-Tools-List/blob/ccdff902d7e77774df46e66761e811ada4838ea1/AIToolsList.json,Unique normalized product URL after deterministic www/trailing-slash deduplication.
product,ai-tools-list:AIToolsList.json:157,bevelify,18f7e891-a36a-5cf9-967c-7108266e2b78,https://bevelify.com,canonical_product_url,1.0,https://github.com/lakey009/AI-Tools-List/blob/ccdff902d7e77774df46e66761e811ada4838ea1/AIToolsList.json,Unique normalized product URL after deterministic www/trailing-slash deduplication.
product,ai-tools-list:AIToolsList.json:158,nom3d-studio,858cb7b2-ace4-5f68-b683-c2cceb427d10,https://nom3d.studio,canonical_product_url,1.0,https://github.com/lakey009/AI-Tools-List/blob/ccdff902d7e77774df46e66761e811ada4838ea1/AIToolsList.json,Unique normalized product URL after deterministic www/trailing-slash deduplication.
product,ai-tools-list:AIToolsList.json:159,ai-doll,e0fab54a-17ea-5ae2-977a-c22e883bf804,https://ai-doll.app,canonical_product_url,1.0,https://github.com/lakey009/AI-Tools-List/blob/ccdff902d7e77774df46e66761e811ada4838ea1/AIToolsList.json,Unique normalized product URL after deterministic www/trailing-slash deduplication.
product,ai-tools-list:AIToolsList.json:160,visionar-visualize-your-creations,64b4e6df-c884-5f1d-a9fc-9f33e39bd6a6,https://www.visionar.dev,canonical_product_url,1.0,https://github.com/lakey009/AI-Tools-List/blob/ccdff902d7e77774df46e66761e811ada4838ea1/AIToolsList.json,Unique normalized product URL after deterministic www/trailing-slash deduplication.
product,ai-tools-list:AIToolsList.json:161,altpage-ai,debecd90-6de7-50ef-b048-f20351b9c49f,https://www.altpage.ai,canonical_product_url,1.0,https://github.com/lakey009/AI-Tools-List/blob/ccdff902d7e77774df46e66761e811ada4838ea1/AIToolsList.json,Unique normalized product URL after deterministic www/trailing-slash deduplication.
product,ai-tools-list:AIToolsList.json:163,mathgpt-ai-math-solver-animator,03472705-1839-52b5-8951-0898f8308a3c,https://math-gpt.org,canonical_product_url,1.0,https://github.com/lakey009/AI-Tools-List/blob/ccdff902d7e77774df46e66761e811ada4838ea1/AIToolsList.json,Unique normalized product URL after deterministic www/trailing-slash deduplication.
product,ai-tools-list:AIToolsList.json:164,nume,5118c05c-f72a-5162-8e3b-14e97d81b404,https://www.nume.finance,canonical_product_url,1.0,https://github.com/lakey009/AI-Tools-List/blob/ccdff902d7e77774df46e66761e811ada4838ea1/AIToolsList.json,Unique normalized product URL after deterministic www/trailing-slash deduplication.
product,ai-tools-list:AIToolsList.json:165,nanonets,dd9f00f0-9f35-50ae-a052-dac651401d29,https://nanonets.com,canonical_product_url,1.0,https://github.com/lakey009/AI-Tools-List/blob/ccdff902d7e77774df46e66761e811ada4838ea1/AIToolsList.json,Unique normalized product URL after deterministic www/trailing-slash deduplication.
product,ai-tools-list:AIToolsList.json:166,insightsoftware,c75cb969-d77c-58c8-ac71-ddcc7b0a786c,https://insightsoftware.com,canonical_product_url,1.0,https://github.com/lakey009/AI-Tools-List/blob/ccdff902d7e77774df46e66761e811ada4838ea1/AIToolsList.json,Unique normalized product URL after deterministic www/trailing-slash deduplication.
product,ai-tools-list:AIToolsList.json:167,accountable-de,abb3b6f8-cd1d-5123-8162-993c67a09650,https://accountable.de,canonical_product_url,1.0,https://github.com/lakey009/AI-Tools-List/blob/ccdff902d7e77774df46e66761e811ada4838ea1/AIToolsList.json,Unique normalized product URL after deterministic www/trailing-slash deduplication.
product,ai-tools-list:AIToolsList.json:168,intapp,3f5978c1-86ef-532c-b12a-bf78e76d63e1,https://www.intapp.com,canonical_product_url,1.0,https://github.com/lakey009/AI-Tools-List/blob/ccdff902d7e77774df46e66761e811ada4838ea1/AIToolsList.json,Unique normalized product URL after deterministic www/trailing-slash deduplication.
product,ai-tools-list:AIToolsList.json:170,taxgpt-com,4c26affc-5ac4-5ccc-8499-5ce9a620d72d,https://taxgpt.com,canonical_product_url,1.0,https://github.com/lakey009/AI-Tools-List/blob/ccdff902d7e77774df46e66761e811ada4838ea1/AIToolsList.json,Unique normalized product URL after deterministic www/trailing-slash deduplication.
product,ai-tools-list:AIToolsList.json:172,syft-assist-ai,5f4ff300-ac5c-5ad7-988e-57c64bc2d680,https://www.syftanalytics.com,canonical_product_url,1.0,https://github.com/lakey009/AI-Tools-List/blob/ccdff902d7e77774df46e66761e811ada4838ea1/AIToolsList.json,Unique normalized product URL after deterministic www/trailing-slash deduplication.
product,ai-tools-list:AIToolsList.json:174,agree-com,3a6cae06-ea3a-53df-b15c-0f7bcb377146,https://agree.com,canonical_product_url,1.0,https://github.com/lakey009/AI-Tools-List/blob/ccdff902d7e77774df46e66761e811ada4838ea1/AIToolsList.json,Unique normalized product URL after deterministic www/trailing-slash deduplication.
product,ai-tools-list:AIToolsList.json:175,zeni-ai,4bdce573-2a54-57e6-bc35-0bfae13d8c19,https://zeni.ai,canonical_product_url,1.0,https://github.com/lakey009/AI-Tools-List/blob/ccdff902d7e77774df46e66761e811ada4838ea1/AIToolsList.json,Unique normalized product URL after deterministic www/trailing-slash deduplication.
product,ai-tools-list:AIToolsList.json:176,formx-ai,be584259-4937-5fed-b109-d00b520c666b,https://www.formx.ai,canonical_product_url,1.0,https://github.com/lakey009/AI-Tools-List/blob/ccdff902d7e77774df46e66761e811ada4838ea1/AIToolsList.json,Unique normalized product URL after deterministic www/trailing-slash deduplication.
product,ai-tools-list:AIToolsList.json:177,pump,819b09c5-3c5d-50cc-be18-fc07d59f4f66,https://www.pump.co,canonical_product_url,1.0,https://github.com/lakey009/AI-Tools-List/blob/ccdff902d7e77774df46e66761e811ada4838ea1/AIToolsList.json,Unique normalized product URL after deterministic www/trailing-slash deduplication.
product,ai-tools-list:AIToolsList.json:178,rossum-ai,0d59933a-d494-5526-970f-7713c44a1411,https://rossum.ai,canonical_product_url,1.0,https://github.com/lakey009/AI-Tools-List/blob/ccdff902d7e77774df46e66761e811ada4838ea1/AIToolsList.json,Unique normalized product URL after deterministic www/trailing-slash deduplication.
product,ai-tools-list:AIToolsList.json:179,tutoreva-campus-ai-study-help,b5816760-13c6-50e4-9b4c-05fcff04f455,https://www.tutoreva.com,canonical_product_url,1.0,https://github.com/lakey009/AI-Tools-List/blob/ccdff902d7e77774df46e66761e811ada4838ea1/AIToolsList.json,Unique normalized product URL after deterministic www/trailing-slash deduplication.
product,ai-tools-list:AIToolsList.json:181,affinda-com,4bdcdfec-839a-54ae-bda7-58a6f82c23b7,https://affinda.com,canonical_product_url,1.0,https://github.com/lakey009/AI-Tools-List/blob/ccdff902d7e77774df46e66761e811ada4838ea1/AIToolsList.json,Unique normalized product URL after deterministic www/trailing-slash deduplication.
product,ai-tools-list:AIToolsList.json:182,receiptor-ai,2d89e993-984d-59d2-a393-fd6602da1ae0,https://receiptor.ai,canonical_product_url,1.0,https://github.com/lakey009/AI-Tools-List/blob/ccdff902d7e77774df46e66761e811ada4838ea1/AIToolsList.json,Unique normalized product URL after deterministic www/trailing-slash deduplication.
product,ai-tools-list:AIToolsList.json:183,mindbridge-ai,0be9b779-d8e9-5185-8609-c50409b325ea,https://mindbridge.ai,canonical_product_url,1.0,https://github.com/lakey009/AI-Tools-List/blob/ccdff902d7e77774df46e66761e811ada4838ea1/AIToolsList.json,Unique normalized product URL after deterministic www/trailing-slash deduplication.
product,ai-tools-list:AIToolsList.json:184,yokoy-io,d11bc899-5542-5d5d-a994-d0c7e851360c,https://yokoy.io,canonical_product_url,1.0,https://github.com/lakey009/AI-Tools-List/blob/ccdff902d7e77774df46e66761e811ada4838ea1/AIToolsList.json,Unique normalized product URL after deterministic www/trailing-slash deduplication.
product,ai-tools-list:AIToolsList.json:185,digits-accounting-reimagined,866d5e56-92d1-57ba-a251-1cb186ed5be2,https://digits.com,canonical_product_url,1.0,https://github.com/lakey009/AI-Tools-List/blob/ccdff902d7e77774df46e66761e811ada4838ea1/AIToolsList.json,Unique normalized product URL after deterministic www/trailing-slash deduplication.
product,ai-tools-list:AIToolsList.json:186,financegpt,54ed50ee-60a5-5037-a13c-ddd5a6c84784,https://financegpt.uk,canonical_product_url,1.0,https://github.com/lakey009/AI-Tools-List/blob/ccdff902d7e77774df46e66761e811ada4838ea1/AIToolsList.json,Unique normalized product URL after deterministic www/trailing-slash deduplication.
product,ai-tools-list:AIToolsList.json:187,clienthub-app,c1381050-9484-59a8-bec7-27beb1c7fe86,https://clienthub.app,canonical_product_url,1.0,https://github.com/lakey009/AI-Tools-List/blob/ccdff902d7e77774df46e66761e811ada4838ea1/AIToolsList.json,Unique normalized product URL after deterministic www/trailing-slash deduplication.
product,ai-tools-list:AIToolsList.json:189,osfin-ai,d09c1def-24ac-5c70-b6dc-56caf8f4c268,https://osfin.ai,canonical_product_url,1.0,https://github.com/lakey009/AI-Tools-List/blob/ccdff902d7e77774df46e66761e811ada4838ea1/AIToolsList.json,Unique normalized product URL after deterministic www/trailing-slash deduplication.
product,ai-tools-list:AIToolsList.json:190,algodocs,3829ffc3-952e-599f-ac27-e9dc6034f082,https://www.algodocs.com,canonical_product_url,1.0,https://github.com/lakey009/AI-Tools-List/blob/ccdff902d7e77774df46e66761e811ada4838ea1/AIToolsList.json,Unique normalized product URL after deterministic www/trailing-slash deduplication.
product,ai-tools-list:AIToolsList.json:191,appzen-com,0b5f48c7-81eb-521f-a7de-7ca926db7c67,https://appzen.com,canonical_product_url,1.0,https://github.com/lakey009/AI-Tools-List/blob/ccdff902d7e77774df46e66761e811ada4838ea1/AIToolsList.json,Unique normalized product URL after deterministic www/trailing-slash deduplication.
product,ai-tools-list:AIToolsList.json:192,marcus-your-ai-billing-agent,4297643c-665f-53bd-9854-b3574106f51f,https://trymesha.com,canonical_product_url,1.0,https://github.com/lakey009/AI-Tools-List/blob/ccdff902d7e77774df46e66761e811ada4838ea1/AIToolsList.json,Unique normalized product URL after deterministic www/trailing-slash deduplication.
product,ai-tools-list:AIToolsList.json:194,finvi-com,3eefbb8b-17e9-5fc2-96ac-2009674a802e,https://finvi.com,canonical_product_url,1.0,https://github.com/lakey009/AI-Tools-List/blob/ccdff902d7e77774df46e66761e811ada4838ea1/AIToolsList.json,Unique normalized product URL after deterministic www/trailing-slash deduplication.
product,ai-tools-list:AIToolsList.json:196,receipt-ai-for-startup,50ec12ae-0ed4-5e11-8140-7a959faac7f7,https://receipt-ai.com,canonical_product_url,1.0,https://github.com/lakey009/AI-Tools-List/blob/ccdff902d7e77774df46e66761e811ada4838ea1/AIToolsList.json,Unique normalized product URL after deterministic www/trailing-slash deduplication.
product,ai-tools-list:AIToolsList.json:198,trezy,55627ce3-2a33-5e0f-b248-7c94cb483902,https://www.trezy.io,canonical_product_url,1.0,https://github.com/lakey009/AI-Tools-List/blob/ccdff902d7e77774df46e66761e811ada4838ea1/AIToolsList.json,Unique normalized product URL after deterministic www/trailing-slash deduplication.
product,ai-tools-list:AIToolsList.json:201,cpa-pilot,0235a42f-934f-5961-a4d9-c65ffe8cda3c,https://www.cpapilot.com,canonical_product_url,1.0,https://github.com/lakey009/AI-Tools-List/blob/ccdff902d7e77774df46e66761e811ada4838ea1/AIToolsList.json,Unique normalized product URL after deterministic www/trailing-slash deduplication.
product,ai-tools-list:AIToolsList.json:202,cradl-ai,ea02073b-4ae9-5987-a221-6b6a3b1af710,https://www.cradl.ai,canonical_product_url,1.0,https://github.com/lakey009/AI-Tools-List/blob/ccdff902d7e77774df46e66761e811ada4838ea1/AIToolsList.json,Unique normalized product URL after deterministic www/trailing-slash deduplication.
product,ai-tools-list:AIToolsList.json:203,patterns,fa442c08-550c-5f15-ba96-bbc862d237f5,https://www.patterns.app,canonical_product_url,1.0,https://github.com/lakey009/AI-Tools-List/blob/ccdff902d7e77774df46e66761e811ada4838ea1/AIToolsList.json,Unique normalized product URL after deterministic www/trailing-slash deduplication.
product,ai-tools-list:AIToolsList.json:205,quanta,451e443f-d287-55fc-b840-2f314048f25f,https://www.usequanta.com,canonical_product_url,1.0,https://github.com/lakey009/AI-Tools-List/blob/ccdff902d7e77774df46e66761e811ada4838ea1/AIToolsList.json,Unique normalized product URL after deterministic www/trailing-slash deduplication.
product,ai-tools-list:AIToolsList.json:206,monai,0ab27068-85e7-50a7-8fae-4ab31e78ff96,https://get-monai.app,canonical_product_url,1.0,https://github.com/lakey009/AI-Tools-List/blob/ccdff902d7e77774df46e66761e811ada4838ea1/AIToolsList.json,Unique normalized product URL after deterministic www/trailing-slash deduplication.
product,ai-tools-list:AIToolsList.json:207,taxly-ai,37039953-93f8-5017-b2be-36ee24685b0e,https://taxly.ai,canonical_product_url,1.0,https://github.com/lakey009/AI-Tools-List/blob/ccdff902d7e77774df46e66761e811ada4838ea1/AIToolsList.json,Unique normalized product URL after deterministic www/trailing-slash deduplication.
product,ai-tools-list:AIToolsList.json:209,freeday-ai,c2f8aa80-975d-584c-891a-6ec27bf6e805,https://www.freeday.ai,canonical_product_url,1.0,https://github.com/lakey009/AI-Tools-List/blob/ccdff902d7e77774df46e66761e811ada4838ea1/AIToolsList.json,Unique normalized product URL after deterministic www/trailing-slash deduplication.
product,ai-tools-list:AIToolsList.json:210,ai-bookkeeping,9dbc010b-b4ef-532f-ac53-b8e501491673,https://bookeeping.ai,canonical_product_url,1.0,https://github.com/lakey009/AI-Tools-List/blob/ccdff902d7e77774df46e66761e811ada4838ea1/AIToolsList.json,Unique normalized product URL after deterministic www/trailing-slash deduplication.
product,ai-tools-list:AIToolsList.json:212,procys,c0a8c584-96ab-5a96-ad1a-2290b12bd7fc,https://procys.com,canonical_product_url,1.0,https://github.com/lakey009/AI-Tools-List/blob/ccdff902d7e77774df46e66761e811ada4838ea1/AIToolsList.json,Unique normalized product URL after deterministic www/trailing-slash deduplication.
product,ai-tools-list:AIToolsList.json:213,mesh,d215302d-7186-51cd-9d6a-8c7ce64bfab2,https://www.usemesh.com,canonical_product_url,1.0,https://github.com/lakey009/AI-Tools-List/blob/ccdff902d7e77774df46e66761e811ada4838ea1/AIToolsList.json,Unique normalized product URL after deterministic www/trailing-slash deduplication.
product,ai-tools-list:AIToolsList.json:214,nuvio,0298646e-a73e-582f-a459-f0f6482f4e85,https://www.nuvio.io,canonical_product_url,1.0,https://github.com/lakey009/AI-Tools-List/blob/ccdff902d7e77774df46e66761e811ada4838ea1/AIToolsList.json,Unique normalized product URL after deterministic www/trailing-slash deduplication.
product,ai-tools-list:AIToolsList.json:215,ledgerbox,d4483ae7-c466-55f9-b82e-7d33a6ce0822,https://ledgerbox.io,canonical_product_url,1.0,https://github.com/lakey009/AI-Tools-List/blob/ccdff902d7e77774df46e66761e811ada4838ea1/AIToolsList.json,Unique normalized product URL after deterministic www/trailing-slash deduplication.
product,ai-tools-list:AIToolsList.json:217,zapro-ai,cdb65290-8925-5f3a-8bb7-aa09434b02aa,https://zapro.ai,canonical_product_url,1.0,https://github.com/lakey009/AI-Tools-List/blob/ccdff902d7e77774df46e66761e811ada4838ea1/AIToolsList.json,Unique normalized product URL after deterministic www/trailing-slash deduplication.
product,ai-tools-list:AIToolsList.json:219,credibl-esg,0d1c1f1f-dca4-57e6-8bee-0698b5ae131b,https://www.crediblesg.com,canonical_product_url,1.0,https://github.com/lakey009/AI-Tools-List/blob/ccdff902d7e77774df46e66761e811ada4838ea1/AIToolsList.json,Unique normalized product URL after deterministic www/trailing-slash deduplication.
product,ai-tools-list:AIToolsList.json:220,kili,e62f7fc0-724c-5aff-a6a0-70f378cb1680,https://www.kili.so,canonical_product_url,1.0,https://github.com/lakey009/AI-Tools-List/blob/ccdff902d7e77774df46e66761e811ada4838ea1/AIToolsList.json,Unique normalized product URL after deterministic www/trailing-slash deduplication.
product,ai-tools-list:AIToolsList.json:221,cc-monet-home,f7c57fcc-f9c2-5b74-9461-85c43926831c,https://www.ccmonet.ai,canonical_product_url,1.0,https://github.com/lakey009/AI-Tools-List/blob/ccdff902d7e77774df46e66761e811ada4838ea1/AIToolsList.json,Unique normalized product URL after deterministic www/trailing-slash deduplication.
product,ai-tools-list:AIToolsList.json:222,entendre-finance,31793da1-ecc2-5f3f-9b51-3377ff88f948,https://entendre.finance,canonical_product_url,1.0,https://github.com/lakey009/AI-Tools-List/blob/ccdff902d7e77774df46e66761e811ada4838ea1/AIToolsList.json,Unique normalized product URL after deterministic www/trailing-slash deduplication.
product,ai-tools-list:AIToolsList.json:223,inbuild,6b71a88a-df54-5001-ba1b-073000a9f654,https://www.inbuild.ai,canonical_product_url,1.0,https://github.com/lakey009/AI-Tools-List/blob/ccdff902d7e77774df46e66761e811ada4838ea1/AIToolsList.json,Unique normalized product URL after deterministic www/trailing-slash deduplication.
product,ai-tools-list:AIToolsList.json:224,getinvoice,453b0d08-253c-501d-8c73-fd1800357d2c,https://www.get-invoice.com,canonical_product_url,1.0,https://github.com/lakey009/AI-Tools-List/blob/ccdff902d7e77774df46e66761e811ada4838ea1/AIToolsList.json,Unique normalized product URL after deterministic www/trailing-slash deduplication.
product,ai-tools-list:AIToolsList.json:225,mej-erp-ai,a664f5a9-4457-5307-a263-3bf63646074e,https://mejerpai.com,canonical_product_url,1.0,https://github.com/lakey009/AI-Tools-List/blob/ccdff902d7e77774df46e66761e811ada4838ea1/AIToolsList.json,Unique normalized product URL after deterministic www/trailing-slash deduplication.
product,ai-tools-list:AIToolsList.json:227,unitedtax-ai,dcbac004-8e93-5056-88e5-244e3d2f1b2a,https://unitedtax.ai,canonical_product_url,1.0,https://github.com/lakey009/AI-Tools-List/blob/ccdff902d7e77774df46e66761e811ada4838ea1/AIToolsList.json,Unique normalized product URL after deterministic www/trailing-slash deduplication.
product,ai-tools-list:AIToolsList.json:228,recordme,0a19b157-dc3a-5c28-b902-5788ea2f521b,https://recordme.ai,canonical_product_url,1.0,https://github.com/lakey009/AI-Tools-List/blob/ccdff902d7e77774df46e66761e811ada4838ea1/AIToolsList.json,Unique normalized product URL after deterministic www/trailing-slash deduplication.
product,ai-tools-list:AIToolsList.json:230,finance-brain,01412723-7f9c-5518-88fd-21ef9c482747,https://financebrain.ai,canonical_product_url,1.0,https://github.com/lakey009/AI-Tools-List/blob/ccdff902d7e77774df46e66761e811ada4838ea1/AIToolsList.json,Unique normalized product URL after deterministic www/trailing-slash deduplication.
product,ai-tools-list:AIToolsList.json:231,ever-efficient-ai,1608e868-1a32-5011-b286-3ae9e5831280,https://everefficient.ai,canonical_product_url,1.0,https://github.com/lakey009/AI-Tools-List/blob/ccdff902d7e77774df46e66761e811ada4838ea1/AIToolsList.json,Unique normalized product URL after deterministic www/trailing-slash deduplication.
product,ai-tools-list:AIToolsList.json:232,tango-ai,477dd12e-fd31-5976-b1b6-efd845a57a6a,https://www.tangoagreements.com,canonical_product_url,1.0,https://github.com/lakey009/AI-Tools-List/blob/ccdff902d7e77774df46e66761e811ada4838ea1/AIToolsList.json,Unique normalized product URL after deterministic www/trailing-slash deduplication.
product,ai-tools-list:AIToolsList.json:233,invoice-matchpoint-by-dodocs-ai,94b42096-7f23-50c8-b01d-19bbc1ac9069,https://dodocs.ai,canonical_product_url,1.0,https://github.com/lakey009/AI-Tools-List/blob/ccdff902d7e77774df46e66761e811ada4838ea1/AIToolsList.json,Unique normalized product URL after deterministic www/trailing-slash deduplication.
product,ai-tools-list:AIToolsList.json:235,fortune,72212922-77cd-5b3c-890a-1932f3f73873,https://www.fortune.app,canonical_product_url,1.0,https://github.com/lakey009/AI-Tools-List/blob/ccdff902d7e77774df46e66761e811ada4838ea1/AIToolsList.json,Unique normalized product URL after deterministic www/trailing-slash deduplication.
product,ai-tools-list:AIToolsList.json:237,financial-fusion,e2c33314-9ecc-5dca-9977-b3567e190699,https://financialfusion.io,canonical_product_url,1.0,https://github.com/lakey009/AI-Tools-List/blob/ccdff902d7e77774df46e66761e811ada4838ea1/AIToolsList.json,Unique normalized product URL after deterministic www/trailing-slash deduplication.
product,ai-tools-list:AIToolsList.json:239,mrgn,2b4e1d72-f776-5e1b-81b0-7b1bbbcb316a,https://mrgn.ai,canonical_product_url,1.0,https://github.com/lakey009/AI-Tools-List/blob/ccdff902d7e77774df46e66761e811ada4838ea1/AIToolsList.json,Unique normalized product URL after deterministic www/trailing-slash deduplication.
product,ai-tools-list:AIToolsList.json:240,insightai,af2e3984-5d80-5224-a24a-9824d3a2aeca,https://insightai.in,canonical_product_url,1.0,https://github.com/lakey009/AI-Tools-List/blob/ccdff902d7e77774df46e66761e811ada4838ea1/AIToolsList.json,Unique normalized product URL after deterministic www/trailing-slash deduplication.
product,ai-tools-list:AIToolsList.json:241,turbodoc,b611fc59-cdb2-5c21-9f4a-a8cdd4732320,https://turbodoc.io,canonical_product_url,1.0,https://github.com/lakey009/AI-Tools-List/blob/ccdff902d7e77774df46e66761e811ada4838ea1/AIToolsList.json,Unique normalized product URL after deterministic www/trailing-slash deduplication.
product,ai-tools-list:AIToolsList.json:242,kerno-start,591d30fd-6fd4-5b32-8e12-a41e72947ba5,https://www.kerno.ch,canonical_product_url,1.0,https://github.com/lakey009/AI-Tools-List/blob/ccdff902d7e77774df46e66761e811ada4838ea1/AIToolsList.json,Unique normalized product URL after deterministic www/trailing-slash deduplication.
product,ai-tools-list:AIToolsList.json:243,bank-statement-convert,01e7dd93-0e4f-5339-a9fb-e12361e33362,https://bankstatementconvert.com,canonical_product_url,1.0,https://github.com/lakey009/AI-Tools-List/blob/ccdff902d7e77774df46e66761e811ada4838ea1/AIToolsList.json,Unique normalized product URL after deterministic www/trailing-slash deduplication.
product,ai-tools-list:AIToolsList.json:244,adam,5f9462e5-4d7c-530c-bf67-c984075e90aa,https://interval-ai.com,canonical_product_url,1.0,https://github.com/lakey009/AI-Tools-List/blob/ccdff902d7e77774df46e66761e811ada4838ea1/AIToolsList.json,Unique normalized product URL after deterministic www/trailing-slash deduplication.
product,ai-tools-list:AIToolsList.json:245,ai-accounting-apps,7d1fa534-5425-598f-95fa-5740e46465c2,https://www.aiaccountingapps.com,canonical_product_url,1.0,https://github.com/lakey009/AI-Tools-List/blob/ccdff902d7e77774df46e66761e811ada4838ea1/AIToolsList.json,Unique normalized product URL after deterministic www/trailing-slash deduplication.
product,ai-tools-list:AIToolsList.json:246,zeeinvoices,b78d0e90-1ed8-5790-bb22-88452194e07c,https://zeeinvoices.com,canonical_product_url,1.0,https://github.com/lakey009/AI-Tools-List/blob/ccdff902d7e77774df46e66761e811ada4838ea1/AIToolsList.json,Unique normalized product URL after deterministic www/trailing-slash deduplication.
product,ai-tools-list:AIToolsList.json:247,oly-ai,7a8b566b-c3e5-5a7e-8e51-f25c7a87e8e9,https://www.oly.ai,canonical_product_url,1.0,https://github.com/lakey009/AI-Tools-List/blob/ccdff902d7e77774df46e66761e811ada4838ea1/AIToolsList.json,Unique normalized product URL after deterministic www/trailing-slash deduplication.
product,ai-tools-list:AIToolsList.json:248,pennyflo,0fcce59e-704d-56be-b89c-84609bc4c39a,https://www.pennyflo.io,canonical_product_url,1.0,https://github.com/lakey009/AI-Tools-List/blob/ccdff902d7e77774df46e66761e811ada4838ea1/AIToolsList.json,Unique normalized product URL after deterministic www/trailing-slash deduplication.
product,ai-tools-list:AIToolsList.json:249,serina,8f9cba7c-fbc9-51b7-b66a-bf23f83217f5,https://www.serina.ai,canonical_product_url,1.0,https://github.com/lakey009/AI-Tools-List/blob/ccdff902d7e77774df46e66761e811ada4838ea1/AIToolsList.json,Unique normalized product URL after deterministic www/trailing-slash deduplication.
product,ai-tools-list:AIToolsList.json:250,reform,88cc1845-55f9-55b2-9b22-c3402176b8ae,https://reformhq.com,canonical_product_url,1.0,https://github.com/lakey009/AI-Tools-List/blob/ccdff902d7e77774df46e66761e811ada4838ea1/AIToolsList.json,Unique normalized product URL after deterministic www/trailing-slash deduplication.
product,ai-tools-list:AIToolsList.json:251,documentpro,3552a879-b3f8-53da-8a2e-369dcbe45c5b,https://www.documentpro.ai,canonical_product_url,1.0,https://github.com/lakey009/AI-Tools-List/blob/ccdff902d7e77774df46e66761e811ada4838ea1/AIToolsList.json,Unique normalized product URL after deterministic www/trailing-slash deduplication.
product,ai-tools-list:AIToolsList.json:252,spendtally,02b845b2-c7be-54f2-9497-7dbf868c21ec,https://spendtally.com,canonical_product_url,1.0,https://github.com/lakey009/AI-Tools-List/blob/ccdff902d7e77774df46e66761e811ada4838ea1/AIToolsList.json,Unique normalized product URL after deterministic www/trailing-slash deduplication.
product,ai-tools-list:AIToolsList.json:253,homeworkify,ebabcdd2-5a45-564c-b37b-e5b095b4abc1,https://homeworkifyy.net,canonical_product_url,1.0,https://github.com/lakey009/AI-Tools-List/blob/ccdff902d7e77774df46e66761e811ada4838ea1/AIToolsList.json,Unique normalized product URL after deterministic www/trailing-slash deduplication.
product,ai-tools-list:AIToolsList.json:254,accountingsolverai,590fdcde-bf70-56a0-8de8-bd5657626692,https://accountingsolver.com,canonical_product_url,1.0,https://github.com/lakey009/AI-Tools-List/blob/ccdff902d7e77774df46e66761e811ada4838ea1/AIToolsList.json,Unique normalized product URL after deterministic www/trailing-slash deduplication.
product,ai-tools-list:AIToolsList.json:255,invoice-box-发票盒子,f7f57e93-6822-58ac-8356-9214cb7b6c07,https://www.fapiaohezi.com,canonical_product_url,1.0,https://github.com/lakey009/AI-Tools-List/blob/ccdff902d7e77774df46e66761e811ada4838ea1/AIToolsList.json,Unique normalized product URL after deterministic www/trailing-slash deduplication.
product,ai-tools-list:AIToolsList.json:256,ontariosystems-com,5b9c2d3e-aa24-5c36-a6fe-64b79e88847b,https://ontariosystems.com,canonical_product_url,1.0,https://github.com/lakey009/AI-Tools-List/blob/ccdff902d7e77774df46e66761e811ada4838ea1/AIToolsList.json,Unique normalized product URL after deterministic www/trailing-slash deduplication.
product,ai-tools-list:AIToolsList.json:262,billie,b347167b-bd2e-5aab-89f4-708c4d731376,https://getbillie.app,canonical_product_url,1.0,https://github.com/lakey009/AI-Tools-List/blob/ccdff902d7e77774df46e66761e811ada4838ea1/AIToolsList.json,Unique normalized product URL after deterministic www/trailing-slash deduplication.
product,ai-tools-list:AIToolsList.json:265,buildkeeper,0e2e27e1-9829-56f5-b8c4-7af4bd2abaea,https://buildkeeper.co,canonical_product_url,1.0,https://github.com/lakey009/AI-Tools-List/blob/ccdff902d7e77774df46e66761e811ada4838ea1/AIToolsList.json,Unique normalized product URL after deterministic www/trailing-slash deduplication.
product,ai-tools-list:AIToolsList.json:269,fdo-ai,699e2eed-1186-5470-b4f4-2ae8bd8677cc,https://fdo.ai,canonical_product_url,1.0,https://github.com/lakey009/AI-Tools-List/blob/ccdff902d7e77774df46e66761e811ada4838ea1/AIToolsList.json,Unique normalized product URL after deterministic www/trailing-slash deduplication.
product,ai-tools-list:AIToolsList.json:270,expense-sorted,030a5acd-fbe5-51e1-b06a-230f5f08ffb3,https://www.expensesorted.com,canonical_product_url,1.0,https://github.com/lakey009/AI-Tools-List/blob/ccdff902d7e77774df46e66761e811ada4838ea1/AIToolsList.json,Unique normalized product URL after deterministic www/trailing-slash deduplication.
product,ai-tools-list:AIToolsList.json:271,myiq-ai,aea15c3c-4c57-5c18-9330-4ea34e81c515,https://www.myiq.ai,canonical_product_url,1.0,https://github.com/lakey009/AI-Tools-List/blob/ccdff902d7e77774df46e66761e811ada4838ea1/AIToolsList.json,Unique normalized product URL after deterministic www/trailing-slash deduplication.
product,ai-tools-list:AIToolsList.json:273,billy-ai-invoicing-made-effortless,9d1d5b3b-bab9-56a0-a4ff-879140204c68,https://getbilly.co,canonical_product_url,1.0,https://github.com/lakey009/AI-Tools-List/blob/ccdff902d7e77774df46e66761e811ada4838ea1/AIToolsList.json,Unique normalized product URL after deterministic www/trailing-slash deduplication.
product,ai-tools-list:AIToolsList.json:274,gpt-hero,aa4cceb4-ab2d-57dc-8668-f840e9a68d28,https://www.gpt-hero.io,canonical_product_url,1.0,https://github.com/lakey009/AI-Tools-List/blob/ccdff902d7e77774df46e66761e811ada4838ea1/AIToolsList.json,Unique normalized product URL after deterministic www/trailing-slash deduplication.
product,ai-tools-list:AIToolsList.json:275,eveski,44ba063b-2674-5816-a9ab-5a2eb9dc7ee9,https://www.eveski.com,canonical_product_url,1.0,https://github.com/lakey009/AI-Tools-List/blob/ccdff902d7e77774df46e66761e811ada4838ea1/AIToolsList.json,Unique normalized product URL after deterministic www/trailing-slash deduplication.
product,ai-tools-list:AIToolsList.json:276,simpla-ai,ec5f0a06-61e1-5c95-8c39-7a81936c86a3,https://www.simpla.ai,canonical_product_url,1.0,https://github.com/lakey009/AI-Tools-List/blob/ccdff902d7e77774df46e66761e811ada4838ea1/AIToolsList.json,Unique normalized product URL after deterministic www/trailing-slash deduplication.
product,ai-tools-list:AIToolsList.json:280,myinvoicer,94d893a4-8890-57b2-acd1-2d7206abf9a1,https://myinvoicer.app,canonical_product_url,1.0,https://github.com/lakey009/AI-Tools-List/blob/ccdff902d7e77774df46e66761e811ada4838ea1/AIToolsList.json,Unique normalized product URL after deterministic www/trailing-slash deduplication.
product,ai-tools-list:AIToolsList.json:281,receiptify,5cea2b22-f3c5-5403-b340-acc71137c07d,https://receiptify.ai,canonical_product_url,1.0,https://github.com/lakey009/AI-Tools-List/blob/ccdff902d7e77774df46e66761e811ada4838ea1/AIToolsList.json,Unique normalized product URL after deterministic www/trailing-slash deduplication.
product,ai-tools-list:AIToolsList.json:282,proco,a82cf6b1-dbcb-5aa6-aff2-bd35f416663a,https://proconow.co,canonical_product_url,1.0,https://github.com/lakey009/AI-Tools-List/blob/ccdff902d7e77774df46e66761e811ada4838ea1/AIToolsList.json,Unique normalized product URL after deterministic www/trailing-slash deduplication.
product,ai-tools-list:AIToolsList.json:283,slayed-ai,ab443af3-13b1-5eb4-9d5f-96d134cee1cf,http://slayed.ai,canonical_product_url,1.0,https://github.com/lakey009/AI-Tools-List/blob/ccdff902d7e77774df46e66761e811ada4838ea1/AIToolsList.json,Unique normalized product URL after deterministic www/trailing-slash deduplication.
product,ai-tools-list:AIToolsList.json:284,ence,af3d20a3-089a-5190-ba36-2af9b4134b25,https://ence.in,canonical_product_url,1.0,https://github.com/lakey009/AI-Tools-List/blob/ccdff902d7e77774df46e66761e811ada4838ea1/AIToolsList.json,Unique normalized product URL after deterministic www/trailing-slash deduplication.
product,ai-tools-list:AIToolsList.json:285,fincheck-by-trezy,aafb4127-597e-5ebb-ae41-4ac362bcfd9c,https://fincheck.trezy.io,canonical_product_url,1.0,https://github.com/lakey009/AI-Tools-List/blob/ccdff902d7e77774df46e66761e811ada4838ea1/AIToolsList.json,Unique normalized product URL after deterministic www/trailing-slash deduplication.
product,ai-tools-list:AIToolsList.json:286,learnex-ai,f4f3673c-c75b-502d-a57b-b59a2c65156b,https://www.learnexai.com,canonical_product_url,1.0,https://github.com/lakey009/AI-Tools-List/blob/ccdff902d7e77774df46e66761e811ada4838ea1/AIToolsList.json,Unique normalized product URL after deterministic www/trailing-slash deduplication.
product,ai-tools-list:AIToolsList.json:287,yapayzeka-net,caeef6db-e7b7-510a-a508-ad6dfd0d5fb1,https://yapayzeka.net,canonical_product_url,1.0,https://github.com/lakey009/AI-Tools-List/blob/ccdff902d7e77774df46e66761e811ada4838ea1/AIToolsList.json,Unique normalized product URL after deterministic www/trailing-slash deduplication.
product,ai-tools-list:AIToolsList.json:288,splitparty,67ce14e7-c9f5-54d9-96d9-1ae45c6d7c54,https://splitparty.co,canonical_product_url,1.0,https://github.com/lakey009/AI-Tools-List/blob/ccdff902d7e77774df46e66761e811ada4838ea1/AIToolsList.json,Unique normalized product URL after deterministic www/trailing-slash deduplication.
product,ai-tools-list:AIToolsList.json:289,the-freelance-app,7f3d46b9-0c5f-5cb7-b8a7-cb68b9c430ab,https://www.thefreelance.app,canonical_product_url,1.0,https://github.com/lakey009/AI-Tools-List/blob/ccdff902d7e77774df46e66761e811ada4838ea1/AIToolsList.json,Unique normalized product URL after deterministic www/trailing-slash deduplication.
product,ai-tools-list:AIToolsList.json:290,hexar-ai,4355ca44-515e-54a7-87bd-abc40b6ed7f9,https://hexarai.com,canonical_product_url,1.0,https://github.com/lakey009/AI-Tools-List/blob/ccdff902d7e77774df46e66761e811ada4838ea1/AIToolsList.json,Unique normalized product URL after deterministic www/trailing-slash deduplication.
product,ai-tools-list:AIToolsList.json:291,invoiceocr,37ffd21d-c416-5b37-a980-d80769f013f1,https://www.invoiceocr.net,canonical_product_url,1.0,https://github.com/lakey009/AI-Tools-List/blob/ccdff902d7e77774df46e66761e811ada4838ea1/AIToolsList.json,Unique normalized product URL after deterministic www/trailing-slash deduplication.
product,ai-tools-list:AIToolsList.json:292,paygenie,4fce1a53-0338-5fa2-b4bc-e5ca92dec9a9,https://www.paygenie.co,canonical_product_url,1.0,https://github.com/lakey009/AI-Tools-List/blob/ccdff902d7e77774df46e66761e811ada4838ea1/AIToolsList.json,Unique normalized product URL after deterministic www/trailing-slash deduplication.
product,ai-tools-list:AIToolsList.json:293,ai-pdf-bank-statement-parser,172cadca-8716-536d-a85e-e7403e8be8a2,https://aibankparser.com,canonical_product_url,1.0,https://github.com/lakey009/AI-Tools-List/blob/ccdff902d7e77774df46e66761e811ada4838ea1/AIToolsList.json,Unique normalized product URL after deterministic www/trailing-slash deduplication.
product,ai-tools-list:AIToolsList.json:294,saaspec,8f2c237a-01be-55e8-a518-3a3c7ffe0697,https://www.saaspec.com,canonical_product_url,1.0,https://github.com/lakey009/AI-Tools-List/blob/ccdff902d7e77774df46e66761e811ada4838ea1/AIToolsList.json,Unique normalized product URL after deterministic www/trailing-slash deduplication.
product,ai-tools-list:AIToolsList.json:297,evrythink-1-0-financial-planning,bf883cb3-9b9d-512a-8e28-43463b12b8a5,https://www.evrythink.com,canonical_product_url,1.0,https://github.com/lakey009/AI-Tools-List/blob/ccdff902d7e77774df46e66761e811ada4838ea1/AIToolsList.json,Unique normalized product URL after deterministic www/trailing-slash deduplication.
product,ai-tools-list:AIToolsList.json:298,showmemoney,bf1e2431-a156-5877-abb6-518fb2f7a730,https://www.showmemoney.app,canonical_product_url,1.0,https://github.com/lakey009/AI-Tools-List/blob/ccdff902d7e77774df46e66761e811ada4838ea1/AIToolsList.json,Unique normalized product URL after deterministic www/trailing-slash deduplication.
product,ai-tools-list:AIToolsList.json:300,genkin,3add35fe-740f-5306-a2f4-53e6f9a6a7fa,https://genkin.site,canonical_product_url,1.0,https://github.com/lakey009/AI-Tools-List/blob/ccdff902d7e77774df46e66761e811ada4838ea1/AIToolsList.json,Unique normalized product URL after deterministic www/trailing-slash deduplication.
product,ai-tools-list:AIToolsList.json:305,smart-invoices,2b10d50d-d211-58d3-8395-4ba9a14334b1,https://smartinvoices.app,canonical_product_url,1.0,https://github.com/lakey009/AI-Tools-List/blob/ccdff902d7e77774df46e66761e811ada4838ea1/AIToolsList.json,Unique normalized product URL after deterministic www/trailing-slash deduplication.
product,ai-tools-list:AIToolsList.json:308,rupease,61ea072b-91c0-5626-b405-a4d73f489b00,https://rupease.co,canonical_product_url,1.0,https://github.com/lakey009/AI-Tools-List/blob/ccdff902d7e77774df46e66761e811ada4838ea1/AIToolsList.json,Unique normalized product URL after deterministic www/trailing-slash deduplication.
product,ai-tools-list:AIToolsList.json:310,fiorino-ai,77de80d5-bc2d-50b3-ba98-2c5dd24f6bd2,https://fiorinoai.tech,canonical_product_url,1.0,https://github.com/lakey009/AI-Tools-List/blob/ccdff902d7e77774df46e66761e811ada4838ea1/AIToolsList.json,Unique normalized product URL after deterministic www/trailing-slash deduplication.
product,ai-tools-list:AIToolsList.json:311,invoicemint,a3db1225-cc3f-5763-a080-08b7a3807517,https://invoicemint.in,canonical_product_url,1.0,https://github.com/lakey009/AI-Tools-List/blob/ccdff902d7e77774df46e66761e811ada4838ea1/AIToolsList.json,Unique normalized product URL after deterministic www/trailing-slash deduplication.
product,ai-tools-list:AIToolsList.json:312,eliteinvoice,41902ed0-2505-5f3c-aae1-fecfb7e4da6a,https://eliteinvoice.com,canonical_product_url,1.0,https://github.com/lakey009/AI-Tools-List/blob/ccdff902d7e77774df46e66761e811ada4838ea1/AIToolsList.json,Unique normalized product URL after deterministic www/trailing-slash deduplication.
product,ai-tools-list:AIToolsList.json:313,invoicedataextraction-com,b19975c3-fe6a-54d2-b560-9a920fcd1b7c,https://invoicedataextraction.com,canonical_product_url,1.0,https://github.com/lakey009/AI-Tools-List/blob/ccdff902d7e77774df46e66761e811ada4838ea1/AIToolsList.json,Unique normalized product URL after deterministic www/trailing-slash deduplication.
product,ai-tools-list:AIToolsList.json:314,bizfast-io,941a7bc2-1c12-5998-8e97-c1970a8e3040,https://bizfast.io,canonical_product_url,1.0,https://github.com/lakey009/AI-Tools-List/blob/ccdff902d7e77774df46e66761e811ada4838ea1/AIToolsList.json,Unique normalized product URL after deterministic www/trailing-slash deduplication.
product,ai-tools-list:AIToolsList.json:315,workfusion-app,1213b896-6578-53bc-b2f0-3d3f6dce31d5,https://www.workfusionapp.com,canonical_product_url,1.0,https://github.com/lakey009/AI-Tools-List/blob/ccdff902d7e77774df46e66761e811ada4838ea1/AIToolsList.json,Unique normalized product URL after deterministic www/trailing-slash deduplication.
product,ai-tools-list:AIToolsList.json:316,ai-invoicer,06f7dabd-ace3-5deb-a04d-7fb60557558d,https://aiinvoicer.in,canonical_product_url,1.0,https://github.com/lakey009/AI-Tools-List/blob/ccdff902d7e77774df46e66761e811ada4838ea1/AIToolsList.json,Unique normalized product URL after deterministic www/trailing-slash deduplication.
product,ai-tools-list:AIToolsList.json:317,sendpay,34805f35-0c73-5275-bd5a-fa4ab923518f,https://www.sendpaymail.com,canonical_product_url,1.0,https://github.com/lakey009/AI-Tools-List/blob/ccdff902d7e77774df46e66761e811ada4838ea1/AIToolsList.json,Unique normalized product URL after deterministic www/trailing-slash deduplication.
product,ai-tools-list:AIToolsList.json:318,vent,c3478e9e-5a7c-5055-b795-b63c82226d16,https://useventapp.com,canonical_product_url,1.0,https://github.com/lakey009/AI-Tools-List/blob/ccdff902d7e77774df46e66761e811ada4838ea1/AIToolsList.json,Unique normalized product URL after deterministic www/trailing-slash deduplication.
product,ai-tools-list:AIToolsList.json:319,finjy,51ee836a-e912-541e-bb6d-bc459c347f29,https://finjy.com,canonical_product_url,1.0,https://github.com/lakey009/AI-Tools-List/blob/ccdff902d7e77774df46e66761e811ada4838ea1/AIToolsList.json,Unique normalized product URL after deterministic www/trailing-slash deduplication.
product,ai-tools-list:AIToolsList.json:320,jupid-ai-accountant,bc0a3abf-7e64-5be7-8817-c242fbd02f91,https://jupid.com,canonical_product_url,1.0,https://github.com/lakey009/AI-Tools-List/blob/ccdff902d7e77774df46e66761e811ada4838ea1/AIToolsList.json,Unique normalized product URL after deterministic www/trailing-slash deduplication.
product,ai-tools-list:AIToolsList.json:321,victoria-ai,23da47f6-dd68-5db2-9cb2-ba24cc310c90,https://www.versionseven.ai,canonical_product_url,1.0,https://github.com/lakey009/AI-Tools-List/blob/ccdff902d7e77774df46e66761e811ada4838ea1/AIToolsList.json,Unique normalized product URL after deterministic www/trailing-slash deduplication.
product,ai-tools-list:AIToolsList.json:322,capyparse,6bf4abd9-3af0-5346-aa38-b0fee6ca9299,https://capyparse.com,canonical_product_url,1.0,https://github.com/lakey009/AI-Tools-List/blob/ccdff902d7e77774df46e66761e811ada4838ea1/AIToolsList.json,Unique normalized product URL after deterministic www/trailing-slash deduplication.
product,ai-tools-list:AIToolsList.json:323,rapidscan-ai,f84c54a8-71f4-5cc8-a93f-5c2266cace5c,https://rapidscan.ai,canonical_product_url,1.0,https://github.com/lakey009/AI-Tools-List/blob/ccdff902d7e77774df46e66761e811ada4838ea1/AIToolsList.json,Unique normalized product URL after deterministic www/trailing-slash deduplication.
product,ai-tools-list:AIToolsList.json:324,trae,7eaf3827-62d7-533d-aa50-14af7bf9eb73,https://trae.ai,canonical_product_url,1.0,https://github.com/lakey009/AI-Tools-List/blob/ccdff902d7e77774df46e66761e811ada4838ea1/AIToolsList.json,Unique normalized product URL after deterministic www/trailing-slash deduplication.
product,ai-tools-list:AIToolsList.json:325,predis,748b653b-1391-5a90-ab0e-cdbd0f9373ed,https://predis.ai,canonical_product_url,1.0,https://github.com/lakey009/AI-Tools-List/blob/ccdff902d7e77774df46e66761e811ada4838ea1/AIToolsList.json,Unique normalized product URL after deterministic www/trailing-slash deduplication.
product,ai-tools-list:AIToolsList.json:326,adcreative-ai,07dc724f-07ce-553f-af3f-8b986cb94ee4,https://free-trial.adcreative.ai/98krjvb7wdoq,canonical_product_url,1.0,https://github.com/lakey009/AI-Tools-List/blob/ccdff902d7e77774df46e66761e811ada4838ea1/AIToolsList.json,Unique normalized product URL after deterministic www/trailing-slash deduplication.
product,ai-tools-list:AIToolsList.json:327,creatopy,703ffd71-5a5d-5ab8-a882-9a63a4fafde6,https://www.creatopy.com,canonical_product_url,1.0,https://github.com/lakey009/AI-Tools-List/blob/ccdff902d7e77774df46e66761e811ada4838ea1/AIToolsList.json,Unique normalized product URL after deterministic www/trailing-slash deduplication.
product,ai-tools-list:AIToolsList.json:330,otto-google-ads,21d9e9b3-aa27-54b3-8cd3-a1ef361ddd97,https://searchatlas.com/otto-google-ads,canonical_product_url,1.0,https://github.com/lakey009/AI-Tools-List/blob/ccdff902d7e77774df46e66761e811ada4838ea1/AIToolsList.json,Unique normalized product URL after deterministic www/trailing-slash deduplication.
product,ai-tools-list:AIToolsList.json:331,icon-ai-generated-influencer-ads,7870b9f2-4ac2-54a0-b869-a6b24dad7a36,https://icon.com,canonical_product_url,1.0,https://github.com/lakey009/AI-Tools-List/blob/ccdff902d7e77774df46e66761e811ada4838ea1/AIToolsList.json,Unique normalized product URL after deterministic www/trailing-slash deduplication.
product,ai-tools-list:AIToolsList.json:332,gethookd,8050015d-5081-5f2a-abf1-0f330158606f,https://www.gethookd.ai,canonical_product_url,1.0,https://github.com/lakey009/AI-Tools-List/blob/ccdff902d7e77774df46e66761e811ada4838ea1/AIToolsList.json,Unique normalized product URL after deterministic www/trailing-slash deduplication.
product,ai-tools-list:AIToolsList.json:333,rubii,da5ebc94-db91-5266-a282-c2afedfae6eb,https://rubii.ai,canonical_product_url,1.0,https://github.com/lakey009/AI-Tools-List/blob/ccdff902d7e77774df46e66761e811ada4838ea1/AIToolsList.json,Unique normalized product URL after deterministic www/trailing-slash deduplication.
product,ai-tools-list:AIToolsList.json:334,maker-ai,b140a2d6-67b5-53e4-9ba4-6486bf95219d,https://app.draft.co/signup,canonical_product_url,1.0,https://github.com/lakey009/AI-Tools-List/blob/ccdff902d7e77774df46e66761e811ada4838ea1/AIToolsList.json,Unique normalized product URL after deterministic www/trailing-slash deduplication.
product,ai-tools-list:AIToolsList.json:335,hautech-ai,c695a58c-9182-544c-8106-75da2d4dd579,https://www.hautech.ai,canonical_product_url,1.0,https://github.com/lakey009/AI-Tools-List/blob/ccdff902d7e77774df46e66761e811ada4838ea1/AIToolsList.json,Unique normalized product URL after deterministic www/trailing-slash deduplication.
product,ai-tools-list:AIToolsList.json:336,lexilexi-ai,7190d305-3437-5a2c-b38e-5ac07f0d24a4,https://lexilexi.ai,canonical_product_url,1.0,https://github.com/lakey009/AI-Tools-List/blob/ccdff902d7e77774df46e66761e811ada4838ea1/AIToolsList.json,Unique normalized product URL after deterministic www/trailing-slash deduplication.
product,ai-tools-list:AIToolsList.json:338,neuronsinc-com,78520cdb-3c5d-56a8-b27c-ce86707f4507,https://neuronsinc.com,canonical_product_url,1.0,https://github.com/lakey009/AI-Tools-List/blob/ccdff902d7e77774df46e66761e811ada4838ea1/AIToolsList.json,Unique normalized product URL after deterministic www/trailing-slash deduplication.
product,ai-tools-list:AIToolsList.json:340,shown-io,0c28bd46-e09a-51a8-84c7-36d70b2cf3d1,https://shown.io/p/hCbui4ATCX,canonical_product_url,1.0,https://github.com/lakey009/AI-Tools-List/blob/ccdff902d7e77774df46e66761e811ada4838ea1/AIToolsList.json,Unique normalized product URL after deterministic www/trailing-slash deduplication.
product,ai-tools-list:AIToolsList.json:341,waymark,982e91e9-7f2d-550d-b17d-9eebc7213bc1,https://waymark.com,canonical_product_url,1.0,https://github.com/lakey009/AI-Tools-List/blob/ccdff902d7e77774df46e66761e811ada4838ea1/AIToolsList.json,Unique normalized product URL after deterministic www/trailing-slash deduplication.
product,ai-tools-list:AIToolsList.json:342,adpilot-by-picsart,99a8a228-000f-5b30-ab4d-b46a67243a9e,https://onlineadmaker.com,canonical_product_url,1.0,https://github.com/lakey009/AI-Tools-List/blob/ccdff902d7e77774df46e66761e811ada4838ea1/AIToolsList.json,Unique normalized product URL after deterministic www/trailing-slash deduplication.
product,ai-tools-list:AIToolsList.json:344,enhencer-com,713817a1-df2d-5fd1-b710-983503b695f8,https://enhencer.com,canonical_product_url,1.0,https://github.com/lakey009/AI-Tools-List/blob/ccdff902d7e77774df46e66761e811ada4838ea1/AIToolsList.json,Unique normalized product URL after deterministic www/trailing-slash deduplication.
product,ai-tools-list:AIToolsList.json:345,connected-stories-genaissance,0701f52a-71de-5fc7-9295-e80dce841bea,https://connected-stories.com,canonical_product_url,1.0,https://github.com/lakey009/AI-Tools-List/blob/ccdff902d7e77774df46e66761e811ada4838ea1/AIToolsList.json,Unique normalized product URL after deterministic www/trailing-slash deduplication.
product,ai-tools-list:AIToolsList.json:346,adscan-ai,d93f4688-c8e6-502d-bd8c-d585d6d51255,https://adscan.ai,canonical_product_url,1.0,https://github.com/lakey009/AI-Tools-List/blob/ccdff902d7e77774df46e66761e811ada4838ea1/AIToolsList.json,Unique normalized product URL after deterministic www/trailing-slash deduplication.
product,ai-tools-list:AIToolsList.json:347,adgen-ai,77e0d38a-f5f3-5df6-9376-bcf6bd081205,https://www.adgenai.com,canonical_product_url,1.0,https://github.com/lakey009/AI-Tools-List/blob/ccdff902d7e77774df46e66761e811ada4838ea1/AIToolsList.json,Unique normalized product URL after deterministic www/trailing-slash deduplication.
product,ai-tools-list:AIToolsList.json:349,segwise-ai,de23440a-9e2f-5aac-a6c8-52317eaf4f26,https://www.segwise.ai,canonical_product_url,1.0,https://github.com/lakey009/AI-Tools-List/blob/ccdff902d7e77774df46e66761e811ada4838ea1/AIToolsList.json,Unique normalized product URL after deterministic www/trailing-slash deduplication.
product,ai-tools-list:AIToolsList.json:350,metric-tech,b38c9e49-363f-5f59-8ca7-2a00a829a282,https://www.metric.tech,canonical_product_url,1.0,https://github.com/lakey009/AI-Tools-List/blob/ccdff902d7e77774df46e66761e811ada4838ea1/AIToolsList.json,Unique normalized product URL after deterministic www/trailing-slash deduplication.
product,ai-tools-list:AIToolsList.json:351,productly-app,7d7dea54-b29f-5145-b758-1e75ef2a5ca2,https://productly.app,canonical_product_url,1.0,https://github.com/lakey009/AI-Tools-List/blob/ccdff902d7e77774df46e66761e811ada4838ea1/AIToolsList.json,Unique normalized product URL after deterministic www/trailing-slash deduplication.
product,ai-tools-list:AIToolsList.json:352,suppixel-ai,954c0e02-446a-525d-8aab-549d42fc943d,https://suppixel.ai,canonical_product_url,1.0,https://github.com/lakey009/AI-Tools-List/blob/ccdff902d7e77774df46e66761e811ada4838ea1/AIToolsList.json,Unique normalized product URL after deterministic www/trailing-slash deduplication.
product,ai-tools-list:AIToolsList.json:353,fliz-ai,58abea1d-6519-532e-9338-f107275ffed3,https://fliz.ai,canonical_product_url,1.0,https://github.com/lakey009/AI-Tools-List/blob/ccdff902d7e77774df46e66761e811ada4838ea1/AIToolsList.json,Unique normalized product URL after deterministic www/trailing-slash deduplication.
product,ai-tools-list:AIToolsList.json:354,nexad,5e6660d8-4d85-5160-bfaf-a8ac1a450dee,https://www.nex.ad,canonical_product_url,1.0,https://github.com/lakey009/AI-Tools-List/blob/ccdff902d7e77774df46e66761e811ada4838ea1/AIToolsList.json,Unique normalized product URL after deterministic www/trailing-slash deduplication.
product,ai-tools-list:AIToolsList.json:355,adgpt-com,50fe4151-b342-548c-8ad2-fa0777173353,https://adgpt.com,canonical_product_url,1.0,https://github.com/lakey009/AI-Tools-List/blob/ccdff902d7e77774df46e66761e811ada4838ea1/AIToolsList.json,Unique normalized product URL after deterministic www/trailing-slash deduplication.
product,ai-tools-list:AIToolsList.json:356,viro,ce5acab2-efe5-5fb2-a7dd-375109fdcb29,https://app.viro.so,canonical_product_url,1.0,https://github.com/lakey009/AI-Tools-List/blob/ccdff902d7e77774df46e66761e811ada4838ea1/AIToolsList.json,Unique normalized product URL after deterministic www/trailing-slash deduplication.
product,ai-tools-list:AIToolsList.json:357,dropbotai-com,57346ebb-a497-589e-a58d-5abf80ae012e,https://dropbotai.com,canonical_product_url,1.0,https://github.com/lakey009/AI-Tools-List/blob/ccdff902d7e77774df46e66761e811ada4838ea1/AIToolsList.json,Unique normalized product URL after deterministic www/trailing-slash deduplication.
product,ai-tools-list:AIToolsList.json:358,community-hub,818fb7d5-8a58-5b69-9a2f-457c08ea8390,https://sesamelabs.xyz,canonical_product_url,1.0,https://github.com/lakey009/AI-Tools-List/blob/ccdff902d7e77774df46e66761e811ada4838ea1/AIToolsList.json,Unique normalized product URL after deterministic www/trailing-slash deduplication.
product,ai-tools-list:AIToolsList.json:359,fusionos-ai,390bf063-e1f7-53b6-ba1d-bfd61c7b86cd,https://www.fusionos.ai,canonical_product_url,1.0,https://github.com/lakey009/AI-Tools-List/blob/ccdff902d7e77774df46e66761e811ada4838ea1/AIToolsList.json,Unique normalized product URL after deterministic www/trailing-slash deduplication.
product,ai-tools-list:AIToolsList.json:361,airpost,3ac21b54-384a-5f0c-80ca-8bfc37f42636,https://www.airpost.ai,canonical_product_url,1.0,https://github.com/lakey009/AI-Tools-List/blob/ccdff902d7e77774df46e66761e811ada4838ea1/AIToolsList.json,Unique normalized product URL after deterministic www/trailing-slash deduplication.
product,ai-tools-list:AIToolsList.json:362,evercopy,97949909-33d6-5868-9415-a571cfde79bf,https://dashboard.evercopy.ai,canonical_product_url,1.0,https://github.com/lakey009/AI-Tools-List/blob/ccdff902d7e77774df46e66761e811ada4838ea1/AIToolsList.json,Unique normalized product URL after deterministic www/trailing-slash deduplication.
product,ai-tools-list:AIToolsList.json:363,plug-play-ai-marketing-team,0f508f27-6b93-5d19-875e-a37c1116e385,https://evercopy.ai,canonical_product_url,1.0,https://github.com/lakey009/AI-Tools-List/blob/ccdff902d7e77774df46e66761e811ada4838ea1/AIToolsList.json,Unique normalized product URL after deterministic www/trailing-slash deduplication.
product,ai-tools-list:AIToolsList.json:364,memorable-ad-maker,a9767f43-cbbc-5cac-b8d8-aece7561bc51,https://www.memorable.io,canonical_product_url,1.0,https://github.com/lakey009/AI-Tools-List/blob/ccdff902d7e77774df46e66761e811ada4838ea1/AIToolsList.json,Unique normalized product URL after deterministic www/trailing-slash deduplication.
product,ai-tools-list:AIToolsList.json:365,thirdi,7eb387ed-7841-53e4-b02a-639fbb6dd54e,https://thirdi.ai,canonical_product_url,1.0,https://github.com/lakey009/AI-Tools-List/blob/ccdff902d7e77774df46e66761e811ada4838ea1/AIToolsList.json,Unique normalized product URL after deterministic www/trailing-slash deduplication.
product,ai-tools-list:AIToolsList.json:366,adsgency-ai-mvp,e712762f-2074-5aaa-939d-563cce2afaf6,https://adsgency.ai,canonical_product_url,1.0,https://github.com/lakey009/AI-Tools-List/blob/ccdff902d7e77774df46e66761e811ada4838ea1/AIToolsList.json,Unique normalized product URL after deterministic www/trailing-slash deduplication.
product,ai-tools-list:AIToolsList.json:367,hookads-ai,e7864199-4d58-5260-89ce-3e60f4b191cd,https://hookads.ai,canonical_product_url,1.0,https://github.com/lakey009/AI-Tools-List/blob/ccdff902d7e77774df46e66761e811ada4838ea1/AIToolsList.json,Unique normalized product URL after deterministic www/trailing-slash deduplication.
product,ai-tools-list:AIToolsList.json:368,alphactr,d8533b7c-b4cd-5dc4-b4f9-ad57bf951ea0,https://alphactr.com,canonical_product_url,1.0,https://github.com/lakey009/AI-Tools-List/blob/ccdff902d7e77774df46e66761e811ada4838ea1/AIToolsList.json,Unique normalized product URL after deterministic www/trailing-slash deduplication.
product,ai-tools-list:AIToolsList.json:369,clickable,28a9a6b4-8714-587b-9b16-e31f6dfd88de,https://www.clickable.so,canonical_product_url,1.0,https://github.com/lakey009/AI-Tools-List/blob/ccdff902d7e77774df46e66761e811ada4838ea1/AIToolsList.json,Unique normalized product URL after deterministic www/trailing-slash deduplication.
product,ai-tools-list:AIToolsList.json:370,averi,1eb59b6f-e0ae-569f-bdfe-4e57ad7dbbe7,https://averi.ai,canonical_product_url,1.0,https://github.com/lakey009/AI-Tools-List/blob/ccdff902d7e77774df46e66761e811ada4838ea1/AIToolsList.json,Unique normalized product URL after deterministic www/trailing-slash deduplication.
product,ai-tools-list:AIToolsList.json:371,shakespeare,41fa37ab-47b4-54aa-995f-bd0b73973540,https://www.shakespeare.ai,canonical_product_url,1.0,https://github.com/lakey009/AI-Tools-List/blob/ccdff902d7e77774df46e66761e811ada4838ea1/AIToolsList.json,Unique normalized product URL after deterministic www/trailing-slash deduplication.
product,ai-tools-list:AIToolsList.json:372,ugc-ads,e41597b3-b516-5da0-ba27-7f252df137d7,https://www.ugcads.io,canonical_product_url,1.0,https://github.com/lakey009/AI-Tools-List/blob/ccdff902d7e77774df46e66761e811ada4838ea1/AIToolsList.json,Unique normalized product URL after deterministic www/trailing-slash deduplication.
product,ai-tools-list:AIToolsList.json:374,ai-product-shot,b5e9f082-ac40-5474-9f3f-e8abfd6b88ff,https://aiproductshot.com,canonical_product_url,1.0,https://github.com/lakey009/AI-Tools-List/blob/ccdff902d7e77774df46e66761e811ada4838ea1/AIToolsList.json,Unique normalized product URL after deterministic www/trailing-slash deduplication.
product,ai-tools-list:AIToolsList.json:375,omnitrain-ai,a0346471-b415-586c-aa13-1cd4d74ef375,https://omnitrain.ai,canonical_product_url,1.0,https://github.com/lakey009/AI-Tools-List/blob/ccdff902d7e77774df46e66761e811ada4838ea1/AIToolsList.json,Unique normalized product URL after deterministic www/trailing-slash deduplication.
product,ai-tools-list:AIToolsList.json:376,selfadvertiser-com,27f9dc31-dd2b-5250-b3a5-256a8ad9cc38,https://selfadvertiser.com,canonical_product_url,1.0,https://github.com/lakey009/AI-Tools-List/blob/ccdff902d7e77774df46e66761e811ada4838ea1/AIToolsList.json,Unique normalized product URL after deterministic www/trailing-slash deduplication.
product,ai-tools-list:AIToolsList.json:377,creative-fast-aid,60c46337-8231-5d0c-84d8-05c0ac4994a5,https://creativefastaid.com,canonical_product_url,1.0,https://github.com/lakey009/AI-Tools-List/blob/ccdff902d7e77774df46e66761e811ada4838ea1/AIToolsList.json,Unique normalized product URL after deterministic www/trailing-slash deduplication.
product,ai-tools-list:AIToolsList.json:379,daydrm-ai,aa611bb8-15cf-55ba-a393-e880d22b594d,https://www.daydrm.ai,canonical_product_url,1.0,https://github.com/lakey009/AI-Tools-List/blob/ccdff902d7e77774df46e66761e811ada4838ea1/AIToolsList.json,Unique normalized product URL after deterministic www/trailing-slash deduplication.
product,ai-tools-list:AIToolsList.json:380,xiangji-1-0,dce6a6d6-582d-515d-b95c-517190c7ac39,https://www.xiangji.ai,canonical_product_url,1.0,https://github.com/lakey009/AI-Tools-List/blob/ccdff902d7e77774df46e66761e811ada4838ea1/AIToolsList.json,Unique normalized product URL after deterministic www/trailing-slash deduplication.
product,ai-tools-list:AIToolsList.json:381,adxl-ai,fae5ad5b-3419-5c33-a8a1-efca5851bb22,https://www.adxl.ai,canonical_product_url,1.0,https://github.com/lakey009/AI-Tools-List/blob/ccdff902d7e77774df46e66761e811ada4838ea1/AIToolsList.json,Unique normalized product URL after deterministic www/trailing-slash deduplication.
product,ai-tools-list:AIToolsList.json:382,posterstudio,ab66df7c-e839-5156-bd3e-43f1b82f3542,https://posterstudio.ai,canonical_product_url,1.0,https://github.com/lakey009/AI-Tools-List/blob/ccdff902d7e77774df46e66761e811ada4838ea1/AIToolsList.json,Unique normalized product URL after deterministic www/trailing-slash deduplication.
product,ai-tools-list:AIToolsList.json:383,growtake,cfc448a7-4519-55c9-89be-14ed0e9398a4,https://growtake.com,canonical_product_url,1.0,https://github.com/lakey009/AI-Tools-List/blob/ccdff902d7e77774df46e66761e811ada4838ea1/AIToolsList.json,Unique normalized product URL after deterministic www/trailing-slash deduplication.
product,ai-tools-list:AIToolsList.json:384,agentprod,20f68364-8bb1-5ef9-b9ce-e8d456db9fe5,https://agentprod.com,canonical_product_url,1.0,https://github.com/lakey009/AI-Tools-List/blob/ccdff902d7e77774df46e66761e811ada4838ea1/AIToolsList.json,Unique normalized product URL after deterministic www/trailing-slash deduplication.
product,ai-tools-list:AIToolsList.json:385,dicer-ai,a0356763-0645-5321-9470-bacd2107b637,https://dicer.ai,canonical_product_url,1.0,https://github.com/lakey009/AI-Tools-List/blob/ccdff902d7e77774df46e66761e811ada4838ea1/AIToolsList.json,Unique normalized product URL after deterministic www/trailing-slash deduplication.
product,ai-tools-list:AIToolsList.json:386,roach-ai,9a7b8727-f220-55ef-8071-3fd57089faaa,https://roach.ai,canonical_product_url,1.0,https://github.com/lakey009/AI-Tools-List/blob/ccdff902d7e77774df46e66761e811ada4838ea1/AIToolsList.json,Unique normalized product URL after deterministic www/trailing-slash deduplication.
product,ai-tools-list:AIToolsList.json:387,hippist-ai,96b91578-f693-56bf-b807-d690cc90bf60,https://www.hippist.com,canonical_product_url,1.0,https://github.com/lakey009/AI-Tools-List/blob/ccdff902d7e77774df46e66761e811ada4838ea1/AIToolsList.json,Unique normalized product URL after deterministic www/trailing-slash deduplication.
product,ai-tools-list:AIToolsList.json:388,adstronaut,83a29bc7-0ae6-5fd1-b8f2-f48618d574b8,https://www.adstronaut.net,canonical_product_url,1.0,https://github.com/lakey009/AI-Tools-List/blob/ccdff902d7e77774df46e66761e811ada4838ea1/AIToolsList.json,Unique normalized product URL after deterministic www/trailing-slash deduplication.
product,ai-tools-list:AIToolsList.json:389,showstop,431ed3ed-ee9d-5a92-b851-b77e890e0680,https://showstop.ai,canonical_product_url,1.0,https://github.com/lakey009/AI-Tools-List/blob/ccdff902d7e77774df46e66761e811ada4838ea1/AIToolsList.json,Unique normalized product URL after deterministic www/trailing-slash deduplication.
product,ai-tools-list:AIToolsList.json:390,wafrow-landing-pages-on-steroids,94205444-c2dd-5788-a88a-4fa1a02397fc,https://wafrow.com,canonical_product_url,1.0,https://github.com/lakey009/AI-Tools-List/blob/ccdff902d7e77774df46e66761e811ada4838ea1/AIToolsList.json,Unique normalized product URL after deterministic www/trailing-slash deduplication.
product,ai-tools-list:AIToolsList.json:391,peachly-ai,99a56476-aed6-5bdc-8ddd-710d75e78f5c,https://peachlyai.xyz,canonical_product_url,1.0,https://github.com/lakey009/AI-Tools-List/blob/ccdff902d7e77774df46e66761e811ada4838ea1/AIToolsList.json,Unique normalized product URL after deterministic www/trailing-slash deduplication.
product,ai-tools-list:AIToolsList.json:392,cameralyze-no-code-ai-studio,098faf89-29a4-5de4-aeea-c371a311f14e,https://www.plugger.ai,canonical_product_url,1.0,https://github.com/lakey009/AI-Tools-List/blob/ccdff902d7e77774df46e66761e811ada4838ea1/AIToolsList.json,Unique normalized product URL after deterministic www/trailing-slash deduplication.
product,ai-tools-list:AIToolsList.json:393,faqx,788182b7-ef39-5c78-9b57-f560dd84ed74,https://faqx.com,canonical_product_url,1.0,https://github.com/lakey009/AI-Tools-List/blob/ccdff902d7e77774df46e66761e811ada4838ea1/AIToolsList.json,Unique normalized product URL after deterministic www/trailing-slash deduplication.
product,ai-tools-list:AIToolsList.json:394,beb-ai,b17dc2ed-7ec0-5e27-be23-ef30383ae3e1,https://beb.ai,canonical_product_url,1.0,https://github.com/lakey009/AI-Tools-List/blob/ccdff902d7e77774df46e66761e811ada4838ea1/AIToolsList.json,Unique normalized product URL after deterministic www/trailing-slash deduplication.
product,ai-tools-list:AIToolsList.json:395,hifen-io,60bea0f0-829f-5d26-a05f-c53a04c1b3bd,https://hifen.io,canonical_product_url,1.0,https://github.com/lakey009/AI-Tools-List/blob/ccdff902d7e77774df46e66761e811ada4838ea1/AIToolsList.json,Unique normalized product URL after deterministic www/trailing-slash deduplication.
product,ai-tools-list:AIToolsList.json:396,adgen-studio,537c4fef-f99b-5d89-b681-053ce96233ec,https://www.adgenstudio.com,canonical_product_url,1.0,https://github.com/lakey009/AI-Tools-List/blob/ccdff902d7e77774df46e66761e811ada4838ea1/AIToolsList.json,Unique normalized product URL after deterministic www/trailing-slash deduplication.
product,ai-tools-list:AIToolsList.json:397,motion-cut,40ef0277-75b8-56cf-bd0d-89c9afd2a5fa,https://motioncut.io,canonical_product_url,1.0,https://github.com/lakey009/AI-Tools-List/blob/ccdff902d7e77774df46e66761e811ada4838ea1/AIToolsList.json,Unique normalized product URL after deterministic www/trailing-slash deduplication.
product,ai-tools-list:AIToolsList.json:398,frequently-ai,b1365755-f330-5ea3-9069-080c3bd87d15,https://www.frequently.ai,canonical_product_url,1.0,https://github.com/lakey009/AI-Tools-List/blob/ccdff902d7e77774df46e66761e811ada4838ea1/AIToolsList.json,Unique normalized product URL after deterministic www/trailing-slash deduplication.
product,ai-tools-list:AIToolsList.json:399,quantplus,5191f81d-c8d2-550f-945f-cc14fc42819d,http://quantplus.io,canonical_product_url,1.0,https://github.com/lakey009/AI-Tools-List/blob/ccdff902d7e77774df46e66761e811ada4838ea1/AIToolsList.json,Unique normalized product URL after deterministic www/trailing-slash deduplication.
product,ai-tools-list:AIToolsList.json:400,ai-logo-art,284a900a-8ed9-52bd-9885-3455d823f825,https://ailogoart.com,canonical_product_url,1.0,https://github.com/lakey009/AI-Tools-List/blob/ccdff902d7e77774df46e66761e811ada4838ea1/AIToolsList.json,Unique normalized product URL after deterministic www/trailing-slash deduplication.
product,ai-tools-list:AIToolsList.json:401,altos-ai-autonomous-advertising,a4ba5ed5-75c6-5ada-8d2c-af48db8b9a4b,https://www.helloaltos.com,canonical_product_url,1.0,https://github.com/lakey009/AI-Tools-List/blob/ccdff902d7e77774df46e66761e811ada4838ea1/AIToolsList.json,Unique normalized product URL after deterministic www/trailing-slash deduplication.
product,ai-tools-list:AIToolsList.json:402,product-ad-ai,aa8fd8cf-7dde-51ae-b0f0-4bab00864406,https://productad.co,canonical_product_url,1.0,https://github.com/lakey009/AI-Tools-List/blob/ccdff902d7e77774df46e66761e811ada4838ea1/AIToolsList.json,Unique normalized product URL after deterministic www/trailing-slash deduplication.
product,ai-tools-list:AIToolsList.json:403,ohmysynt,e47bd3c9-40d4-55d7-a4c2-12284ebc4bfa,https://ohmysynt.io,canonical_product_url,1.0,https://github.com/lakey009/AI-Tools-List/blob/ccdff902d7e77774df46e66761e811ada4838ea1/AIToolsList.json,Unique normalized product URL after deterministic www/trailing-slash deduplication.
product,ai-tools-list:AIToolsList.json:404,adflare-ai,80c65750-9825-58dd-858c-899a44ef2b13,https://adflare.ai,canonical_product_url,1.0,https://github.com/lakey009/AI-Tools-List/blob/ccdff902d7e77774df46e66761e811ada4838ea1/AIToolsList.json,Unique normalized product URL after deterministic www/trailing-slash deduplication.
product,ai-tools-list:AIToolsList.json:405,ecoms-genie-ai,4458d0a7-d563-5288-8014-ade8202a5559,https://www.ecomsgenie.com,canonical_product_url,1.0,https://github.com/lakey009/AI-Tools-List/blob/ccdff902d7e77774df46e66761e811ada4838ea1/AIToolsList.json,Unique normalized product URL after deterministic www/trailing-slash deduplication.
product,ai-tools-list:AIToolsList.json:407,adxcel-com,2c6cf84f-cd42-5a4d-a810-3ff9edb3dd97,https://adxcel.com,canonical_product_url,1.0,https://github.com/lakey009/AI-Tools-List/blob/ccdff902d7e77774df46e66761e811ada4838ea1/AIToolsList.json,Unique normalized product URL after deterministic www/trailing-slash deduplication.
product,ai-tools-list:AIToolsList.json:408,living-images,8c24b0d7-6c9f-536a-a802-ce09a4d17b1d,https://img.coframe.ai,canonical_product_url,1.0,https://github.com/lakey009/AI-Tools-List/blob/ccdff902d7e77774df46e66761e811ada4838ea1/AIToolsList.json,Unique normalized product URL after deterministic www/trailing-slash deduplication.
product,ai-tools-list:AIToolsList.json:409,brandnetworksinc-com,1c586d2c-5887-520a-b2d4-5495ad9a1511,https://brandnetworksinc.com,canonical_product_url,1.0,https://github.com/lakey009/AI-Tools-List/blob/ccdff902d7e77774df46e66761e811ada4838ea1/AIToolsList.json,Unique normalized product URL after deterministic www/trailing-slash deduplication.
product,ai-tools-list:AIToolsList.json:410,imgpt,bfdc9784-c186-5dc7-a605-eec57dd99200,https://www.img-pt.com,canonical_product_url,1.0,https://github.com/lakey009/AI-Tools-List/blob/ccdff902d7e77774df46e66761e811ada4838ea1/AIToolsList.json,Unique normalized product URL after deterministic www/trailing-slash deduplication.
product,ai-tools-list:AIToolsList.json:411,adastra,818af571-9346-5920-812d-5699d926b7b2,https://1trillionclub.com,canonical_product_url,1.0,https://github.com/lakey009/AI-Tools-List/blob/ccdff902d7e77774df46e66761e811ada4838ea1/AIToolsList.json,Unique normalized product URL after deterministic www/trailing-slash deduplication.
product,ai-tools-list:AIToolsList.json:412,mad-ad,a08ac479-d323-508e-92e7-f9007bb9f239,https://www.madad.site,canonical_product_url,1.0,https://github.com/lakey009/AI-Tools-List/blob/ccdff902d7e77774df46e66761e811ada4838ea1/AIToolsList.json,Unique normalized product URL after deterministic www/trailing-slash deduplication.
product,ai-tools-list:AIToolsList.json:413,adspawn,35d6c33a-d3b0-5a8f-9f79-8b00e2a8c971,https://www.adspawn.com,canonical_product_url,1.0,https://github.com/lakey009/AI-Tools-List/blob/ccdff902d7e77774df46e66761e811ada4838ea1/AIToolsList.json,Unique normalized product URL after deterministic www/trailing-slash deduplication.
product,ai-tools-list:AIToolsList.json:414,performwell,9f2b4a1f-af9b-518f-91f7-71a5254fe390,https://performwell.online,canonical_product_url,1.0,https://github.com/lakey009/AI-Tools-List/blob/ccdff902d7e77774df46e66761e811ada4838ea1/AIToolsList.json,Unique normalized product URL after deterministic www/trailing-slash deduplication.
product,ai-tools-list:AIToolsList.json:415,instaon-io,b58ffcd2-4c0b-5839-9437-6fbb60d36bfd,https://instaon.io,canonical_product_url,1.0,https://github.com/lakey009/AI-Tools-List/blob/ccdff902d7e77774df46e66761e811ada4838ea1/AIToolsList.json,Unique normalized product URL after deterministic www/trailing-slash deduplication.
product,ai-tools-list:AIToolsList.json:416,veedy-ai,960e86ec-35cc-5f99-b34d-1d3847c65e97,https://veedy.ai,canonical_product_url,1.0,https://github.com/lakey009/AI-Tools-List/blob/ccdff902d7e77774df46e66761e811ada4838ea1/AIToolsList.json,Unique normalized product URL after deterministic www/trailing-slash deduplication.
product,ai-tools-list:AIToolsList.json:417,adlas-io,52d65b3e-e050-58bc-81cf-bc6edbe8d9d2,https://adlas.io,canonical_product_url,1.0,https://github.com/lakey009/AI-Tools-List/blob/ccdff902d7e77774df46e66761e811ada4838ea1/AIToolsList.json,Unique normalized product URL after deterministic www/trailing-slash deduplication.
product,ai-tools-list:AIToolsList.json:418,shots-maker,dbb27df3-5cbb-5d58-9584-2d630e3510e9,https://shotsmaker.com,canonical_product_url,1.0,https://github.com/lakey009/AI-Tools-List/blob/ccdff902d7e77774df46e66761e811ada4838ea1/AIToolsList.json,Unique normalized product URL after deterministic www/trailing-slash deduplication.
product,ai-tools-list:AIToolsList.json:419,lolify,810d06dc-1ce6-5d86-85e0-49dd50722765,https://www.lolify.io,canonical_product_url,1.0,https://github.com/lakey009/AI-Tools-List/blob/ccdff902d7e77774df46e66761e811ada4838ea1/AIToolsList.json,Unique normalized product URL after deterministic www/trailing-slash deduplication.
product,ai-tools-list:AIToolsList.json:420,engaugeai-test-your-ad-creatives,ce07f2fe-2b0d-58d6-b892-e153fa3e020e,https://www.engaugeai.net,canonical_product_url,1.0,https://github.com/lakey009/AI-Tools-List/blob/ccdff902d7e77774df46e66761e811ada4838ea1/AIToolsList.json,Unique normalized product URL after deterministic www/trailing-slash deduplication.
product,ai-tools-list:AIToolsList.json:421,virtual-verse-labs,1f7209db-3766-53a8-8142-5e760fcd3af4,https://virtualverselabs.com,canonical_product_url,1.0,https://github.com/lakey009/AI-Tools-List/blob/ccdff902d7e77774df46e66761e811ada4838ea1/AIToolsList.json,Unique normalized product URL after deterministic www/trailing-slash deduplication.
product,ai-tools-list:AIToolsList.json:422,human-model-based-ai-images,e5f7add8-3f7b-5d81-94d3-292996802f54,https://ivisual.ai,canonical_product_url,1.0,https://github.com/lakey009/AI-Tools-List/blob/ccdff902d7e77774df46e66761e811ada4838ea1/AIToolsList.json,Unique normalized product URL after deterministic www/trailing-slash deduplication.
product,ai-tools-list:AIToolsList.json:423,genads,008b0491-5c8f-5172-bf9f-11304ac3778d,https://genads.app,canonical_product_url,1.0,https://github.com/lakey009/AI-Tools-List/blob/ccdff902d7e77774df46e66761e811ada4838ea1/AIToolsList.json,Unique normalized product URL after deterministic www/trailing-slash deduplication.
product,ai-tools-list:AIToolsList.json:424,dynamicads,e83e08a1-cec2-524c-b814-b3365e7cec06,https://dynamicads.app,canonical_product_url,1.0,https://github.com/lakey009/AI-Tools-List/blob/ccdff902d7e77774df46e66761e811ada4838ea1/AIToolsList.json,Unique normalized product URL after deterministic www/trailing-slash deduplication.
product,ai-tools-list:AIToolsList.json:425,asset-creatives-ai,2520fb1d-7aae-53a7-8259-60fa8593f7c4,https://asset-creatives-ai.com,canonical_product_url,1.0,https://github.com/lakey009/AI-Tools-List/blob/ccdff902d7e77774df46e66761e811ada4838ea1/AIToolsList.json,Unique normalized product URL after deterministic www/trailing-slash deduplication.
product,ai-tools-list:AIToolsList.json:426,f-xai,77335fd2-7e7f-529b-8502-99bd19f6b18d,https://foxai.app,canonical_product_url,1.0,https://github.com/lakey009/AI-Tools-List/blob/ccdff902d7e77774df46e66761e811ada4838ea1/AIToolsList.json,Unique normalized product URL after deterministic www/trailing-slash deduplication.
product,ai-tools-list:AIToolsList.json:427,adsrapido,ba08134f-a4a4-50bc-a26f-66668d9fc863,https://adsrapido.com,canonical_product_url,1.0,https://github.com/lakey009/AI-Tools-List/blob/ccdff902d7e77774df46e66761e811ada4838ea1/AIToolsList.json,Unique normalized product URL after deterministic www/trailing-slash deduplication.
product,ai-tools-list:AIToolsList.json:429,make-ad,9e6d2486-38dc-5e96-aeb5-e576d71ac637,https://make.ad,canonical_product_url,1.0,https://github.com/lakey009/AI-Tools-List/blob/ccdff902d7e77774df46e66761e811ada4838ea1/AIToolsList.json,Unique normalized product URL after deterministic www/trailing-slash deduplication.
product,ai-tools-list:AIToolsList.json:430,smmai-ai-banner-maker,eb9cd69c-d391-5180-b43f-5ab6c51a5f14,https://home.smmai.app,canonical_product_url,1.0,https://github.com/lakey009/AI-Tools-List/blob/ccdff902d7e77774df46e66761e811ada4838ea1/AIToolsList.json,Unique normalized product URL after deterministic www/trailing-slash deduplication.
product,ai-tools-list:AIToolsList.json:431,generate-ads-ai,abbe1d1c-2633-5aae-9e66-d3ea3627e9a4,https://generateads.ai,canonical_product_url,1.0,https://github.com/lakey009/AI-Tools-List/blob/ccdff902d7e77774df46e66761e811ada4838ea1/AIToolsList.json,Unique normalized product URL after deterministic www/trailing-slash deduplication.
product,ai-tools-list:AIToolsList.json:432,the-influencer-ai,20494a4d-a376-5006-885d-336eecf558e1,https://www.theinfluencer.ai,canonical_product_url,1.0,https://github.com/lakey009/AI-Tools-List/blob/ccdff902d7e77774df46e66761e811ada4838ea1/AIToolsList.json,Unique normalized product URL after deterministic www/trailing-slash deduplication.
product,ai-tools-list:AIToolsList.json:433,recraft-image-model,65f1b17e-df2b-550d-b486-cff6fde2f4db,https://www.recraft.ai,canonical_product_url,1.0,https://github.com/lakey009/AI-Tools-List/blob/ccdff902d7e77774df46e66761e811ada4838ea1/AIToolsList.json,Unique normalized product URL after deterministic www/trailing-slash deduplication.
product,ai-tools-list:AIToolsList.json:434,captions,dc329dcc-1e38-5a9b-a7f6-4b2f85a50ea6,https://www.captions.ai,canonical_product_url,1.0,https://github.com/lakey009/AI-Tools-List/blob/ccdff902d7e77774df46e66761e811ada4838ea1/AIToolsList.json,Unique normalized product URL after deterministic www/trailing-slash deduplication.
product,ai-tools-list:AIToolsList.json:435,wondershare-virbo,14100c9e-1d35-55a9-875e-ffb1725aec1c,https://virbo.wondershare.com,canonical_product_url,1.0,https://github.com/lakey009/AI-Tools-List/blob/ccdff902d7e77774df46e66761e811ada4838ea1/AIToolsList.json,Unique normalized product URL after deterministic www/trailing-slash deduplication.
product,ai-tools-list:AIToolsList.json:436,basedlabs,86c12186-20b7-54dd-b493-db9c44f3564e,https://www.basedlabs.ai,canonical_product_url,1.0,https://github.com/lakey009/AI-Tools-List/blob/ccdff902d7e77774df46e66761e811ada4838ea1/AIToolsList.json,Unique normalized product URL after deterministic www/trailing-slash deduplication.
product,ai-tools-list:AIToolsList.json:437,writesonic,2221ffad-49dc-5264-86a1-413ad4a0fefe,https://writesonic.com,canonical_product_url,1.0,https://github.com/lakey009/AI-Tools-List/blob/ccdff902d7e77774df46e66761e811ada4838ea1/AIToolsList.json,Unique normalized product URL after deterministic www/trailing-slash deduplication.
product,ai-tools-list:AIToolsList.json:438,pippit-ai,b02be143-805b-55e0-a877-953bba049309,https://pippit.capcut.com,canonical_product_url,1.0,https://github.com/lakey009/AI-Tools-List/blob/ccdff902d7e77774df46e66761e811ada4838ea1/AIToolsList.json,Unique normalized product URL after deterministic www/trailing-slash deduplication.
product,ai-tools-list:AIToolsList.json:439,creatify,3909613e-c933-5c8c-b1f9-2e7a8e2b6dc2,https://creatify.ai,canonical_product_url,1.0,https://github.com/lakey009/AI-Tools-List/blob/ccdff902d7e77774df46e66761e811ada4838ea1/AIToolsList.json,Unique normalized product URL after deterministic www/trailing-slash deduplication.
product,ai-tools-list:AIToolsList.json:440,higgsfield,8cd1ccb0-ca4b-5e5f-981b-67adbc6539d1,https://higgsfield.ai,canonical_product_url,1.0,https://github.com/lakey009/AI-Tools-List/blob/ccdff902d7e77774df46e66761e811ada4838ea1/AIToolsList.json,Unique normalized product URL after deterministic www/trailing-slash deduplication.
product,ai-tools-list:AIToolsList.json:441,phot-ai,684e771b-f5bf-5972-b64f-43d2f8dbce77,https://www.phot.ai,canonical_product_url,1.0,https://github.com/lakey009/AI-Tools-List/blob/ccdff902d7e77774df46e66761e811ada4838ea1/AIToolsList.json,Unique normalized product URL after deterministic www/trailing-slash deduplication.
product,ai-tools-list:AIToolsList.json:442,topview-ai,3a2090aa-6a3e-5cb6-a663-18a8b34491db,https://www.topview.ai,canonical_product_url,1.0,https://github.com/lakey009/AI-Tools-List/blob/ccdff902d7e77774df46e66761e811ada4838ea1/AIToolsList.json,Unique normalized product URL after deterministic www/trailing-slash deduplication.
product,ai-tools-list:AIToolsList.json:443,durable,ea31bfe2-0e0d-54fb-899d-103dd28d9b08,https://durable.sjv.io/jerLdb,canonical_product_url,1.0,https://github.com/lakey009/AI-Tools-List/blob/ccdff902d7e77774df46e66761e811ada4838ea1/AIToolsList.json,Unique normalized product URL after deterministic www/trailing-slash deduplication.
product,ai-tools-list:AIToolsList.json:444,lightx,3972b279-feaf-5b1a-b007-f80b99314421,https://www.lightxeditor.com,canonical_product_url,1.0,https://github.com/lakey009/AI-Tools-List/blob/ccdff902d7e77774df46e66761e811ada4838ea1/AIToolsList.json,Unique normalized product URL after deterministic www/trailing-slash deduplication.
product,ai-tools-list:AIToolsList.json:446,deevid-ai,5370bb35-501b-5388-9b12-43803a8721de,https://deevid.ai,canonical_product_url,1.0,https://github.com/lakey009/AI-Tools-List/blob/ccdff902d7e77774df46e66761e811ada4838ea1/AIToolsList.json,Unique normalized product URL after deterministic www/trailing-slash deduplication.
product,ai-tools-list:AIToolsList.json:447,gravity-write,add0005a-9d32-5cbd-a7c3-41a99c546a52,https://gravitywrite.com,canonical_product_url,1.0,https://github.com/lakey009/AI-Tools-List/blob/ccdff902d7e77774df46e66761e811ada4838ea1/AIToolsList.json,Unique normalized product URL after deterministic www/trailing-slash deduplication.
product,ai-tools-list:AIToolsList.json:448,arcads,04da7ca3-3514-5464-85b7-c8cfa42468b0,https://arcads.ai,canonical_product_url,1.0,https://github.com/lakey009/AI-Tools-List/blob/ccdff902d7e77774df46e66761e811ada4838ea1/AIToolsList.json,Unique normalized product URL after deterministic www/trailing-slash deduplication.
product,ai-tools-list:AIToolsList.json:449,blaze,bf8dae73-6c93-5134-9320-6e9931748fcd,https://get.blaze.ai,canonical_product_url,1.0,https://github.com/lakey009/AI-Tools-List/blob/ccdff902d7e77774df46e66761e811ada4838ea1/AIToolsList.json,Unique normalized product URL after deterministic www/trailing-slash deduplication.
product,ai-tools-list:AIToolsList.json:450,blaze-designer,16431273-ac0c-5377-be07-d112798df728,https://www.blaze.ai,canonical_product_url,1.0,https://github.com/lakey009/AI-Tools-List/blob/ccdff902d7e77774df46e66761e811ada4838ea1/AIToolsList.json,Unique normalized product URL after deterministic www/trailing-slash deduplication.
product,ai-tools-list:AIToolsList.json:451,aifreebox-free-ai-tools,1c97e24d-1a22-540b-9b20-0e5f9d47bc1a,https://aifreebox.com,canonical_product_url,1.0,https://github.com/lakey009/AI-Tools-List/blob/ccdff902d7e77774df46e66761e811ada4838ea1/AIToolsList.json,Unique normalized product URL after deterministic www/trailing-slash deduplication.
product,ai-tools-list:AIToolsList.json:452,flair-ai,ff62d4b1-6d4c-5b9b-a165-a8cb306f9f44,https://flair.ai,canonical_product_url,1.0,https://github.com/lakey009/AI-Tools-List/blob/ccdff902d7e77774df46e66761e811ada4838ea1/AIToolsList.json,Unique normalized product URL after deterministic www/trailing-slash deduplication.
product,ai-tools-list:AIToolsList.json:453,winninghunter-com,a5d23555-af71-5b37-8922-2485dd777c19,https://winninghunter.com,canonical_product_url,1.0,https://github.com/lakey009/AI-Tools-List/blob/ccdff902d7e77774df46e66761e811ada4838ea1/AIToolsList.json,Unique normalized product URL after deterministic www/trailing-slash deduplication.
product,ai-tools-list:AIToolsList.json:455,vidau,da59e2a4-50d5-531e-bf25-0da252a5fcac,https://affiliates.vidau.ai/XfqLzb,canonical_product_url,1.0,https://github.com/lakey009/AI-Tools-List/blob/ccdff902d7e77774df46e66761e811ada4838ea1/AIToolsList.json,Unique normalized product URL after deterministic www/trailing-slash deduplication.
product,ai-tools-list:AIToolsList.json:456,askingtips,45ef1ee7-73d7-5f76-9c3d-e37d78357b8d,https://askingtips.com,canonical_product_url,1.0,https://github.com/lakey009/AI-Tools-List/blob/ccdff902d7e77774df46e66761e811ada4838ea1/AIToolsList.json,Unique normalized product URL after deterministic www/trailing-slash deduplication.
product,ai-tools-list:AIToolsList.json:457,supermeme-ai,95d1117c-5268-5e07-be4a-079f5f276a1a,https://app.supermeme.ai,canonical_product_url,1.0,https://github.com/lakey009/AI-Tools-List/blob/ccdff902d7e77774df46e66761e811ada4838ea1/AIToolsList.json,Unique normalized product URL after deterministic www/trailing-slash deduplication.
product,ai-tools-list:AIToolsList.json:458,wordkraft-ai,e81f8f5c-e2fc-5563-8fcd-f94f7635b04a,https://wordkraft.ai,canonical_product_url,1.0,https://github.com/lakey009/AI-Tools-List/blob/ccdff902d7e77774df46e66761e811ada4838ea1/AIToolsList.json,Unique normalized product URL after deterministic www/trailing-slash deduplication.
product,ai-tools-list:AIToolsList.json:459,neuroflash,9be148a0-5f32-566f-8419-2c3baf324ed3,https://app.neuro-flash.com/free,canonical_product_url,1.0,https://github.com/lakey009/AI-Tools-List/blob/ccdff902d7e77774df46e66761e811ada4838ea1/AIToolsList.json,Unique normalized product URL after deterministic www/trailing-slash deduplication.
product,ai-tools-list:AIToolsList.json:460,200-chatgpt-mega-prompts-for-solopreneurs,3c73fe9e-f559-5e85-8259-203764d31ff6,https://godofprompt.ai/solopreneurs-mega-prompts,canonical_product_url,1.0,https://github.com/lakey009/AI-Tools-List/blob/ccdff902d7e77774df46e66761e811ada4838ea1/AIToolsList.json,Unique normalized product URL after deterministic www/trailing-slash deduplication.
product,ai-tools-list:AIToolsList.json:461,200-chatgpt-mega-prompts-for-marketing,4ea0e67c-ea78-5aa6-9954-2229b55098c1,https://www.godofprompt.ai/marketing-mega-prompts,canonical_product_url,1.0,https://github.com/lakey009/AI-Tools-List/blob/ccdff902d7e77774df46e66761e811ada4838ea1/AIToolsList.json,Unique normalized product URL after deterministic www/trailing-slash deduplication.
product,ai-tools-list:AIToolsList.json:462,zebracat-ai,68bf51c8-858c-52f4-998b-d5c3b4c74e89,http://studio.zebracat.ai/signup,canonical_product_url,1.0,https://github.com/lakey009/AI-Tools-List/blob/ccdff902d7e77774df46e66761e811ada4838ea1/AIToolsList.json,Unique normalized product URL after deterministic www/trailing-slash deduplication.
product,ai-tools-list:AIToolsList.json:463,makeugc,51a06938-d05c-5954-941a-a539c8aaa0cb,https://www.makeugc.ai,canonical_product_url,1.0,https://github.com/lakey009/AI-Tools-List/blob/ccdff902d7e77774df46e66761e811ada4838ea1/AIToolsList.json,Unique normalized product URL after deterministic www/trailing-slash deduplication.
product,ai-tools-list:AIToolsList.json:464,sellthetrend-com,7197bcdc-1096-5606-870a-5aef43a379b3,https://www.sellthetrend.com/join/affiliate14309,canonical_product_url,1.0,https://github.com/lakey009/AI-Tools-List/blob/ccdff902d7e77774df46e66761e811ada4838ea1/AIToolsList.json,Unique normalized product URL after deterministic www/trailing-slash deduplication.
product,ai-tools-list:AIToolsList.json:465,free-midjourney-ai-art-generator,a96589f2-5eab-5f2a-b4a2-696a07f12a66,https://journeyaiart.com,canonical_product_url,1.0,https://github.com/lakey009/AI-Tools-List/blob/ccdff902d7e77774df46e66761e811ada4838ea1/AIToolsList.json,Unique normalized product URL after deterministic www/trailing-slash deduplication.
product,ai-tools-list:AIToolsList.json:466,synthesys-x,c738a520-d910-513a-b8bb-f3da86147038,https://paykstrt.com/46963/136765,canonical_product_url,1.0,https://github.com/lakey009/AI-Tools-List/blob/ccdff902d7e77774df46e66761e811ada4838ea1/AIToolsList.json,Unique normalized product URL after deterministic www/trailing-slash deduplication.
product,ai-tools-list:AIToolsList.json:467,nichesss,cdb76c67-09ed-5732-98de-095b6d4fbd87,https://nichesss.com,canonical_product_url,1.0,https://github.com/lakey009/AI-Tools-List/blob/ccdff902d7e77774df46e66761e811ada4838ea1/AIToolsList.json,Unique normalized product URL after deterministic www/trailing-slash deduplication.
product,ai-tools-list:AIToolsList.json:468,pagepilot-ai,ba940ce7-3ba2-5668-aaad-40eb9e86726a,https://pagepilot.ai,canonical_product_url,1.0,https://github.com/lakey009/AI-Tools-List/blob/ccdff902d7e77774df46e66761e811ada4838ea1/AIToolsList.json,Unique normalized product URL after deterministic www/trailing-slash deduplication.
product,ai-tools-list:AIToolsList.json:469,cohesive-ai,267b6e30-26ef-590d-9554-bd5d39f2dce0,https://cohesive.so,canonical_product_url,1.0,https://github.com/lakey009/AI-Tools-List/blob/ccdff902d7e77774df46e66761e811ada4838ea1/AIToolsList.json,Unique normalized product URL after deterministic www/trailing-slash deduplication.
product,ai-tools-list:AIToolsList.json:470,kive,ac57ac81-a3ce-53c6-8314-2eae4a3dc659,https://kive.ai,canonical_product_url,1.0,https://github.com/lakey009/AI-Tools-List/blob/ccdff902d7e77774df46e66761e811ada4838ea1/AIToolsList.json,Unique normalized product URL after deterministic www/trailing-slash deduplication.
product,ai-tools-list:AIToolsList.json:471,glorify-3-0-design-tool-powered-by-ai,144e93b8-1503-5910-a18e-6c2dbd896723,https://www.glorify.com,canonical_product_url,1.0,https://github.com/lakey009/AI-Tools-List/blob/ccdff902d7e77774df46e66761e811ada4838ea1/AIToolsList.json,Unique normalized product URL after deterministic www/trailing-slash deduplication.
product,ai-tools-list:AIToolsList.json:473,storylab-ai,58413b05-21aa-52b7-aa09-1e93b34a06ce,https://storylab.ai,canonical_product_url,1.0,https://github.com/lakey009/AI-Tools-List/blob/ccdff902d7e77774df46e66761e811ada4838ea1/AIToolsList.json,Unique normalized product URL after deterministic www/trailing-slash deduplication.
product,ai-tools-list:AIToolsList.json:474,molypix-ai,b777be7c-1bda-59ee-bd16-013229238bb7,https://molypix.ai,canonical_product_url,1.0,https://github.com/lakey009/AI-Tools-List/blob/ccdff902d7e77774df46e66761e811ada4838ea1/AIToolsList.json,Unique normalized product URL after deterministic www/trailing-slash deduplication.
product,ai-tools-list:AIToolsList.json:475,open-spoken-ai,f58e72a2-5a09-519b-aa0a-386d0783b0a8,https://openspokenai.com,canonical_product_url,1.0,https://github.com/lakey009/AI-Tools-List/blob/ccdff902d7e77774df46e66761e811ada4838ea1/AIToolsList.json,Unique normalized product URL after deterministic www/trailing-slash deduplication.
product,ai-tools-list:AIToolsList.json:476,ultra-fast-image-generator,6e161edf-4ce9-5eb4-8ea3-ba8655af306b,https://fastflux.co,canonical_product_url,1.0,https://github.com/lakey009/AI-Tools-List/blob/ccdff902d7e77774df46e66761e811ada4838ea1/AIToolsList.json,Unique normalized product URL after deterministic www/trailing-slash deduplication.
product,ai-tools-list:AIToolsList.json:477,sivi-ai,8081ac79-c17f-5282-b871-1d01806a70fe,https://sivi.ai,canonical_product_url,1.0,https://github.com/lakey009/AI-Tools-List/blob/ccdff902d7e77774df46e66761e811ada4838ea1/AIToolsList.json,Unique normalized product URL after deterministic www/trailing-slash deduplication.
product,ai-tools-list:AIToolsList.json:478,anyword,03a940c0-361c-5913-80f9-6a21ed078b26,https://anyword.com,canonical_product_url,1.0,https://github.com/lakey009/AI-Tools-List/blob/ccdff902d7e77774df46e66761e811ada4838ea1/AIToolsList.json,Unique normalized product URL after deterministic www/trailing-slash deduplication.
product,ai-tools-list:AIToolsList.json:480,clarice-ai,0976d6b4-3240-513a-90b6-aa000e183530,https://clarice.ai,canonical_product_url,1.0,https://github.com/lakey009/AI-Tools-List/blob/ccdff902d7e77774df46e66761e811ada4838ea1/AIToolsList.json,Unique normalized product URL after deterministic www/trailing-slash deduplication.
product,ai-tools-list:AIToolsList.json:482,glitching-ai,79526fa0-26c8-570c-acbd-e0561609987f,https://www.glitching.ai,canonical_product_url,1.0,https://github.com/lakey009/AI-Tools-List/blob/ccdff902d7e77774df46e66761e811ada4838ea1/AIToolsList.json,Unique normalized product URL after deterministic www/trailing-slash deduplication.
product,ai-tools-list:AIToolsList.json:483,storykit,ee837938-ccc4-5bef-a46f-81f3a5fe14ae,https://storykit.io,canonical_product_url,1.0,https://github.com/lakey009/AI-Tools-List/blob/ccdff902d7e77774df46e66761e811ada4838ea1/AIToolsList.json,Unique normalized product URL after deterministic www/trailing-slash deduplication.
product,ai-tools-list:AIToolsList.json:484,digital-first-ai,773a7908-0208-5a86-a1c4-4eaece9d8173,https://app.digitalfirst.ai,canonical_product_url,1.0,https://github.com/lakey009/AI-Tools-List/blob/ccdff902d7e77774df46e66761e811ada4838ea1/AIToolsList.json,Unique normalized product URL after deterministic www/trailing-slash deduplication.
product,ai-tools-list:AIToolsList.json:485,magickpen,51e637df-b3cb-56dd-8e9b-ff3c8ad33655,https://magickpen.com,canonical_product_url,1.0,https://github.com/lakey009/AI-Tools-List/blob/ccdff902d7e77774df46e66761e811ada4838ea1/AIToolsList.json,Unique normalized product URL after deterministic www/trailing-slash deduplication.
product,ai-tools-list:AIToolsList.json:486,story-boards-ai,d284e92e-7c5c-577f-a4de-6cc066cd4677,https://www.story-boards.ai,canonical_product_url,1.0,https://github.com/lakey009/AI-Tools-List/blob/ccdff902d7e77774df46e66761e811ada4838ea1/AIToolsList.json,Unique normalized product URL after deterministic www/trailing-slash deduplication.
product,ai-tools-list:AIToolsList.json:487,contentbot-ai,ace100e7-3693-5e3a-aaf4-a2adbed50b68,https://contentbot.ai,canonical_product_url,1.0,https://github.com/lakey009/AI-Tools-List/blob/ccdff902d7e77774df46e66761e811ada4838ea1/AIToolsList.json,Unique normalized product URL after deterministic www/trailing-slash deduplication.
product,ai-tools-list:AIToolsList.json:488,typeface,e56c387e-cee3-5848-a335-d1d3b884f406,https://www.typeface.ai,canonical_product_url,1.0,https://github.com/lakey009/AI-Tools-List/blob/ccdff902d7e77774df46e66761e811ada4838ea1/AIToolsList.json,Unique normalized product URL after deterministic www/trailing-slash deduplication.
product,ai-tools-list:AIToolsList.json:489,remagine-ai,c4bce699-a02e-5758-812c-23aa6df336a3,https://remagineai.com,canonical_product_url,1.0,https://github.com/lakey009/AI-Tools-List/blob/ccdff902d7e77774df46e66761e811ada4838ea1/AIToolsList.json,Unique normalized product URL after deterministic www/trailing-slash deduplication.
product,ai-tools-list:AIToolsList.json:490,copylime-com,29589967-0522-5215-8d98-1db426e5dcb4,https://copylime.com,canonical_product_url,1.0,https://github.com/lakey009/AI-Tools-List/blob/ccdff902d7e77774df46e66761e811ada4838ea1/AIToolsList.json,Unique normalized product URL after deterministic www/trailing-slash deduplication.
product,ai-tools-list:AIToolsList.json:491,bria,65e8e8bc-9a76-5d81-b783-59f8c1622419,https://bria.ai,canonical_product_url,1.0,https://github.com/lakey009/AI-Tools-List/blob/ccdff902d7e77774df46e66761e811ada4838ea1/AIToolsList.json,Unique normalized product URL after deterministic www/trailing-slash deduplication.
product,ai-tools-list:AIToolsList.json:493,postly,728d8f82-adbe-5b70-9697-1254bdd4bcd6,https://postly.ai,canonical_product_url,1.0,https://github.com/lakey009/AI-Tools-List/blob/ccdff902d7e77774df46e66761e811ada4838ea1/AIToolsList.json,Unique normalized product URL after deterministic www/trailing-slash deduplication.
product,ai-tools-list:AIToolsList.json:494,copymatic,7d3fa5f5-f29e-50b3-a872-db8662574874,https://copymatic.ai,canonical_product_url,1.0,https://github.com/lakey009/AI-Tools-List/blob/ccdff902d7e77774df46e66761e811ada4838ea1/AIToolsList.json,Unique normalized product URL after deterministic www/trailing-slash deduplication.
product,ai-tools-list:AIToolsList.json:495,optimo,04a2b51d-5e8c-5149-9ffd-bb1317a98e17,https://askoptimo.com,canonical_product_url,1.0,https://github.com/lakey009/AI-Tools-List/blob/ccdff902d7e77774df46e66761e811ada4838ea1/AIToolsList.json,Unique normalized product URL after deterministic www/trailing-slash deduplication.
product,ai-tools-list:AIToolsList.json:496,voolt,2459335e-5f59-5fdf-8ced-8b3d0d0d000e,https://voolt.com,canonical_product_url,1.0,https://github.com/lakey009/AI-Tools-List/blob/ccdff902d7e77774df46e66761e811ada4838ea1/AIToolsList.json,Unique normalized product URL after deterministic www/trailing-slash deduplication.
product,ai-tools-list:AIToolsList.json:497,fibr-ai,7678b704-9a5c-570b-82d9-283fe0d6ed0e,https://fibr.ai,canonical_product_url,1.0,https://github.com/lakey009/AI-Tools-List/blob/ccdff902d7e77774df46e66761e811ada4838ea1/AIToolsList.json,Unique normalized product URL after deterministic www/trailing-slash deduplication.
product,ai-tools-list:AIToolsList.json:498,ugc-ads-ai,882326fb-e002-5865-85a6-8c98beb63b52,https://ugcads.ai,canonical_product_url,1.0,https://github.com/lakey009/AI-Tools-List/blob/ccdff902d7e77774df46e66761e811ada4838ea1/AIToolsList.json,Unique normalized product URL after deterministic www/trailing-slash deduplication.
product,ai-tools-list:AIToolsList.json:499,boolvideo,d7efb3cc-fbfb-5996-8f42-328cad7dc207,https://boolv.video,canonical_product_url,1.0,https://github.com/lakey009/AI-Tools-List/blob/ccdff902d7e77774df46e66761e811ada4838ea1/AIToolsList.json,Unique normalized product URL after deterministic www/trailing-slash deduplication.
product,ai-tools-list:AIToolsList.json:500,plai-io,ab32c71c-4ded-5413-a9c6-3c3121f828cb,https://app.plai.io,canonical_product_url,1.0,https://github.com/lakey009/AI-Tools-List/blob/ccdff902d7e77774df46e66761e811ada4838ea1/AIToolsList.json,Unique normalized product URL after deterministic www/trailing-slash deduplication.
product,ai-tools-list:AIToolsList.json:501,marketingblocks-ai,c7db7a63-031a-5bc6-8b2d-c2d0f9362a3b,https://hey.marketingblocks.ai,canonical_product_url,1.0,https://github.com/lakey009/AI-Tools-List/blob/ccdff902d7e77774df46e66761e811ada4838ea1/AIToolsList.json,Unique normalized product URL after deterministic www/trailing-slash deduplication.
product,ai-tools-list:AIToolsList.json:502,propertysimple-com,9d623c1b-c406-5635-b78c-66525ec8ec6a,https://propertysimple.com,canonical_product_url,1.0,https://github.com/lakey009/AI-Tools-List/blob/ccdff902d7e77774df46e66761e811ada4838ea1/AIToolsList.json,Unique normalized product URL after deterministic www/trailing-slash deduplication.
product,ai-tools-list:AIToolsList.json:503,go-charlie,4924af47-a089-5089-a0c8-76cc12336c25,https://gocharlie.ai,canonical_product_url,1.0,https://github.com/lakey009/AI-Tools-List/blob/ccdff902d7e77774df46e66761e811ada4838ea1/AIToolsList.json,Unique normalized product URL after deterministic www/trailing-slash deduplication.
product,ai-tools-list:AIToolsList.json:504,smartli,cf8eefe4-28ed-58f7-955c-cb76679e0094,https://smartli.partnerlinks.io/h0c9k7wur47b,canonical_product_url,1.0,https://github.com/lakey009/AI-Tools-List/blob/ccdff902d7e77774df46e66761e811ada4838ea1/AIToolsList.json,Unique normalized product URL after deterministic www/trailing-slash deduplication.
product,ai-tools-list:AIToolsList.json:505,jounce,2a0b1bb4-2c36-5633-b57f-f6bfff857754,https://www.jounce.ai,canonical_product_url,1.0,https://github.com/lakey009/AI-Tools-List/blob/ccdff902d7e77774df46e66761e811ada4838ea1/AIToolsList.json,Unique normalized product URL after deterministic www/trailing-slash deduplication.
product,ai-tools-list:AIToolsList.json:506,speedy,74be9cbe-dff7-5190-addb-9445ed28f7e3,https://speedybrand.io,canonical_product_url,1.0,https://github.com/lakey009/AI-Tools-List/blob/ccdff902d7e77774df46e66761e811ada4838ea1/AIToolsList.json,Unique normalized product URL after deterministic www/trailing-slash deduplication.
product,ai-tools-list:AIToolsList.json:507,typeframes,98e66126-d12b-56a8-881d-d468e631afc8,https://www.typeframes.com,canonical_product_url,1.0,https://github.com/lakey009/AI-Tools-List/blob/ccdff902d7e77774df46e66761e811ada4838ea1/AIToolsList.json,Unique normalized product URL after deterministic www/trailing-slash deduplication.
product,ai-tools-list:AIToolsList.json:508,skyline-social-s-ai-marketing-assistant,7a3b1179-4013-5526-97fc-44be642ab626,https://www.skylinesocial.com/ai-marketing-assistant,canonical_product_url,1.0,https://github.com/lakey009/AI-Tools-List/blob/ccdff902d7e77774df46e66761e811ada4838ea1/AIToolsList.json,Unique normalized product URL after deterministic www/trailing-slash deduplication.
product,ai-tools-list:AIToolsList.json:509,seede-ai,2affe4de-0901-5ce9-b7c2-7932c34b3450,https://seede.ai,canonical_product_url,1.0,https://github.com/lakey009/AI-Tools-List/blob/ccdff902d7e77774df46e66761e811ada4838ea1/AIToolsList.json,Unique normalized product URL after deterministic www/trailing-slash deduplication.
product,ai-tools-list:AIToolsList.json:510,adwisely-com,544ed280-082e-549d-9e30-20fe8878e107,https://adwisely.com,canonical_product_url,1.0,https://github.com/lakey009/AI-Tools-List/blob/ccdff902d7e77774df46e66761e811ada4838ea1/AIToolsList.json,Unique normalized product URL after deterministic www/trailing-slash deduplication.
product,ai-tools-list:AIToolsList.json:511,cornucopia-ai-the-ai-app-store,667b9598-d44e-5669-a338-904797c51a07,https://www.cornucopia-ai.com,canonical_product_url,1.0,https://github.com/lakey009/AI-Tools-List/blob/ccdff902d7e77774df46e66761e811ada4838ea1/AIToolsList.json,Unique normalized product URL after deterministic www/trailing-slash deduplication.
product,ai-tools-list:AIToolsList.json:512,giti-ai,2a84a638-004e-524d-8317-f3ebaf9e52f9,https://www.giti.ai,canonical_product_url,1.0,https://github.com/lakey009/AI-Tools-List/blob/ccdff902d7e77774df46e66761e811ada4838ea1/AIToolsList.json,Unique normalized product URL after deterministic www/trailing-slash deduplication.
product,ai-tools-list:AIToolsList.json:513,marketer-tech,d0187b3a-d296-589d-b089-1d025d2578f0,https://marketer.tech,canonical_product_url,1.0,https://github.com/lakey009/AI-Tools-List/blob/ccdff902d7e77774df46e66761e811ada4838ea1/AIToolsList.json,Unique normalized product URL after deterministic www/trailing-slash deduplication.
product,ai-tools-list:AIToolsList.json:514,postcrest,7be25f9f-215b-5e4e-ad59-239cab289a8f,https://postcrest.com,canonical_product_url,1.0,https://github.com/lakey009/AI-Tools-List/blob/ccdff902d7e77774df46e66761e811ada4838ea1/AIToolsList.json,Unique normalized product URL after deterministic www/trailing-slash deduplication.
product,ai-tools-list:AIToolsList.json:515,lucas-ai-video-creator,1c6ca519-f676-57a6-a0b7-0a6099fbea1e,https://www.idomoo.ai,canonical_product_url,1.0,https://github.com/lakey009/AI-Tools-List/blob/ccdff902d7e77774df46e66761e811ada4838ea1/AIToolsList.json,Unique normalized product URL after deterministic www/trailing-slash deduplication.
product,ai-tools-list:AIToolsList.json:516,groweasy,70e75992-f7d7-57f5-9a34-fca34ceca829,https://groweasy.ai,canonical_product_url,1.0,https://github.com/lakey009/AI-Tools-List/blob/ccdff902d7e77774df46e66761e811ada4838ea1/AIToolsList.json,Unique normalized product URL after deterministic www/trailing-slash deduplication.
product,ai-tools-list:AIToolsList.json:517,adspolar,41af7031-48fc-5742-a306-e143e6f2fb05,https://adspolar.com/en,canonical_product_url,1.0,https://github.com/lakey009/AI-Tools-List/blob/ccdff902d7e77774df46e66761e811ada4838ea1/AIToolsList.json,Unique normalized product URL after deterministic www/trailing-slash deduplication.
product,ai-tools-list:AIToolsList.json:518,viva-labs,4780dbed-3bfe-5b74-8469-a753aab2ae27,https://vivalabs.ai,canonical_product_url,1.0,https://github.com/lakey009/AI-Tools-List/blob/ccdff902d7e77774df46e66761e811ada4838ea1/AIToolsList.json,Unique normalized product URL after deterministic www/trailing-slash deduplication.
product,ai-tools-list:AIToolsList.json:519,cowriter,1c578599-604e-5e5d-9551-2545599cea21,https://cowriter.org,canonical_product_url,1.0,https://github.com/lakey009/AI-Tools-List/blob/ccdff902d7e77774df46e66761e811ada4838ea1/AIToolsList.json,Unique normalized product URL after deterministic www/trailing-slash deduplication.
product,ai-tools-list:AIToolsList.json:520,viralvideo,d77f85a9-2a96-5bf9-bedb-02d085e187ac,https://viralvideo.app,canonical_product_url,1.0,https://github.com/lakey009/AI-Tools-List/blob/ccdff902d7e77774df46e66761e811ada4838ea1/AIToolsList.json,Unique normalized product URL after deterministic www/trailing-slash deduplication.
product,ai-tools-list:AIToolsList.json:521,addlly-ai,fc1db541-7019-502f-b7e1-349b5ffb233b,https://addlly.ai,canonical_product_url,1.0,https://github.com/lakey009/AI-Tools-List/blob/ccdff902d7e77774df46e66761e811ada4838ea1/AIToolsList.json,Unique normalized product URL after deterministic www/trailing-slash deduplication.
product,ai-tools-list:AIToolsList.json:522,productiai-co,9e2705a6-2f7d-57f5-bb2f-627552c65b4f,https://productiai.co,canonical_product_url,1.0,https://github.com/lakey009/AI-Tools-List/blob/ccdff902d7e77774df46e66761e811ada4838ea1/AIToolsList.json,Unique normalized product URL after deterministic www/trailing-slash deduplication.
product,ai-tools-list:AIToolsList.json:523,vplate-video-ads-chat-gpt-plugin,b7201824-a96d-5415-b012-9748bffc143f,https://vplate.io,canonical_product_url,1.0,https://github.com/lakey009/AI-Tools-List/blob/ccdff902d7e77774df46e66761e811ada4838ea1/AIToolsList.json,Unique normalized product URL after deterministic www/trailing-slash deduplication.
product,ai-tools-list:AIToolsList.json:525,ai-kat,a98b6f0f-f7bd-5198-bbf7-8ad7acb6a057,https://www.aikat.ai,canonical_product_url,1.0,https://github.com/lakey009/AI-Tools-List/blob/ccdff902d7e77774df46e66761e811ada4838ea1/AIToolsList.json,Unique normalized product URL after deterministic www/trailing-slash deduplication.
product,ai-tools-list:AIToolsList.json:526,aiter-io,c6e88bac-948c-5eeb-8ea4-ec2b0ab3fad5,https://aiter.io,canonical_product_url,1.0,https://github.com/lakey009/AI-Tools-List/blob/ccdff902d7e77774df46e66761e811ada4838ea1/AIToolsList.json,Unique normalized product URL after deterministic www/trailing-slash deduplication.
product,ai-tools-list:AIToolsList.json:527,ecommerce-prompt-generator,f73bdbf8-bc71-5417-b729-6359ad348707,https://www.ecommerceprompts.com,canonical_product_url,1.0,https://github.com/lakey009/AI-Tools-List/blob/ccdff902d7e77774df46e66761e811ada4838ea1/AIToolsList.json,Unique normalized product URL after deterministic www/trailing-slash deduplication.
product,ai-tools-list:AIToolsList.json:528,atozaitools,988d61ee-5531-5f45-8abd-d34db0869c86,https://dateplanner.ai,canonical_product_url,1.0,https://github.com/lakey009/AI-Tools-List/blob/ccdff902d7e77774df46e66761e811ada4838ea1/AIToolsList.json,Unique normalized product URL after deterministic www/trailing-slash deduplication.
product,ai-tools-list:AIToolsList.json:529,ai-keeda,67579a94-9652-5e81-b804-30d82b27fc3f,https://www.aikeeda.com,canonical_product_url,1.0,https://github.com/lakey009/AI-Tools-List/blob/ccdff902d7e77774df46e66761e811ada4838ea1/AIToolsList.json,Unique normalized product URL after deterministic www/trailing-slash deduplication.
product,ai-tools-list:AIToolsList.json:530,vsl-ai,5f4ba291-76f7-5d0f-9e5f-0f143c8477fa,https://vsl.ai,canonical_product_url,1.0,https://github.com/lakey009/AI-Tools-List/blob/ccdff902d7e77774df46e66761e811ada4838ea1/AIToolsList.json,Unique normalized product URL after deterministic www/trailing-slash deduplication.
product,ai-tools-list:AIToolsList.json:531,persuva-ai,ed1c3f22-93ca-58a1-b378-9afef4651f4c,https://persuva.ai,canonical_product_url,1.0,https://github.com/lakey009/AI-Tools-List/blob/ccdff902d7e77774df46e66761e811ada4838ea1/AIToolsList.json,Unique normalized product URL after deterministic www/trailing-slash deduplication.
product,ai-tools-list:AIToolsList.json:532,waveai-ai-editor,5395859a-f757-59cb-b85d-a9af3e94f444,https://waveai.io,canonical_product_url,1.0,https://github.com/lakey009/AI-Tools-List/blob/ccdff902d7e77774df46e66761e811ada4838ea1/AIToolsList.json,Unique normalized product URL after deterministic www/trailing-slash deduplication.
product,ai-tools-list:AIToolsList.json:533,open-agent-cloud-antler-f24,3cb2fc4a-b4a2-57b6-9251-2113bff6a3cc,https://cheatlayer.com,canonical_product_url,1.0,https://github.com/lakey009/AI-Tools-List/blob/ccdff902d7e77774df46e66761e811ada4838ea1/AIToolsList.json,Unique normalized product URL after deterministic www/trailing-slash deduplication.
product,ai-tools-list:AIToolsList.json:534,simplified-co,43ae56d8-cb0a-5921-aafe-716135c5f9ce,https://simplified.co,canonical_product_url,1.0,https://github.com/lakey009/AI-Tools-List/blob/ccdff902d7e77774df46e66761e811ada4838ea1/AIToolsList.json,Unique normalized product URL after deterministic www/trailing-slash deduplication.
product,ai-tools-list:AIToolsList.json:535,whatmore-live,dd1fa147-1eed-5989-9b94-3ffcb0261173,https://app.partnerjam.com/install,canonical_product_url,1.0,https://github.com/lakey009/AI-Tools-List/blob/ccdff902d7e77774df46e66761e811ada4838ea1/AIToolsList.json,Unique normalized product URL after deterministic www/trailing-slash deduplication.
product,ai-tools-list:AIToolsList.json:536,jeeves-ai,aed0d257-1522-550a-b35c-bc78661a3aa2,https://jeeves.ai,canonical_product_url,1.0,https://github.com/lakey009/AI-Tools-List/blob/ccdff902d7e77774df46e66761e811ada4838ea1/AIToolsList.json,Unique normalized product URL after deterministic www/trailing-slash deduplication.
product,ai-tools-list:AIToolsList.json:537,growf-ai,6394bfe7-22a7-57ae-8fd3-c8b496522ee9,https://www.growf.io,canonical_product_url,1.0,https://github.com/lakey009/AI-Tools-List/blob/ccdff902d7e77774df46e66761e811ada4838ea1/AIToolsList.json,Unique normalized product URL after deterministic www/trailing-slash deduplication.
product,ai-tools-list:AIToolsList.json:538,bannsai,78f64693-cd7d-5853-819b-f2f40966fa8b,https://banns.ai,canonical_product_url,1.0,https://github.com/lakey009/AI-Tools-List/blob/ccdff902d7e77774df46e66761e811ada4838ea1/AIToolsList.json,Unique normalized product URL after deterministic www/trailing-slash deduplication.
product,ai-tools-list:AIToolsList.json:540,muku-ai,a2a8f9c3-4366-5ec1-b521-3c9e9964b920,https://muku.ai,canonical_product_url,1.0,https://github.com/lakey009/AI-Tools-List/blob/ccdff902d7e77774df46e66761e811ada4838ea1/AIToolsList.json,Unique normalized product URL after deterministic www/trailing-slash deduplication.
product,ai-tools-list:AIToolsList.json:542,zappit-ai,4170f512-26f3-5431-913f-3a2677f80acc,https://zappit.ai,canonical_product_url,1.0,https://github.com/lakey009/AI-Tools-List/blob/ccdff902d7e77774df46e66761e811ada4838ea1/AIToolsList.json,Unique normalized product URL after deterministic www/trailing-slash deduplication.
product,ai-tools-list:AIToolsList.json:543,underline-ai,8abeb588-49ed-5b8f-aacd-12ca6ba24d83,https://underline.ai,canonical_product_url,1.0,https://github.com/lakey009/AI-Tools-List/blob/ccdff902d7e77774df46e66761e811ada4838ea1/AIToolsList.json,Unique normalized product URL after deterministic www/trailing-slash deduplication.
product,ai-tools-list:AIToolsList.json:544,echo-memo,7902c5be-53c0-5408-acda-f08e37d4c849,https://www.echomemo.vip/en,canonical_product_url,1.0,https://github.com/lakey009/AI-Tools-List/blob/ccdff902d7e77774df46e66761e811ada4838ea1/AIToolsList.json,Unique normalized product URL after deterministic www/trailing-slash deduplication.
product,ai-tools-list:AIToolsList.json:545,yaara-ai,456965fa-04a5-5eb1-8b6f-7c5ea63a9c61,https://yaara.ai,canonical_product_url,1.0,https://github.com/lakey009/AI-Tools-List/blob/ccdff902d7e77774df46e66761e811ada4838ea1/AIToolsList.json,Unique normalized product URL after deterministic www/trailing-slash deduplication.
product,ai-tools-list:AIToolsList.json:547,rocketai,deca4ff6-16e7-5ff7-a3e1-7ef263d1b7f0,https://rocketai.io,canonical_product_url,1.0,https://github.com/lakey009/AI-Tools-List/blob/ccdff902d7e77774df46e66761e811ada4838ea1/AIToolsList.json,Unique normalized product URL after deterministic www/trailing-slash deduplication.
product,ai-tools-list:AIToolsList.json:548,2vid,404c5b47-fc94-5088-938a-5f949669dd24,https://www.2vid.ai,canonical_product_url,1.0,https://github.com/lakey009/AI-Tools-List/blob/ccdff902d7e77774df46e66761e811ada4838ea1/AIToolsList.json,Unique normalized product URL after deterministic www/trailing-slash deduplication.
product,ai-tools-list:AIToolsList.json:549,kartiv,5ece6252-d20a-5ad9-9323-98d3999b1835,https://www.kartiv.com,canonical_product_url,1.0,https://github.com/lakey009/AI-Tools-List/blob/ccdff902d7e77774df46e66761e811ada4838ea1/AIToolsList.json,Unique normalized product URL after deterministic www/trailing-slash deduplication.
product,ai-tools-list:AIToolsList.json:550,viscap-ai,d7f67e36-cdb8-5ea2-823f-bb0929c4046d,https://viscap.ai,canonical_product_url,1.0,https://github.com/lakey009/AI-Tools-List/blob/ccdff902d7e77774df46e66761e811ada4838ea1/AIToolsList.json,Unique normalized product URL after deterministic www/trailing-slash deduplication.
product,ai-tools-list:AIToolsList.json:551,humai-in,606ce259-a61e-5a40-82b3-dc60b2f41001,https://humai.in,canonical_product_url,1.0,https://github.com/lakey009/AI-Tools-List/blob/ccdff902d7e77774df46e66761e811ada4838ea1/AIToolsList.json,Unique normalized product URL after deterministic www/trailing-slash deduplication.
product,ai-tools-list:AIToolsList.json:552,caseo-ai,2cab3d3d-ca1f-5bc4-9c61-50c9aa2c3c05,https://caseo.ai,canonical_product_url,1.0,https://github.com/lakey009/AI-Tools-List/blob/ccdff902d7e77774df46e66761e811ada4838ea1/AIToolsList.json,Unique normalized product URL after deterministic www/trailing-slash deduplication.
product,ai-tools-list:AIToolsList.json:553,vmeg-clips-to-videos,f73fe40d-71e0-51ec-829b-aa8bde4a77bf,https://www.vmeg.ai/tools/clips-to-videos,canonical_product_url,1.0,https://github.com/lakey009/AI-Tools-List/blob/ccdff902d7e77774df46e66761e811ada4838ea1/AIToolsList.json,Unique normalized product URL after deterministic www/trailing-slash deduplication.
product,ai-tools-list:AIToolsList.json:554,creativai,3bf34233-f981-5342-b775-9b334869db57,https://appsumo.8odi.net/m57LVa,canonical_product_url,1.0,https://github.com/lakey009/AI-Tools-List/blob/ccdff902d7e77774df46e66761e811ada4838ea1/AIToolsList.json,Unique normalized product URL after deterministic www/trailing-slash deduplication.
product,ai-tools-list:AIToolsList.json:555,geniusgate,0edf6e32-0c02-5183-881a-31a60117f759,https://geniusgate.ai,canonical_product_url,1.0,https://github.com/lakey009/AI-Tools-List/blob/ccdff902d7e77774df46e66761e811ada4838ea1/AIToolsList.json,Unique normalized product URL after deterministic www/trailing-slash deduplication.
product,ai-tools-list:AIToolsList.json:556,streamr,629e8109-dcf0-511a-ab62-1dd282d571c5,https://streamr.ai,canonical_product_url,1.0,https://github.com/lakey009/AI-Tools-List/blob/ccdff902d7e77774df46e66761e811ada4838ea1/AIToolsList.json,Unique normalized product URL after deterministic www/trailing-slash deduplication.
product,ai-tools-list:AIToolsList.json:557,copywhiz-ai,ec4cfaf5-5d75-5a0b-9e74-60a47823dcc1,https://copywhiz.ai,canonical_product_url,1.0,https://github.com/lakey009/AI-Tools-List/blob/ccdff902d7e77774df46e66761e811ada4838ea1/AIToolsList.json,Unique normalized product URL after deterministic www/trailing-slash deduplication.
product,ai-tools-list:AIToolsList.json:559,roya-ai,83520a01-b42c-54f8-acd7-2b0c3a9d5c07,https://getroya.io,canonical_product_url,1.0,https://github.com/lakey009/AI-Tools-List/blob/ccdff902d7e77774df46e66761e811ada4838ea1/AIToolsList.json,Unique normalized product URL after deterministic www/trailing-slash deduplication.
product,ai-tools-list:AIToolsList.json:560,sprout-ai,8283409f-95d0-5175-b461-fae0a5d6547c,https://app.sprout.com.br,canonical_product_url,1.0,https://github.com/lakey009/AI-Tools-List/blob/ccdff902d7e77774df46e66761e811ada4838ea1/AIToolsList.json,Unique normalized product URL after deterministic www/trailing-slash deduplication.
product,ai-tools-list:AIToolsList.json:561,listingcopy-ai,77039948-6877-5dc7-a8c3-e9c1f643e529,https://listingcopy.ai,canonical_product_url,1.0,https://github.com/lakey009/AI-Tools-List/blob/ccdff902d7e77774df46e66761e811ada4838ea1/AIToolsList.json,Unique normalized product URL after deterministic www/trailing-slash deduplication.
product,ai-tools-list:AIToolsList.json:562,marketerspen,10cfef28-ab60-5f6c-bf68-5cdb607c9b5f,https://marketerspen.com,canonical_product_url,1.0,https://github.com/lakey009/AI-Tools-List/blob/ccdff902d7e77774df46e66761e811ada4838ea1/AIToolsList.json,Unique normalized product URL after deterministic www/trailing-slash deduplication.
product,ai-tools-list:AIToolsList.json:563,auraticai,2cf1cf3f-bf42-5081-a526-897789f09a36,https://www.auraticai.com/register,canonical_product_url,1.0,https://github.com/lakey009/AI-Tools-List/blob/ccdff902d7e77774df46e66761e811ada4838ea1/AIToolsList.json,Unique normalized product URL after deterministic www/trailing-slash deduplication.
product,ai-tools-list:AIToolsList.json:564,sprello,951b8bd6-27a8-5c64-9685-c2c379c3c194,https://sprello.ai,canonical_product_url,1.0,https://github.com/lakey009/AI-Tools-List/blob/ccdff902d7e77774df46e66761e811ada4838ea1/AIToolsList.json,Unique normalized product URL after deterministic www/trailing-slash deduplication.
product,ai-tools-list:AIToolsList.json:565,hoshai,705b65a4-513b-5781-876e-879482ff9ce1,https://hoshai.com,canonical_product_url,1.0,https://github.com/lakey009/AI-Tools-List/blob/ccdff902d7e77774df46e66761e811ada4838ea1/AIToolsList.json,Unique normalized product URL after deterministic www/trailing-slash deduplication.
product,ai-tools-list:AIToolsList.json:566,copy-genius,9e67b808-eb43-5122-b038-f13c8247b6f8,https://trycopygenius.com,canonical_product_url,1.0,https://github.com/lakey009/AI-Tools-List/blob/ccdff902d7e77774df46e66761e811ada4838ea1/AIToolsList.json,Unique normalized product URL after deterministic www/trailing-slash deduplication.
product,ai-tools-list:AIToolsList.json:567,supergpt,e59564eb-9d8b-5e8c-a448-3e537d11bd6f,https://www.supergpt.com,canonical_product_url,1.0,https://github.com/lakey009/AI-Tools-List/blob/ccdff902d7e77774df46e66761e811ada4838ea1/AIToolsList.json,Unique normalized product URL after deterministic www/trailing-slash deduplication.
product,ai-tools-list:AIToolsList.json:568,vapa-ai,7497588f-8cdc-5337-93bd-e85355955a3d,https://vapa.ai,canonical_product_url,1.0,https://github.com/lakey009/AI-Tools-List/blob/ccdff902d7e77774df46e66761e811ada4838ea1/AIToolsList.json,Unique normalized product URL after deterministic www/trailing-slash deduplication.
product,ai-tools-list:AIToolsList.json:569,showhype,c873d27e-72fc-5091-86d0-21e66b078faa,https://www.showhype.ai,canonical_product_url,1.0,https://github.com/lakey009/AI-Tools-List/blob/ccdff902d7e77774df46e66761e811ada4838ea1/AIToolsList.json,Unique normalized product URL after deterministic www/trailing-slash deduplication.
product,ai-tools-list:AIToolsList.json:570,jaxo-ai,93a3bb57-5ab6-5949-ae6b-d5679f1532dc,https://jaxo.ai,canonical_product_url,1.0,https://github.com/lakey009/AI-Tools-List/blob/ccdff902d7e77774df46e66761e811ada4838ea1/AIToolsList.json,Unique normalized product URL after deterministic www/trailing-slash deduplication.
product,ai-tools-list:AIToolsList.json:571,dittto,ba794956-fbba-55b5-bd02-37a2f1bd4d07,https://dittto.ai,canonical_product_url,1.0,https://github.com/lakey009/AI-Tools-List/blob/ccdff902d7e77774df46e66761e811ada4838ea1/AIToolsList.json,Unique normalized product URL after deterministic www/trailing-slash deduplication.
product,ai-tools-list:AIToolsList.json:572,askcory-ai,78d06021-5052-5652-b592-a1d4215f1614,https://www.askcory.ai,canonical_product_url,1.0,https://github.com/lakey009/AI-Tools-List/blob/ccdff902d7e77774df46e66761e811ada4838ea1/AIToolsList.json,Unique normalized product URL after deterministic www/trailing-slash deduplication.
product,ai-tools-list:AIToolsList.json:573,markey-ai,695bab24-99e7-5017-91c0-76806ffc7123,https://www.markey.ai,canonical_product_url,1.0,https://github.com/lakey009/AI-Tools-List/blob/ccdff902d7e77774df46e66761e811ada4838ea1/AIToolsList.json,Unique normalized product URL after deterministic www/trailing-slash deduplication.
product,ai-tools-list:AIToolsList.json:574,editby,ca53d234-4372-5348-88fd-14b03a0bcaeb,https://editby.ai,canonical_product_url,1.0,https://github.com/lakey009/AI-Tools-List/blob/ccdff902d7e77774df46e66761e811ada4838ea1/AIToolsList.json,Unique normalized product URL after deterministic www/trailing-slash deduplication.
product,ai-tools-list:AIToolsList.json:576,aieasyuse,06e85ea5-212d-5c86-a566-74c1f17a365c,https://www.aieasyuse.com,canonical_product_url,1.0,https://github.com/lakey009/AI-Tools-List/blob/ccdff902d7e77774df46e66761e811ada4838ea1/AIToolsList.json,Unique normalized product URL after deterministic www/trailing-slash deduplication.
product,ai-tools-list:AIToolsList.json:577,pandarocket-ai-suite,64d33633-7669-5ba4-ab02-05844185e379,https://www.pandarocket.ai,canonical_product_url,1.0,https://github.com/lakey009/AI-Tools-List/blob/ccdff902d7e77774df46e66761e811ada4838ea1/AIToolsList.json,Unique normalized product URL after deterministic www/trailing-slash deduplication.
product,ai-tools-list:AIToolsList.json:578,certy-ai,2ded9702-4533-591b-8a48-8f7f67fbe5b6,https://www.certyai.com,canonical_product_url,1.0,https://github.com/lakey009/AI-Tools-List/blob/ccdff902d7e77774df46e66761e811ada4838ea1/AIToolsList.json,Unique normalized product URL after deterministic www/trailing-slash deduplication.
product,ai-tools-list:AIToolsList.json:579,nexmind,e00c98a2-8896-5dc5-b302-b14a0ac34339,https://www.nexmind.ai,canonical_product_url,1.0,https://github.com/lakey009/AI-Tools-List/blob/ccdff902d7e77774df46e66761e811ada4838ea1/AIToolsList.json,Unique normalized product URL after deterministic www/trailing-slash deduplication.
product,ai-tools-list:AIToolsList.json:580,mai,9778252b-55fa-5d81-b1fd-c40465603834,https://www.maiwriter.com,canonical_product_url,1.0,https://github.com/lakey009/AI-Tools-List/blob/ccdff902d7e77774df46e66761e811ada4838ea1/AIToolsList.json,Unique normalized product URL after deterministic www/trailing-slash deduplication.
product,ai-tools-list:AIToolsList.json:581,bannergate-ai,f12b8c8c-787e-56eb-8bc2-a5e3059390cc,https://www.bannergate.ai,canonical_product_url,1.0,https://github.com/lakey009/AI-Tools-List/blob/ccdff902d7e77774df46e66761e811ada4838ea1/AIToolsList.json,Unique normalized product URL after deterministic www/trailing-slash deduplication.
product,ai-tools-list:AIToolsList.json:582,krut-ai,6995778c-9ad9-5f4f-89fe-efc65dd6da5b,https://krut.ai,canonical_product_url,1.0,https://github.com/lakey009/AI-Tools-List/blob/ccdff902d7e77774df46e66761e811ada4838ea1/AIToolsList.json,Unique normalized product URL after deterministic www/trailing-slash deduplication.
product,ai-tools-list:AIToolsList.json:583,studio-neiro-ai,4d40a077-fd12-5ab9-bff3-377959e54208,https://studio.neiro.ai,canonical_product_url,1.0,https://github.com/lakey009/AI-Tools-List/blob/ccdff902d7e77774df46e66761e811ada4838ea1/AIToolsList.json,Unique normalized product URL after deterministic www/trailing-slash deduplication.
product,ai-tools-list:AIToolsList.json:584,adbuilder-ai,1d78d8cd-6cd2-521c-a94c-3d27793cc55a,https://adbuilder.io,canonical_product_url,1.0,https://github.com/lakey009/AI-Tools-List/blob/ccdff902d7e77774df46e66761e811ada4838ea1/AIToolsList.json,Unique normalized product URL after deterministic www/trailing-slash deduplication.
product,ai-tools-list:AIToolsList.json:585,social360,d40a6572-4777-5cd3-8e3f-a2b174087d51,https://www.social360.ai,canonical_product_url,1.0,https://github.com/lakey009/AI-Tools-List/blob/ccdff902d7e77774df46e66761e811ada4838ea1/AIToolsList.json,Unique normalized product URL after deterministic www/trailing-slash deduplication.
product,ai-tools-list:AIToolsList.json:586,marmof,b814d798-b29e-5707-abbd-9f73d713bd6a,https://marmof.com,canonical_product_url,1.0,https://github.com/lakey009/AI-Tools-List/blob/ccdff902d7e77774df46e66761e811ada4838ea1/AIToolsList.json,Unique normalized product URL after deterministic www/trailing-slash deduplication.
product,ai-tools-list:AIToolsList.json:587,planpost-ai-best-ai-content-generator,67c5400f-f85d-5208-bbc0-863ba94bbeeb,https://planpostai.com,canonical_product_url,1.0,https://github.com/lakey009/AI-Tools-List/blob/ccdff902d7e77774df46e66761e811ada4838ea1/AIToolsList.json,Unique normalized product URL after deterministic www/trailing-slash deduplication.
product,ai-tools-list:AIToolsList.json:588,typeflowai,add192f0-2b68-53a7-80c8-9a769bdfc048,https://typeflowai.com,canonical_product_url,1.0,https://github.com/lakey009/AI-Tools-List/blob/ccdff902d7e77774df46e66761e811ada4838ea1/AIToolsList.json,Unique normalized product URL after deterministic www/trailing-slash deduplication.
product,ai-tools-list:AIToolsList.json:589,dinuai,4f76063c-1775-54b2-a58e-0c443dd225fc,https://app.dinuai.com,canonical_product_url,1.0,https://github.com/lakey009/AI-Tools-List/blob/ccdff902d7e77774df46e66761e811ada4838ea1/AIToolsList.json,Unique normalized product URL after deterministic www/trailing-slash deduplication.
product,ai-tools-list:AIToolsList.json:590,copyshark-ai,37d72add-718f-5d61-b13f-7866207bd817,https://copyshark.ai,canonical_product_url,1.0,https://github.com/lakey009/AI-Tools-List/blob/ccdff902d7e77774df46e66761e811ada4838ea1/AIToolsList.json,Unique normalized product URL after deterministic www/trailing-slash deduplication.
product,ai-tools-list:AIToolsList.json:591,xbuilder-ai,91664907-9911-531c-bfd0-3a4636fd27fb,https://xbuilder.ai,canonical_product_url,1.0,https://github.com/lakey009/AI-Tools-List/blob/ccdff902d7e77774df46e66761e811ada4838ea1/AIToolsList.json,Unique normalized product URL after deterministic www/trailing-slash deduplication.
product,ai-tools-list:AIToolsList.json:592,seogeek,0bc9f843-a870-5853-bcba-cc5822b066a6,https://seogeek.io,canonical_product_url,1.0,https://github.com/lakey009/AI-Tools-List/blob/ccdff902d7e77774df46e66761e811ada4838ea1/AIToolsList.json,Unique normalized product URL after deterministic www/trailing-slash deduplication.
product,ai-tools-list:AIToolsList.json:593,epicly-ai,44017432-d5ec-5033-8928-cea04f8a9894,https://www.epicly.ai,canonical_product_url,1.0,https://github.com/lakey009/AI-Tools-List/blob/ccdff902d7e77774df46e66761e811ada4838ea1/AIToolsList.json,Unique normalized product URL after deterministic www/trailing-slash deduplication.
product,ai-tools-list:AIToolsList.json:594,autotext-ai,e19eeaed-d292-5721-a0c4-98ccb7a4439a,https://autotext.app,canonical_product_url,1.0,https://github.com/lakey009/AI-Tools-List/blob/ccdff902d7e77774df46e66761e811ada4838ea1/AIToolsList.json,Unique normalized product URL after deterministic www/trailing-slash deduplication.
product,ai-tools-list:AIToolsList.json:595,copyfrog-ai,336bfe75-85c3-5ce4-9119-6f276c19ee2b,https://copyfrog.ai,canonical_product_url,1.0,https://github.com/lakey009/AI-Tools-List/blob/ccdff902d7e77774df46e66761e811ada4838ea1/AIToolsList.json,Unique normalized product URL after deterministic www/trailing-slash deduplication.
product,ai-tools-list:AIToolsList.json:596,loopgenius-com,8faa9e09-76f8-5776-ab84-9d46a92d56ed,https://loopgenius.com,canonical_product_url,1.0,https://github.com/lakey009/AI-Tools-List/blob/ccdff902d7e77774df46e66761e811ada4838ea1/AIToolsList.json,Unique normalized product URL after deterministic www/trailing-slash deduplication.
product,ai-tools-list:AIToolsList.json:597,deeply-cz,0facc37e-3d82-5efd-a638-ef770b4e884e,https://deeply.cz,canonical_product_url,1.0,https://github.com/lakey009/AI-Tools-List/blob/ccdff902d7e77774df46e66761e811ada4838ea1/AIToolsList.json,Unique normalized product URL after deterministic www/trailing-slash deduplication.
product,ai-tools-list:AIToolsList.json:598,notey-ai,df149975-4774-5f37-87dd-1018474ef1a3,https://notey.ai,canonical_product_url,1.0,https://github.com/lakey009/AI-Tools-List/blob/ccdff902d7e77774df46e66761e811ada4838ea1/AIToolsList.json,Unique normalized product URL after deterministic www/trailing-slash deduplication.
product,ai-tools-list:AIToolsList.json:599,sagui-ai,46ac6f15-1bf6-59ca-b980-c966ef29cd9d,https://sagui.ai,canonical_product_url,1.0,https://github.com/lakey009/AI-Tools-List/blob/ccdff902d7e77774df46e66761e811ada4838ea1/AIToolsList.json,Unique normalized product URL after deterministic www/trailing-slash deduplication.
product,ai-tools-list:AIToolsList.json:600,vibrance,65b8deb3-efb9-5198-91b1-0d1c592d7347,https://vibrance.design,canonical_product_url,1.0,https://github.com/lakey009/AI-Tools-List/blob/ccdff902d7e77774df46e66761e811ada4838ea1/AIToolsList.json,Unique normalized product URL after deterministic www/trailing-slash deduplication.
product,ai-tools-list:AIToolsList.json:601,copypilot,900073a9-dae3-59fb-9b67-c3026d2a8df6,https://www.copypilot.io,canonical_product_url,1.0,https://github.com/lakey009/AI-Tools-List/blob/ccdff902d7e77774df46e66761e811ada4838ea1/AIToolsList.json,Unique normalized product URL after deterministic www/trailing-slash deduplication.
product,ai-tools-list:AIToolsList.json:602,copyly,6a500be3-ab61-5ab2-961a-4ee11650ef02,https://www.copyly.io,canonical_product_url,1.0,https://github.com/lakey009/AI-Tools-List/blob/ccdff902d7e77774df46e66761e811ada4838ea1/AIToolsList.json,Unique normalized product URL after deterministic www/trailing-slash deduplication.
product,ai-tools-list:AIToolsList.json:603,firebay-studios,e5abe295-0e2f-504f-bed4-3545f3a2df86,https://www.firebaystudios.com,canonical_product_url,1.0,https://github.com/lakey009/AI-Tools-List/blob/ccdff902d7e77774df46e66761e811ada4838ea1/AIToolsList.json,Unique normalized product URL after deterministic www/trailing-slash deduplication.
product,ai-tools-list:AIToolsList.json:604,neuron-make-ai,0485a360-7ee0-5db0-b090-14d07506b596,https://neuronmake.com,canonical_product_url,1.0,https://github.com/lakey009/AI-Tools-List/blob/ccdff902d7e77774df46e66761e811ada4838ea1/AIToolsList.json,Unique normalized product URL after deterministic www/trailing-slash deduplication.
product,ai-tools-list:AIToolsList.json:605,aiwrita,84fc9798-7635-583c-bc62-b169a2c5e979,https://aiwrita.com,canonical_product_url,1.0,https://github.com/lakey009/AI-Tools-List/blob/ccdff902d7e77774df46e66761e811ada4838ea1/AIToolsList.json,Unique normalized product URL after deterministic www/trailing-slash deduplication.
product,ai-tools-list:AIToolsList.json:607,lifemind,5ad31ec5-4024-5f24-960a-a01d94e7d8cd,https://lifemind.ai,canonical_product_url,1.0,https://github.com/lakey009/AI-Tools-List/blob/ccdff902d7e77774df46e66761e811ada4838ea1/AIToolsList.json,Unique normalized product URL after deterministic www/trailing-slash deduplication.
product,ai-tools-list:AIToolsList.json:608,deep-marketer,783e94a7-c615-5c4a-baeb-73ce8bb61fbd,https://deepmarketer.ai,canonical_product_url,1.0,https://github.com/lakey009/AI-Tools-List/blob/ccdff902d7e77774df46e66761e811ada4838ea1/AIToolsList.json,Unique normalized product URL after deterministic www/trailing-slash deduplication.
product,ai-tools-list:AIToolsList.json:609,whateverlogo,c5e2d60a-5128-5048-84cf-b1c9aa65fffd,https://whateverlogo.com,canonical_product_url,1.0,https://github.com/lakey009/AI-Tools-List/blob/ccdff902d7e77774df46e66761e811ada4838ea1/AIToolsList.json,Unique normalized product URL after deterministic www/trailing-slash deduplication.
product,ai-tools-list:AIToolsList.json:610,folktalk,e9cc1209-a4ad-5b1e-acbb-25c1c47aaea2,https://www.folktalk.in,canonical_product_url,1.0,https://github.com/lakey009/AI-Tools-List/blob/ccdff902d7e77774df46e66761e811ada4838ea1/AIToolsList.json,Unique normalized product URL after deterministic www/trailing-slash deduplication.
product,ai-tools-list:AIToolsList.json:611,ai-note-ai-writing-tool,72b052c2-e342-522b-8c51-fb7bca9a8953,https://ainote.com.au,canonical_product_url,1.0,https://github.com/lakey009/AI-Tools-List/blob/ccdff902d7e77774df46e66761e811ada4838ea1/AIToolsList.json,Unique normalized product URL after deterministic www/trailing-slash deduplication.
product,ai-tools-list:AIToolsList.json:612,arconar,80f6e7b3-c373-51ee-b152-39bcc613766d,https://arconar.com,canonical_product_url,1.0,https://github.com/lakey009/AI-Tools-List/blob/ccdff902d7e77774df46e66761e811ada4838ea1/AIToolsList.json,Unique normalized product URL after deterministic www/trailing-slash deduplication.
product,ai-tools-list:AIToolsList.json:613,optimyzee,27a3a785-c12f-5778-9618-be0b4994a372,https://www.optimyzee.com,canonical_product_url,1.0,https://github.com/lakey009/AI-Tools-List/blob/ccdff902d7e77774df46e66761e811ada4838ea1/AIToolsList.json,Unique normalized product URL after deterministic www/trailing-slash deduplication.
product,ai-tools-list:AIToolsList.json:614,getsleek-ai,15f23863-e812-5b1f-b966-a28cf13e4512,https://getsleek.ai,canonical_product_url,1.0,https://github.com/lakey009/AI-Tools-List/blob/ccdff902d7e77774df46e66761e811ada4838ea1/AIToolsList.json,Unique normalized product URL after deterministic www/trailing-slash deduplication.
product,ai-tools-list:AIToolsList.json:616,glato-ai-beta,d8bb5b31-faf2-5363-a7ad-f1e2d3d617a3,https://glato.ai,canonical_product_url,1.0,https://github.com/lakey009/AI-Tools-List/blob/ccdff902d7e77774df46e66761e811ada4838ea1/AIToolsList.json,Unique normalized product URL after deterministic www/trailing-slash deduplication.
product,ai-tools-list:AIToolsList.json:617,rooftops-ai,04205b7f-5511-5863-89e5-fb155f2be1d3,https://rooftops.ai,canonical_product_url,1.0,https://github.com/lakey009/AI-Tools-List/blob/ccdff902d7e77774df46e66761e811ada4838ea1/AIToolsList.json,Unique normalized product URL after deterministic www/trailing-slash deduplication.
product,ai-tools-list:AIToolsList.json:618,pacifis-ai,cf22af08-251d-510d-94ca-81cda177e6f1,https://pacifisai.com,canonical_product_url,1.0,https://github.com/lakey009/AI-Tools-List/blob/ccdff902d7e77774df46e66761e811ada4838ea1/AIToolsList.json,Unique normalized product URL after deterministic www/trailing-slash deduplication.
product,ai-tools-list:AIToolsList.json:619,donakosy,9ad1592e-0174-55aa-bfda-88a6bb3caaf1,https://www.donakosy.com,canonical_product_url,1.0,https://github.com/lakey009/AI-Tools-List/blob/ccdff902d7e77774df46e66761e811ada4838ea1/AIToolsList.json,Unique normalized product URL after deterministic www/trailing-slash deduplication.
product,ai-tools-list:AIToolsList.json:620,lek,0226d1d2-8884-5016-a829-6eb3d4fff995,https://lek.ai,canonical_product_url,1.0,https://github.com/lakey009/AI-Tools-List/blob/ccdff902d7e77774df46e66761e811ada4838ea1/AIToolsList.json,Unique normalized product URL after deterministic www/trailing-slash deduplication.
product,ai-tools-list:AIToolsList.json:621,regem-ai-platform,81cd1499-8ef5-5ade-987b-426813d4281b,https://regemai.com,canonical_product_url,1.0,https://github.com/lakey009/AI-Tools-List/blob/ccdff902d7e77774df46e66761e811ada4838ea1/AIToolsList.json,Unique normalized product URL after deterministic www/trailing-slash deduplication.
product,ai-tools-list:AIToolsList.json:622,friday-ai,70206e1e-9931-5d15-82d2-decce4566c9f,https://www.heyfriday.ai,canonical_product_url,1.0,https://github.com/lakey009/AI-Tools-List/blob/ccdff902d7e77774df46e66761e811ada4838ea1/AIToolsList.json,Unique normalized product URL after deterministic www/trailing-slash deduplication.
product,ai-tools-list:AIToolsList.json:623,septimo-io,8436e87d-9d3e-5f8b-8632-3d8ad8bd3400,https://septimo.io/register,canonical_product_url,1.0,https://github.com/lakey009/AI-Tools-List/blob/ccdff902d7e77774df46e66761e811ada4838ea1/AIToolsList.json,Unique normalized product URL after deterministic www/trailing-slash deduplication.
product,ai-tools-list:AIToolsList.json:624,jaeves,7ce6ef1b-47a1-5c95-9cd6-1b90f17272c3,https://jaeves.com,canonical_product_url,1.0,https://github.com/lakey009/AI-Tools-List/blob/ccdff902d7e77774df46e66761e811ada4838ea1/AIToolsList.json,Unique normalized product URL after deterministic www/trailing-slash deduplication.
product,ai-tools-list:AIToolsList.json:625,aitorke,6749ee4b-7610-5379-a6ed-0aa8a776f14f,https://www.aitorke.com,canonical_product_url,1.0,https://github.com/lakey009/AI-Tools-List/blob/ccdff902d7e77774df46e66761e811ada4838ea1/AIToolsList.json,Unique normalized product URL after deterministic www/trailing-slash deduplication.
product,ai-tools-list:AIToolsList.json:626,ideaaize,c8d39e93-3835-5b0c-aeda-99a94de85263,https://ideaaize.com,canonical_product_url,1.0,https://github.com/lakey009/AI-Tools-List/blob/ccdff902d7e77774df46e66761e811ada4838ea1/AIToolsList.json,Unique normalized product URL after deterministic www/trailing-slash deduplication.
product,ai-tools-list:AIToolsList.json:627,copypage,de52aee0-a7e3-5e1f-bac3-1a58dedc57b4,https://www.copypage.online,canonical_product_url,1.0,https://github.com/lakey009/AI-Tools-List/blob/ccdff902d7e77774df46e66761e811ada4838ea1/AIToolsList.json,Unique normalized product URL after deterministic www/trailing-slash deduplication.
product,ai-tools-list:AIToolsList.json:628,hireyay,fb374eb7-92d3-53d1-9c36-cff600007122,https://hireyay.com,canonical_product_url,1.0,https://github.com/lakey009/AI-Tools-List/blob/ccdff902d7e77774df46e66761e811ada4838ea1/AIToolsList.json,Unique normalized product URL after deterministic www/trailing-slash deduplication.
product,ai-tools-list:AIToolsList.json:629,artiro,becdaa45-146b-5862-bd83-17cc80c25407,https://artiro.app,canonical_product_url,1.0,https://github.com/lakey009/AI-Tools-List/blob/ccdff902d7e77774df46e66761e811ada4838ea1/AIToolsList.json,Unique normalized product URL after deterministic www/trailing-slash deduplication.
product,ai-tools-list:AIToolsList.json:630,vossle,ec7d2541-187f-51fd-a376-b99a65c2ace7,https://www.vossle.com,canonical_product_url,1.0,https://github.com/lakey009/AI-Tools-List/blob/ccdff902d7e77774df46e66761e811ada4838ea1/AIToolsList.json,Unique normalized product URL after deterministic www/trailing-slash deduplication.
product,ai-tools-list:AIToolsList.json:631,aioai,60f04c32-afe2-5233-8551-22140a364668,https://aioai.co,canonical_product_url,1.0,https://github.com/lakey009/AI-Tools-List/blob/ccdff902d7e77774df46e66761e811ada4838ea1/AIToolsList.json,Unique normalized product URL after deterministic www/trailing-slash deduplication.
product,ai-tools-list:AIToolsList.json:632,clevopyai,addaadea-9eac-5083-99e0-5457b3c5bec5,https://clevopy.ai,canonical_product_url,1.0,https://github.com/lakey009/AI-Tools-List/blob/ccdff902d7e77774df46e66761e811ada4838ea1/AIToolsList.json,Unique normalized product URL after deterministic www/trailing-slash deduplication.
product,ai-tools-list:AIToolsList.json:633,aug-x-labs-ai-video-editing,d6799bab-3c1c-591c-98ef-6c7bdb7cdad6,https://www.augxlabs.com,canonical_product_url,1.0,https://github.com/lakey009/AI-Tools-List/blob/ccdff902d7e77774df46e66761e811ada4838ea1/AIToolsList.json,Unique normalized product URL after deterministic www/trailing-slash deduplication.
product,ai-tools-list:AIToolsList.json:634,writenow-ai,5bf61913-1cc9-50e2-b752-8680652fb3b3,https://writenowai.com,canonical_product_url,1.0,https://github.com/lakey009/AI-Tools-List/blob/ccdff902d7e77774df46e66761e811ada4838ea1/AIToolsList.json,Unique normalized product URL after deterministic www/trailing-slash deduplication.
product,ai-tools-list:AIToolsList.json:635,pro-writing-kit,69726ad4-57b3-5332-a663-6cdd4e178c52,https://prowritingkit.com,canonical_product_url,1.0,https://github.com/lakey009/AI-Tools-List/blob/ccdff902d7e77774df46e66761e811ada4838ea1/AIToolsList.json,Unique normalized product URL after deterministic www/trailing-slash deduplication.
product,ai-tools-list:AIToolsList.json:636,mypromptstudio,ac454dd5-84e0-56d6-905c-99ce7e95ba81,https://www.mypromptstudio.com,canonical_product_url,1.0,https://github.com/lakey009/AI-Tools-List/blob/ccdff902d7e77774df46e66761e811ada4838ea1/AIToolsList.json,Unique normalized product URL after deterministic www/trailing-slash deduplication.
product,ai-tools-list:AIToolsList.json:637,marketer-geni,ded70c86-93b3-5ccd-9e2c-703172a8be44,https://marketergeni.com,canonical_product_url,1.0,https://github.com/lakey009/AI-Tools-List/blob/ccdff902d7e77774df46e66761e811ada4838ea1/AIToolsList.json,Unique normalized product URL after deterministic www/trailing-slash deduplication.
product,ai-tools-list:AIToolsList.json:638,templify-ai,a830ca47-2c08-5b86-83e8-30858b22ff23,https://templify.ai,canonical_product_url,1.0,https://github.com/lakey009/AI-Tools-List/blob/ccdff902d7e77774df46e66761e811ada4838ea1/AIToolsList.json,Unique normalized product URL after deterministic www/trailing-slash deduplication.
product,ai-tools-list:AIToolsList.json:639,scanlist,11bd0d7d-bd8e-55fb-aaa7-ff70921df76d,https://scanlist.ai,canonical_product_url,1.0,https://github.com/lakey009/AI-Tools-List/blob/ccdff902d7e77774df46e66761e811ada4838ea1/AIToolsList.json,Unique normalized product URL after deterministic www/trailing-slash deduplication.
product,ai-tools-list:AIToolsList.json:640,starsky-ai,cfb9b142-9557-5df0-8b20-5f6ae2a25d8c,https://starsky.pro,canonical_product_url,1.0,https://github.com/lakey009/AI-Tools-List/blob/ccdff902d7e77774df46e66761e811ada4838ea1/AIToolsList.json,Unique normalized product URL after deterministic www/trailing-slash deduplication.
product,ai-tools-list:AIToolsList.json:641,cretorial-ai,5ac9fc59-e9e9-5627-9d65-10163b30c07c,https://www.cretorial.ai,canonical_product_url,1.0,https://github.com/lakey009/AI-Tools-List/blob/ccdff902d7e77774df46e66761e811ada4838ea1/AIToolsList.json,Unique normalized product URL after deterministic www/trailing-slash deduplication.
product,ai-tools-list:AIToolsList.json:642,flapper-ai,d3d955e7-5afe-5524-afef-1f8acaef2d01,https://flapper.ai,canonical_product_url,1.0,https://github.com/lakey009/AI-Tools-List/blob/ccdff902d7e77774df46e66761e811ada4838ea1/AIToolsList.json,Unique normalized product URL after deterministic www/trailing-slash deduplication.
product,ai-tools-list:AIToolsList.json:643,spyro-ai,dd75ec30-6a38-5eb4-83a2-09e4e5b09165,https://spyro.ai,canonical_product_url,1.0,https://github.com/lakey009/AI-Tools-List/blob/ccdff902d7e77774df46e66761e811ada4838ea1/AIToolsList.json,Unique normalized product URL after deterministic www/trailing-slash deduplication.
product,ai-tools-list:AIToolsList.json:644,jiandikie,43bdef51-9b7d-5736-8364-01515155ed0a,https://www.jiandikie.com,canonical_product_url,1.0,https://github.com/lakey009/AI-Tools-List/blob/ccdff902d7e77774df46e66761e811ada4838ea1/AIToolsList.json,Unique normalized product URL after deterministic www/trailing-slash deduplication.
product,ai-tools-list:AIToolsList.json:646,conceptai,5e4bbc32-29b9-51de-9e08-0715dba5e4c4,https://conceptai.app,canonical_product_url,1.0,https://github.com/lakey009/AI-Tools-List/blob/ccdff902d7e77774df46e66761e811ada4838ea1/AIToolsList.json,Unique normalized product URL after deterministic www/trailing-slash deduplication.
product,ai-tools-list:AIToolsList.json:647,clearmix,def6e937-20e3-5adc-bc85-76ce1d04b97d,https://clearmix.com,canonical_product_url,1.0,https://github.com/lakey009/AI-Tools-List/blob/ccdff902d7e77774df46e66761e811ada4838ea1/AIToolsList.json,Unique normalized product URL after deterministic www/trailing-slash deduplication.
product,ai-tools-list:AIToolsList.json:648,ai-wrytr,e57bebde-7bb4-5e9f-b234-2ef3dbd24920,https://aiwrytr.com,canonical_product_url,1.0,https://github.com/lakey009/AI-Tools-List/blob/ccdff902d7e77774df46e66761e811ada4838ea1/AIToolsList.json,Unique normalized product URL after deterministic www/trailing-slash deduplication.
product,ai-tools-list:AIToolsList.json:649,ai-product-tools,bb10a086-f3bc-56fe-be7a-949cb0a09c41,https://www.aiproducttools.com,canonical_product_url,1.0,https://github.com/lakey009/AI-Tools-List/blob/ccdff902d7e77774df46e66761e811ada4838ea1/AIToolsList.json,Unique normalized product URL after deterministic www/trailing-slash deduplication.
product,ai-tools-list:AIToolsList.json:650,fresho,502cbe67-7284-5344-8613-15dad93d7a66,https://fresho.dev,canonical_product_url,1.0,https://github.com/lakey009/AI-Tools-List/blob/ccdff902d7e77774df46e66761e811ada4838ea1/AIToolsList.json,Unique normalized product URL after deterministic www/trailing-slash deduplication.
product,ai-tools-list:AIToolsList.json:651,make-content,0ffb7fdf-e7b8-5cc2-a9dc-9c4381a18e2a,https://makecontent.net,canonical_product_url,1.0,https://github.com/lakey009/AI-Tools-List/blob/ccdff902d7e77774df46e66761e811ada4838ea1/AIToolsList.json,Unique normalized product URL after deterministic www/trailing-slash deduplication.
product,ai-tools-list:AIToolsList.json:652,freelino,46ec8a33-f82e-5d85-a365-cd4b7ebc49cf,https://freelino.com,canonical_product_url,1.0,https://github.com/lakey009/AI-Tools-List/blob/ccdff902d7e77774df46e66761e811ada4838ea1/AIToolsList.json,Unique normalized product URL after deterministic www/trailing-slash deduplication.
product,ai-tools-list:AIToolsList.json:653,insertchatgpt,2413ab3c-968c-5b5a-9c82-35b7ab6c7d3f,https://insertchatgpt.com,canonical_product_url,1.0,https://github.com/lakey009/AI-Tools-List/blob/ccdff902d7e77774df46e66761e811ada4838ea1/AIToolsList.json,Unique normalized product URL after deterministic www/trailing-slash deduplication.
product,ai-tools-list:AIToolsList.json:654,collider-ai,f5138e71-1655-5812-ad61-8954a0bdc2f5,https://cldr.ai,canonical_product_url,1.0,https://github.com/lakey009/AI-Tools-List/blob/ccdff902d7e77774df46e66761e811ada4838ea1/AIToolsList.json,Unique normalized product URL after deterministic www/trailing-slash deduplication.
product,ai-tools-list:AIToolsList.json:655,maso-ai,7381bca2-6443-54af-98cf-0172e9e1f535,https://masoai.com,canonical_product_url,1.0,https://github.com/lakey009/AI-Tools-List/blob/ccdff902d7e77774df46e66761e811ada4838ea1/AIToolsList.json,Unique normalized product URL after deterministic www/trailing-slash deduplication.
product,ai-tools-list:AIToolsList.json:656,clarityscribe-ai,5d9cea2f-e1cd-5c57-a318-c0ea3b3dd814,https://www.clarityscribe.com,canonical_product_url,1.0,https://github.com/lakey009/AI-Tools-List/blob/ccdff902d7e77774df46e66761e811ada4838ea1/AIToolsList.json,Unique normalized product URL after deterministic www/trailing-slash deduplication.
product,ai-tools-list:AIToolsList.json:657,lilybank-ai,a942c3e4-b33f-50a4-ad47-92c33a7a444b,https://lilybankai.com,canonical_product_url,1.0,https://github.com/lakey009/AI-Tools-List/blob/ccdff902d7e77774df46e66761e811ada4838ea1/AIToolsList.json,Unique normalized product URL after deterministic www/trailing-slash deduplication.
product,ai-tools-list:AIToolsList.json:658,quickpenai,b388d5f4-4086-5cc8-9990-49d99c09daaa,https://quickpenai.com,canonical_product_url,1.0,https://github.com/lakey009/AI-Tools-List/blob/ccdff902d7e77774df46e66761e811ada4838ea1/AIToolsList.json,Unique normalized product URL after deterministic www/trailing-slash deduplication.
product,ai-tools-list:AIToolsList.json:659,aipakistani,55716e03-0064-592b-aa82-d8882c67552a,https://aipakistani.com,canonical_product_url,1.0,https://github.com/lakey009/AI-Tools-List/blob/ccdff902d7e77774df46e66761e811ada4838ea1/AIToolsList.json,Unique normalized product URL after deterministic www/trailing-slash deduplication.
product,ai-tools-list:AIToolsList.json:660,wordspilot,9332080e-56e4-5863-8016-0c863f850865,https://codewp.ai,canonical_product_url,1.0,https://github.com/lakey009/AI-Tools-List/blob/ccdff902d7e77774df46e66761e811ada4838ea1/AIToolsList.json,Unique normalized product URL after deterministic www/trailing-slash deduplication.
product,ai-tools-list:AIToolsList.json:661,jaydee-ai,896f42f9-167f-583e-b9a7-4d9cde381b82,https://jaydeeai.com,canonical_product_url,1.0,https://github.com/lakey009/AI-Tools-List/blob/ccdff902d7e77774df46e66761e811ada4838ea1/AIToolsList.json,Unique normalized product URL after deterministic www/trailing-slash deduplication.
product,ai-tools-list:AIToolsList.json:662,ai-thingy,b104279d-f16a-5981-9b90-326c85ebeffa,https://aithingy.co,canonical_product_url,1.0,https://github.com/lakey009/AI-Tools-List/blob/ccdff902d7e77774df46e66761e811ada4838ea1/AIToolsList.json,Unique normalized product URL after deterministic www/trailing-slash deduplication.
product,ai-tools-list:AIToolsList.json:663,cluc-io,2c5e1229-2673-5852-bc97-e81c0ea7edf5,https://cluc.io,canonical_product_url,1.0,https://github.com/lakey009/AI-Tools-List/blob/ccdff902d7e77774df46e66761e811ada4838ea1/AIToolsList.json,Unique normalized product URL after deterministic www/trailing-slash deduplication.
product,ai-tools-list:AIToolsList.json:664,writechamp-io,3f7dfb9c-582b-5c39-b3da-42757be328ac,https://writechamp.io,canonical_product_url,1.0,https://github.com/lakey009/AI-Tools-List/blob/ccdff902d7e77774df46e66761e811ada4838ea1/AIToolsList.json,Unique normalized product URL after deterministic www/trailing-slash deduplication.
product,ai-tools-list:AIToolsList.json:665,codest,7b4141b1-ecdd-58b9-a8b1-8c616acae107,https://wcodest.com,canonical_product_url,1.0,https://github.com/lakey009/AI-Tools-List/blob/ccdff902d7e77774df46e66761e811ada4838ea1/AIToolsList.json,Unique normalized product URL after deterministic www/trailing-slash deduplication.
product,ai-tools-list:AIToolsList.json:666,appai,0870c2df-cabd-57a2-9988-5d81673291a7,https://appai.co.uk,canonical_product_url,1.0,https://github.com/lakey009/AI-Tools-List/blob/ccdff902d7e77774df46e66761e811ada4838ea1/AIToolsList.json,Unique normalized product URL after deterministic www/trailing-slash deduplication.
product,ai-tools-list:AIToolsList.json:667,promptext,6243f7cb-da07-5477-8de5-37bd019de5d7,https://promptext.io,canonical_product_url,1.0,https://github.com/lakey009/AI-Tools-List/blob/ccdff902d7e77774df46e66761e811ada4838ea1/AIToolsList.json,Unique normalized product URL after deterministic www/trailing-slash deduplication.
product,ai-tools-list:AIToolsList.json:669,chatwizard-1-click-chatgpt-prompts,a80497a7-37a4-5a90-b4a3-1f23ea190ba3,https://chatwizard.online,canonical_product_url,1.0,https://github.com/lakey009/AI-Tools-List/blob/ccdff902d7e77774df46e66761e811ada4838ea1/AIToolsList.json,Unique normalized product URL after deterministic www/trailing-slash deduplication.
product,ai-tools-list:AIToolsList.json:670,ai-scribe-pro,cf93585a-34ef-5149-90d5-7cfe5a2a00c1,https://aiscribepro.com,canonical_product_url,1.0,https://github.com/lakey009/AI-Tools-List/blob/ccdff902d7e77774df46e66761e811ada4838ea1/AIToolsList.json,Unique normalized product URL after deterministic www/trailing-slash deduplication.
product,ai-tools-list:AIToolsList.json:671,writeai-tech,415d9489-f630-599c-b960-53baaa997268,https://writeai.tech,canonical_product_url,1.0,https://github.com/lakey009/AI-Tools-List/blob/ccdff902d7e77774df46e66761e811ada4838ea1/AIToolsList.json,Unique normalized product URL after deterministic www/trailing-slash deduplication.
product,ai-tools-list:AIToolsList.json:672,disperto,6826aebf-c555-53ab-bbda-555121c9a3aa,https://ai.disperto.com,canonical_product_url,1.0,https://github.com/lakey009/AI-Tools-List/blob/ccdff902d7e77774df46e66761e811ada4838ea1/AIToolsList.json,Unique normalized product URL after deterministic www/trailing-slash deduplication.
product,ai-tools-list:AIToolsList.json:673,govoice,c283e11b-b9eb-557c-aca4-95a50921e68b,https://govoice.app,canonical_product_url,1.0,https://github.com/lakey009/AI-Tools-List/blob/ccdff902d7e77774df46e66761e811ada4838ea1/AIToolsList.json,Unique normalized product URL after deterministic www/trailing-slash deduplication.
product,ai-tools-list:AIToolsList.json:674,ai-speeder,b61e46ef-1274-5ab3-b660-83431a2250c2,https://ai-speeder.com,canonical_product_url,1.0,https://github.com/lakey009/AI-Tools-List/blob/ccdff902d7e77774df46e66761e811ada4838ea1/AIToolsList.json,Unique normalized product URL after deterministic www/trailing-slash deduplication.
product,ai-tools-list:AIToolsList.json:675,toolsit,09400133-81c4-5c52-8cf3-ab606312e976,https://toolsit.ai,canonical_product_url,1.0,https://github.com/lakey009/AI-Tools-List/blob/ccdff902d7e77774df46e66761e811ada4838ea1/AIToolsList.json,Unique normalized product URL after deterministic www/trailing-slash deduplication.
product,ai-tools-list:AIToolsList.json:676,ailora-ai,6170a571-e5a2-57d8-823e-33bddc1d61ce,https://ailora.io,canonical_product_url,1.0,https://github.com/lakey009/AI-Tools-List/blob/ccdff902d7e77774df46e66761e811ada4838ea1/AIToolsList.json,Unique normalized product URL after deterministic www/trailing-slash deduplication.
product,ai-tools-list:AIToolsList.json:677,writebyai,4721e68f-14b9-5bb3-884b-ced8e251e2a9,https://app.writebyai.com,canonical_product_url,1.0,https://github.com/lakey009/AI-Tools-List/blob/ccdff902d7e77774df46e66761e811ada4838ea1/AIToolsList.json,Unique normalized product URL after deterministic www/trailing-slash deduplication.
product,ai-tools-list:AIToolsList.json:679,airychat,7bfa614e-da31-5338-bdb8-88596c16566c,https://airychat.com,canonical_product_url,1.0,https://github.com/lakey009/AI-Tools-List/blob/ccdff902d7e77774df46e66761e811ada4838ea1/AIToolsList.json,Unique normalized product URL after deterministic www/trailing-slash deduplication.
product,ai-tools-list:AIToolsList.json:680,reedit,996b67db-4032-5351-ae7d-9d7968e9bec2,https://reedit.app,canonical_product_url,1.0,https://github.com/lakey009/AI-Tools-List/blob/ccdff902d7e77774df46e66761e811ada4838ea1/AIToolsList.json,Unique normalized product URL after deterministic www/trailing-slash deduplication.
product,ai-tools-list:AIToolsList.json:681,writeturbo,a3fef3e7-55eb-5108-905f-f4dfb2efbe7b,https://writeturbo.com,canonical_product_url,1.0,https://github.com/lakey009/AI-Tools-List/blob/ccdff902d7e77774df46e66761e811ada4838ea1/AIToolsList.json,Unique normalized product URL after deterministic www/trailing-slash deduplication.
product,ai-tools-list:AIToolsList.json:682,texthub-ai,bec21998-fcfd-5158-bce8-1ed547c9b28f,https://www.texthubai.com,canonical_product_url,1.0,https://github.com/lakey009/AI-Tools-List/blob/ccdff902d7e77774df46e66761e811ada4838ea1/AIToolsList.json,Unique normalized product URL after deterministic www/trailing-slash deduplication.
product,ai-tools-list:AIToolsList.json:683,writebot-ai,fb34b78c-9527-5d69-9698-e49ca9a759d5,https://aiwritertool.org,canonical_product_url,1.0,https://github.com/lakey009/AI-Tools-List/blob/ccdff902d7e77774df46e66761e811ada4838ea1/AIToolsList.json,Unique normalized product URL after deterministic www/trailing-slash deduplication.
product,ai-tools-list:AIToolsList.json:684,somantic-ai,4fb5bb5a-22c0-53ab-a4b1-3a2b107ee2b8,https://www.somanticai.com,canonical_product_url,1.0,https://github.com/lakey009/AI-Tools-List/blob/ccdff902d7e77774df46e66761e811ada4838ea1/AIToolsList.json,Unique normalized product URL after deterministic www/trailing-slash deduplication.
product,ai-tools-list:AIToolsList.json:685,mindmeldcanvas-ai,56f72e98-9638-5274-94a6-4be5060681f2,https://mindmeldcanvas.com,canonical_product_url,1.0,https://github.com/lakey009/AI-Tools-List/blob/ccdff902d7e77774df46e66761e811ada4838ea1/AIToolsList.json,Unique normalized product URL after deterministic www/trailing-slash deduplication.
product,ai-tools-list:AIToolsList.json:686,ai-writing-assistant,8910762b-b152-5786-ac32-d3c27a66afa3,https://www.jotterspad.com,canonical_product_url,1.0,https://github.com/lakey009/AI-Tools-List/blob/ccdff902d7e77774df46e66761e811ada4838ea1/AIToolsList.json,Unique normalized product URL after deterministic www/trailing-slash deduplication.
product,ai-tools-list:AIToolsList.json:687,scribfy,fe71af55-3138-52e2-a861-6fed714d77bf,https://www.scribfy.app,canonical_product_url,1.0,https://github.com/lakey009/AI-Tools-List/blob/ccdff902d7e77774df46e66761e811ada4838ea1/AIToolsList.json,Unique normalized product URL after deterministic www/trailing-slash deduplication.
product,ai-tools-list:AIToolsList.json:688,impulse-ai,85263df4-b232-5a94-90ec-67336fbcb510,https://impulseai.io,canonical_product_url,1.0,https://github.com/lakey009/AI-Tools-List/blob/ccdff902d7e77774df46e66761e811ada4838ea1/AIToolsList.json,Unique normalized product URL after deterministic www/trailing-slash deduplication.
product,ai-tools-list:AIToolsList.json:689,jat-ai-hub,2ca273d0-0bf3-5285-9b61-2f062cd4bc00,https://ai.jat.link/locale/en,canonical_product_url,1.0,https://github.com/lakey009/AI-Tools-List/blob/ccdff902d7e77774df46e66761e811ada4838ea1/AIToolsList.json,Unique normalized product URL after deterministic www/trailing-slash deduplication.
product,ai-tools-list:AIToolsList.json:690,wordadai,3b111efd-6263-5e31-9cc1-d884c56b99a7,https://wordadai.com,canonical_product_url,1.0,https://github.com/lakey009/AI-Tools-List/blob/ccdff902d7e77774df46e66761e811ada4838ea1/AIToolsList.json,Unique normalized product URL after deterministic www/trailing-slash deduplication.
product,ai-tools-list:AIToolsList.json:691,typerrr-com,c3e96203-a08a-5efb-82e2-2dad30f90f9a,https://typerrr.com,canonical_product_url,1.0,https://github.com/lakey009/AI-Tools-List/blob/ccdff902d7e77774df46e66761e811ada4838ea1/AIToolsList.json,Unique normalized product URL after deterministic www/trailing-slash deduplication.
product,ai-tools-list:AIToolsList.json:692,uvoh-com,227730de-819f-596c-a3cc-5d02bf7a7eaf,https://uvoh.com,canonical_product_url,1.0,https://github.com/lakey009/AI-Tools-List/blob/ccdff902d7e77774df46e66761e811ada4838ea1/AIToolsList.json,Unique normalized product URL after deterministic www/trailing-slash deduplication.
product,ai-tools-list:AIToolsList.json:694,nando-ai,259fd796-52d2-50bb-b0ac-38f4743b6be4,https://nando.ai,canonical_product_url,1.0,https://github.com/lakey009/AI-Tools-List/blob/ccdff902d7e77774df46e66761e811ada4838ea1/AIToolsList.json,Unique normalized product URL after deterministic www/trailing-slash deduplication.
product,ai-tools-list:AIToolsList.json:695,enginewp-elevate-your-website,f510e545-8ffd-5ddc-940e-83e69bdd723d,https://enginewp.com,canonical_product_url,1.0,https://github.com/lakey009/AI-Tools-List/blob/ccdff902d7e77774df46e66761e811ada4838ea1/AIToolsList.json,Unique normalized product URL after deterministic www/trailing-slash deduplication.
product,ai-tools-list:AIToolsList.json:697,feather-ai,8be9d185-1354-5ede-b54a-a3eec79d84eb,https://app.feather-ai.io/s_inscrire,canonical_product_url,1.0,https://github.com/lakey009/AI-Tools-List/blob/ccdff902d7e77774df46e66761e811ada4838ea1/AIToolsList.json,Unique normalized product URL after deterministic www/trailing-slash deduplication.
product,ai-tools-list:AIToolsList.json:698,openaidonakosy,37239a65-7d83-5011-b054-cf14f2ab3b1e,https://www.openaidonakosy.com,canonical_product_url,1.0,https://github.com/lakey009/AI-Tools-List/blob/ccdff902d7e77774df46e66761e811ada4838ea1/AIToolsList.json,Unique normalized product URL after deterministic www/trailing-slash deduplication.
product,ai-tools-list:AIToolsList.json:699,friz,b002688c-d439-5b5b-a2af-8dbf3c37814a,https://www.usefriz.com,canonical_product_url,1.0,https://github.com/lakey009/AI-Tools-List/blob/ccdff902d7e77774df46e66761e811ada4838ea1/AIToolsList.json,Unique normalized product URL after deterministic www/trailing-slash deduplication.
product,ai-tools-list:AIToolsList.json:700,e-commerce-ai,bee69e85-67a4-5008-a106-76fb2a35edf4,https://ecommerce-ai.net,canonical_product_url,1.0,https://github.com/lakey009/AI-Tools-List/blob/ccdff902d7e77774df46e66761e811ada4838ea1/AIToolsList.json,Unique normalized product URL after deterministic www/trailing-slash deduplication.
product,ai-tools-list:AIToolsList.json:701,contenthubai-com,b08d782a-9fbb-5992-9b4e-201e1d479791,https://contenthubai.com,canonical_product_url,1.0,https://github.com/lakey009/AI-Tools-List/blob/ccdff902d7e77774df46e66761e811ada4838ea1/AIToolsList.json,Unique normalized product URL after deterministic www/trailing-slash deduplication.
product,ai-tools-list:AIToolsList.json:702,writarai,43768f01-23b8-5dfa-90b8-9c41c3be6ade,https://writarai.com,canonical_product_url,1.0,https://github.com/lakey009/AI-Tools-List/blob/ccdff902d7e77774df46e66761e811ada4838ea1/AIToolsList.json,Unique normalized product URL after deterministic www/trailing-slash deduplication.
product,ai-tools-list:AIToolsList.json:703,crea-de-xmetaverso,c3c74bdf-9535-5c06-883b-8e091739c5cf,https://crea.xmetaverso.com,canonical_product_url,1.0,https://github.com/lakey009/AI-Tools-List/blob/ccdff902d7e77774df46e66761e811ada4838ea1/AIToolsList.json,Unique normalized product URL after deterministic www/trailing-slash deduplication.
product,ai-tools-list:AIToolsList.json:704,doerplan-automated-marketing-strategies,fc07b11a-24e1-5f55-96e2-7489980839a2,https://www.doerplan.com,canonical_product_url,1.0,https://github.com/lakey009/AI-Tools-List/blob/ccdff902d7e77774df46e66761e811ada4838ea1/AIToolsList.json,Unique normalized product URL after deterministic www/trailing-slash deduplication.
product,ai-tools-list:AIToolsList.json:705,synapso-ai,492c5a18-2917-54a9-a7bb-b93728ea33f5,https://synapso.ai,canonical_product_url,1.0,https://github.com/lakey009/AI-Tools-List/blob/ccdff902d7e77774df46e66761e811ada4838ea1/AIToolsList.json,Unique normalized product URL after deterministic www/trailing-slash deduplication.
product,ai-tools-list:AIToolsList.json:706,magicads-ai,ce2d6874-b7ac-5f55-94ce-c08c9a508c1b,https://magicads.ai,canonical_product_url,1.0,https://github.com/lakey009/AI-Tools-List/blob/ccdff902d7e77774df46e66761e811ada4838ea1/AIToolsList.json,Unique normalized product URL after deterministic www/trailing-slash deduplication.
product,ai-tools-list:AIToolsList.json:707,sora-video-ai,80b65d1d-2d86-5783-b4b1-5347e8996853,https://soravideo.ai,canonical_product_url,1.0,https://github.com/lakey009/AI-Tools-List/blob/ccdff902d7e77774df46e66761e811ada4838ea1/AIToolsList.json,Unique normalized product URL after deterministic www/trailing-slash deduplication.
product,ai-tools-list:AIToolsList.json:708,m-ai-mymarketing-ai,c2596514-9ce6-5acf-b958-1f672fd62a05,https://mymarketing-ai.app,canonical_product_url,1.0,https://github.com/lakey009/AI-Tools-List/blob/ccdff902d7e77774df46e66761e811ada4838ea1/AIToolsList.json,Unique normalized product URL after deterministic www/trailing-slash deduplication.
product,ai-tools-list:AIToolsList.json:709,producthero-ai,a618329f-e692-59b1-a114-21f1acf95622,https://producthero.ai,canonical_product_url,1.0,https://github.com/lakey009/AI-Tools-List/blob/ccdff902d7e77774df46e66761e811ada4838ea1/AIToolsList.json,Unique normalized product URL after deterministic www/trailing-slash deduplication.
product,ai-tools-list:AIToolsList.json:711,gaxu,63509611-401d-5ab8-89a8-66b5c5f309c7,https://gaxu.swai.ai,canonical_product_url,1.0,https://github.com/lakey009/AI-Tools-List/blob/ccdff902d7e77774df46e66761e811ada4838ea1/AIToolsList.json,Unique normalized product URL after deterministic www/trailing-slash deduplication.
product,ai-tools-list:AIToolsList.json:712,expert-robot-pro,11955d81-82de-5457-9bba-35574a66c404,https://expertrobot.pro,canonical_product_url,1.0,https://github.com/lakey009/AI-Tools-List/blob/ccdff902d7e77774df46e66761e811ada4838ea1/AIToolsList.json,Unique normalized product URL after deterministic www/trailing-slash deduplication.
product,ai-tools-list:AIToolsList.json:713,ramban-ai,5424deb0-0886-50bc-b569-3653da24c1d8,https://www.ramban.ai,canonical_product_url,1.0,https://github.com/lakey009/AI-Tools-List/blob/ccdff902d7e77774df46e66761e811ada4838ea1/AIToolsList.json,Unique normalized product URL after deterministic www/trailing-slash deduplication.
product,ai-tools-list:AIToolsList.json:714,hopprz,ce6dbe72-97c2-5d59-a789-6d7f63420d8f,https://hopprz.com,canonical_product_url,1.0,https://github.com/lakey009/AI-Tools-List/blob/ccdff902d7e77774df46e66761e811ada4838ea1/AIToolsList.json,Unique normalized product URL after deterministic www/trailing-slash deduplication.
product,ai-tools-list:AIToolsList.json:715,boostrbot,105b6efa-7726-5bd9-9c95-ad7a0d8377f8,https://boostrbot.com/register,canonical_product_url,1.0,https://github.com/lakey009/AI-Tools-List/blob/ccdff902d7e77774df46e66761e811ada4838ea1/AIToolsList.json,Unique normalized product URL after deterministic www/trailing-slash deduplication.
product,ai-tools-list:AIToolsList.json:716,gen-master,be0a9f46-78d0-5c41-b50a-994c20897bb6,https://genmaster.ai/register,canonical_product_url,1.0,https://github.com/lakey009/AI-Tools-List/blob/ccdff902d7e77774df46e66761e811ada4838ea1/AIToolsList.json,Unique normalized product URL after deterministic www/trailing-slash deduplication.
product,ai-tools-list:AIToolsList.json:717,autron-ai,1430f259-0292-5340-a2c6-7f408bbcfe1f,https://autron.io,canonical_product_url,1.0,https://github.com/lakey009/AI-Tools-List/blob/ccdff902d7e77774df46e66761e811ada4838ea1/AIToolsList.json,Unique normalized product URL after deterministic www/trailing-slash deduplication.
product,ai-tools-list:AIToolsList.json:719,weexai,a014b618-3e17-5f4e-8aaa-410347d82eb0,https://weexai.com,canonical_product_url,1.0,https://github.com/lakey009/AI-Tools-List/blob/ccdff902d7e77774df46e66761e811ada4838ea1/AIToolsList.json,Unique normalized product URL after deterministic www/trailing-slash deduplication.
product,ai-tools-list:AIToolsList.json:720,darwin-studio,e6a6652e-d36c-5d89-b623-e89a5b25dff4,https://www.darwinstudio.ai,canonical_product_url,1.0,https://github.com/lakey009/AI-Tools-List/blob/ccdff902d7e77774df46e66761e811ada4838ea1/AIToolsList.json,Unique normalized product URL after deterministic www/trailing-slash deduplication.
product,ai-tools-list:AIToolsList.json:721,ai-genius-writer-ecommerce-writing,f33fdf28-0547-534a-b75c-0c6b9269d9f1,https://aigeniuswriter.com,canonical_product_url,1.0,https://github.com/lakey009/AI-Tools-List/blob/ccdff902d7e77774df46e66761e811ada4838ea1/AIToolsList.json,Unique normalized product URL after deterministic www/trailing-slash deduplication.
product,ai-tools-list:AIToolsList.json:722,heenok,420b5aa3-9fb0-5773-8ba8-a2221e1b0906,https://heenok.com,canonical_product_url,1.0,https://github.com/lakey009/AI-Tools-List/blob/ccdff902d7e77774df46e66761e811ada4838ea1/AIToolsList.json,Unique normalized product URL after deterministic www/trailing-slash deduplication.
product,ai-tools-list:AIToolsList.json:723,copie,629b1ed1-8889-5bd7-9751-c4134ace4b9d,https://copie.io,canonical_product_url,1.0,https://github.com/lakey009/AI-Tools-List/blob/ccdff902d7e77774df46e66761e811ada4838ea1/AIToolsList.json,Unique normalized product URL after deterministic www/trailing-slash deduplication.
product,ai-tools-list:AIToolsList.json:724,datagems,42d83fb0-bbb0-5c24-8eb4-2801561e3064,https://datagems.ai,canonical_product_url,1.0,https://github.com/lakey009/AI-Tools-List/blob/ccdff902d7e77774df46e66761e811ada4838ea1/AIToolsList.json,Unique normalized product URL after deterministic www/trailing-slash deduplication.
product,ai-tools-list:AIToolsList.json:725,meduza-ai,cdb7f402-0e95-543d-bae1-1f1712daac08,https://aimeduza.com,canonical_product_url,1.0,https://github.com/lakey009/AI-Tools-List/blob/ccdff902d7e77774df46e66761e811ada4838ea1/AIToolsList.json,Unique normalized product URL after deterministic www/trailing-slash deduplication.
product,ai-tools-list:AIToolsList.json:726,imitate-ai,b94817a9-ef17-5c6d-b975-e94654f019bc,https://www.imipics.ai,canonical_product_url,1.0,https://github.com/lakey009/AI-Tools-List/blob/ccdff902d7e77774df46e66761e811ada4838ea1/AIToolsList.json,Unique normalized product URL after deterministic www/trailing-slash deduplication.
product,ai-tools-list:AIToolsList.json:727,siuuu-ai,0499fabb-eb9b-5178-be95-0398a09bbef8,https://app.siuuu.ai,canonical_product_url,1.0,https://github.com/lakey009/AI-Tools-List/blob/ccdff902d7e77774df46e66761e811ada4838ea1/AIToolsList.json,Unique normalized product URL after deterministic www/trailing-slash deduplication.
product,ai-tools-list:AIToolsList.json:728,sage-marketer-data,e9a872fc-915e-5401-9c67-8d44d1e38b92,https://sage-marketer.com,canonical_product_url,1.0,https://github.com/lakey009/AI-Tools-List/blob/ccdff902d7e77774df46e66761e811ada4838ea1/AIToolsList.json,Unique normalized product URL after deterministic www/trailing-slash deduplication.
product,ai-tools-list:AIToolsList.json:729,colocio-ai,50b92a6f-9dc9-5311-9637-727f131c9ccb,https://www.colocio.com,canonical_product_url,1.0,https://github.com/lakey009/AI-Tools-List/blob/ccdff902d7e77774df46e66761e811ada4838ea1/AIToolsList.json,Unique normalized product URL after deterministic www/trailing-slash deduplication.
product,ai-tools-list:AIToolsList.json:730,ai-wizard,4d4f58c6-6e10-5b4d-8595-8d04b7d45391,https://aiwizard.live,canonical_product_url,1.0,https://github.com/lakey009/AI-Tools-List/blob/ccdff902d7e77774df46e66761e811ada4838ea1/AIToolsList.json,Unique normalized product URL after deterministic www/trailing-slash deduplication.
product,ai-tools-list:AIToolsList.json:731,geniusmindsai,5bc0d948-0b5a-5bd8-85a5-d5f5e6b07107,https://www.geniusmindsai.com,canonical_product_url,1.0,https://github.com/lakey009/AI-Tools-List/blob/ccdff902d7e77774df46e66761e811ada4838ea1/AIToolsList.json,Unique normalized product URL after deterministic www/trailing-slash deduplication.
product,ai-tools-list:AIToolsList.json:732,asseto,4dae0330-6360-5faf-92cf-a339d625a0fd,https://asseto.tools,canonical_product_url,1.0,https://github.com/lakey009/AI-Tools-List/blob/ccdff902d7e77774df46e66761e811ada4838ea1/AIToolsList.json,Unique normalized product URL after deterministic www/trailing-slash deduplication.
product,ai-tools-list:AIToolsList.json:733,momoai-art,8a7dbb7a-5bc8-51a7-9227-f861bdf81c95,https://momoai.art,canonical_product_url,1.0,https://github.com/lakey009/AI-Tools-List/blob/ccdff902d7e77774df46e66761e811ada4838ea1/AIToolsList.json,Unique normalized product URL after deterministic www/trailing-slash deduplication.
product,ai-tools-list:AIToolsList.json:734,baklavai-com,19a7df82-4cbf-5512-803e-d04dc33d4ac5,https://baklavai.com,canonical_product_url,1.0,https://github.com/lakey009/AI-Tools-List/blob/ccdff902d7e77774df46e66761e811ada4838ea1/AIToolsList.json,Unique normalized product URL after deterministic www/trailing-slash deduplication.
product,ai-tools-list:AIToolsList.json:735,copywriterpro,0452dd2c-0ac7-5099-af1b-6c3bc00a8c6a,https://copywriterpro.ai,canonical_product_url,1.0,https://github.com/lakey009/AI-Tools-List/blob/ccdff902d7e77774df46e66761e811ada4838ea1/AIToolsList.json,Unique normalized product URL after deterministic www/trailing-slash deduplication.
product,ai-tools-list:AIToolsList.json:736,sprkr,4b71967e-5550-5366-a54a-53243b3a8701,https://sprkr.it,canonical_product_url,1.0,https://github.com/lakey009/AI-Tools-List/blob/ccdff902d7e77774df46e66761e811ada4838ea1/AIToolsList.json,Unique normalized product URL after deterministic www/trailing-slash deduplication.
product,ai-tools-list:AIToolsList.json:737,cannypen,2c64c6c2-6aca-5fa5-86d4-8eba81c16d50,https://cannypen.com,canonical_product_url,1.0,https://github.com/lakey009/AI-Tools-List/blob/ccdff902d7e77774df46e66761e811ada4838ea1/AIToolsList.json,Unique normalized product URL after deterministic www/trailing-slash deduplication.
product,ai-tools-list:AIToolsList.json:738,atbridges,987c6db8-51b7-5863-b31b-c3ad9b7c13ed,https://atbridges.ai,canonical_product_url,1.0,https://github.com/lakey009/AI-Tools-List/blob/ccdff902d7e77774df46e66761e811ada4838ea1/AIToolsList.json,Unique normalized product URL after deterministic www/trailing-slash deduplication.
product,ai-tools-list:AIToolsList.json:739,write-label,c36442ce-953b-53b3-978b-0fd20991bfc1,https://writelabel.ai,canonical_product_url,1.0,https://github.com/lakey009/AI-Tools-List/blob/ccdff902d7e77774df46e66761e811ada4838ea1/AIToolsList.json,Unique normalized product URL after deterministic www/trailing-slash deduplication.
product,ai-tools-list:AIToolsList.json:740,marevo,92abc98d-8d87-5850-8250-3073b5fee2ae,https://marevo.io,canonical_product_url,1.0,https://github.com/lakey009/AI-Tools-List/blob/ccdff902d7e77774df46e66761e811ada4838ea1/AIToolsList.json,Unique normalized product URL after deterministic www/trailing-slash deduplication.
product,ai-tools-list:AIToolsList.json:742,zeedle-ai,46ce7ba8-e2d4-53c4-b8cb-1ad5de2278ea,https://zeedleai.com,canonical_product_url,1.0,https://github.com/lakey009/AI-Tools-List/blob/ccdff902d7e77774df46e66761e811ada4838ea1/AIToolsList.json,Unique normalized product URL after deterministic www/trailing-slash deduplication.
product,ai-tools-list:AIToolsList.json:743,qovai,ceb36ce5-5d1d-58ac-bc60-f0f453fbcd96,https://qovai.com,canonical_product_url,1.0,https://github.com/lakey009/AI-Tools-List/blob/ccdff902d7e77774df46e66761e811ada4838ea1/AIToolsList.json,Unique normalized product URL after deterministic www/trailing-slash deduplication.
product,ai-tools-list:AIToolsList.json:744,pleasureye,cc1e0ce8-b64f-5e63-a06c-281685f2eb16,https://pleasureye.com,canonical_product_url,1.0,https://github.com/lakey009/AI-Tools-List/blob/ccdff902d7e77774df46e66761e811ada4838ea1/AIToolsList.json,Unique normalized product URL after deterministic www/trailing-slash deduplication.
product,ai-tools-list:AIToolsList.json:745,skriptify,648a80a2-cadf-569f-85a1-b94feafbd5fa,https://arnaudlabs.lemonsqueezy.com,canonical_product_url,1.0,https://github.com/lakey009/AI-Tools-List/blob/ccdff902d7e77774df46e66761e811ada4838ea1/AIToolsList.json,Unique normalized product URL after deterministic www/trailing-slash deduplication.
product,ai-tools-list:AIToolsList.json:746,birdseye,19951893-9c29-538b-9bf6-434c3f82d220,https://birdseyeglobal.com,canonical_product_url,1.0,https://github.com/lakey009/AI-Tools-List/blob/ccdff902d7e77774df46e66761e811ada4838ea1/AIToolsList.json,Unique normalized product URL after deterministic www/trailing-slash deduplication.
product,ai-tools-list:AIToolsList.json:747,floxi-io,f03d5601-cde4-5bb2-9520-a7f8e84dadcb,https://floxi.io,canonical_product_url,1.0,https://github.com/lakey009/AI-Tools-List/blob/ccdff902d7e77774df46e66761e811ada4838ea1/AIToolsList.json,Unique normalized product URL after deterministic www/trailing-slash deduplication.
product,ai-tools-list:AIToolsList.json:748,turbo-generate,63643cc7-16f1-5d5b-9de1-995bef36e155,https://turbogenerate.com,canonical_product_url,1.0,https://github.com/lakey009/AI-Tools-List/blob/ccdff902d7e77774df46e66761e811ada4838ea1/AIToolsList.json,Unique normalized product URL after deterministic www/trailing-slash deduplication.
product,ai-tools-list:AIToolsList.json:750,clip-studio-ai,ecc71b6c-64d9-553c-976d-38589bd13967,https://www.clipstudio.ai,canonical_product_url,1.0,https://github.com/lakey009/AI-Tools-List/blob/ccdff902d7e77774df46e66761e811ada4838ea1/AIToolsList.json,Unique normalized product URL after deterministic www/trailing-slash deduplication.
product,ai-tools-list:AIToolsList.json:751,cherrytree-ai,fd69d7ec-6fa7-5c3f-a043-525448037705,https://www.cherrytree.ai,canonical_product_url,1.0,https://github.com/lakey009/AI-Tools-List/blob/ccdff902d7e77774df46e66761e811ada4838ea1/AIToolsList.json,Unique normalized product URL after deterministic www/trailing-slash deduplication.
product,ai-tools-list:AIToolsList.json:753,promarkia,bc00c15b-f33b-500d-826c-0cf02566ebae,https://www.promarkia.com,canonical_product_url,1.0,https://github.com/lakey009/AI-Tools-List/blob/ccdff902d7e77774df46e66761e811ada4838ea1/AIToolsList.json,Unique normalized product URL after deterministic www/trailing-slash deduplication.
product,ai-tools-list:AIToolsList.json:754,buzzin-spots-ai-social-commerce-toolkit,6f21839c-8b3c-5c83-9edd-bef8655e5e29,https://www.buzzinspots.com,canonical_product_url,1.0,https://github.com/lakey009/AI-Tools-List/blob/ccdff902d7e77774df46e66761e811ada4838ea1/AIToolsList.json,Unique normalized product URL after deterministic www/trailing-slash deduplication.
product,ai-tools-list:AIToolsList.json:755,cherrie,7dc420e9-459d-5003-9212-6621363a623e,https://cherrie.ai,canonical_product_url,1.0,https://github.com/lakey009/AI-Tools-List/blob/ccdff902d7e77774df46e66761e811ada4838ea1/AIToolsList.json,Unique normalized product URL after deterministic www/trailing-slash deduplication.
product,ai-tools-list:AIToolsList.json:756,axofy-ai,2529a0b6-2cd1-5707-ae6a-1550f48555c4,https://axofy.ai,canonical_product_url,1.0,https://github.com/lakey009/AI-Tools-List/blob/ccdff902d7e77774df46e66761e811ada4838ea1/AIToolsList.json,Unique normalized product URL after deterministic www/trailing-slash deduplication.
product,ai-tools-list:AIToolsList.json:757,slidereels,1152af0a-ba19-5502-bdb2-3f9f847a2832,https://codeswish.lemonsqueezy.com,canonical_product_url,1.0,https://github.com/lakey009/AI-Tools-List/blob/ccdff902d7e77774df46e66761e811ada4838ea1/AIToolsList.json,Unique normalized product URL after deterministic www/trailing-slash deduplication.
product,ai-tools-list:AIToolsList.json:758,free-tools-provider,d0db5f77-4dd9-5eb4-b34e-119cc980f866,https://freecreate.online,canonical_product_url,1.0,https://github.com/lakey009/AI-Tools-List/blob/ccdff902d7e77774df46e66761e811ada4838ea1/AIToolsList.json,Unique normalized product URL after deterministic www/trailing-slash deduplication.
product,ai-tools-list:AIToolsList.json:759,copyblaze,a142e37b-708d-5940-8ebc-e2e3e6a4202a,https://copyblaze.xyz,canonical_product_url,1.0,https://github.com/lakey009/AI-Tools-List/blob/ccdff902d7e77774df46e66761e811ada4838ea1/AIToolsList.json,Unique normalized product URL after deterministic www/trailing-slash deduplication.
product,ai-tools-list:AIToolsList.json:760,preemedia-ai-ugc-ads,a0c4f301-1b56-554c-9dfd-40c9c0c3bb44,https://preemedia.com,canonical_product_url,1.0,https://github.com/lakey009/AI-Tools-List/blob/ccdff902d7e77774df46e66761e811ada4838ea1/AIToolsList.json,Unique normalized product URL after deterministic www/trailing-slash deduplication.
product,ai-tools-list:AIToolsList.json:761,maqnet-ai,752f7ef7-41c6-58ee-b870-36371b5bce00,https://maqnet.ai,canonical_product_url,1.0,https://github.com/lakey009/AI-Tools-List/blob/ccdff902d7e77774df46e66761e811ada4838ea1/AIToolsList.json,Unique normalized product URL after deterministic www/trailing-slash deduplication.
product,ai-tools-list:AIToolsList.json:762,smartlyq,1df7da6e-8e0f-5c13-8f0e-c39722910baf,https://smartlyq.com,canonical_product_url,1.0,https://github.com/lakey009/AI-Tools-List/blob/ccdff902d7e77774df46e66761e811ada4838ea1/AIToolsList.json,Unique normalized product URL after deterministic www/trailing-slash deduplication.
product,ai-tools-list:AIToolsList.json:763,portal-by-20vision,eda77060-1842-5345-b9e8-665b48f11c01,https://20.vision,canonical_product_url,1.0,https://github.com/lakey009/AI-Tools-List/blob/ccdff902d7e77774df46e66761e811ada4838ea1/AIToolsList.json,Unique normalized product URL after deterministic www/trailing-slash deduplication.
product,ai-tools-list:AIToolsList.json:764,veo-3-ai,accda380-0de9-5179-be93-c26e6aa734fb,https://veo3.co,canonical_product_url,1.0,https://github.com/lakey009/AI-Tools-List/blob/ccdff902d7e77774df46e66761e811ada4838ea1/AIToolsList.json,Unique normalized product URL after deterministic www/trailing-slash deduplication.
product,ai-tools-list:AIToolsList.json:765,writegenic-ai,7ccea88e-e29f-5de9-8266-d232672a0131,https://writegenic.ai,canonical_product_url,1.0,https://github.com/lakey009/AI-Tools-List/blob/ccdff902d7e77774df46e66761e811ada4838ea1/AIToolsList.json,Unique normalized product URL after deterministic www/trailing-slash deduplication.
product,ai-tools-list:AIToolsList.json:766,groas,3237d234-9cfe-52be-bf31-3348095b4514,https://groas.ai,canonical_product_url,1.0,https://github.com/lakey009/AI-Tools-List/blob/ccdff902d7e77774df46e66761e811ada4838ea1/AIToolsList.json,Unique normalized product URL after deterministic www/trailing-slash deduplication.
product,ai-tools-list:AIToolsList.json:769,recruit-crm,762f61c2-79cb-52b6-a520-9ffaeac52ac4,https://workforcecloudtechinc.pxf.io/21oj50,canonical_product_url,1.0,https://github.com/lakey009/AI-Tools-List/blob/ccdff902d7e77774df46e66761e811ada4838ea1/AIToolsList.json,Unique normalized product URL after deterministic www/trailing-slash deduplication.
product,ai-tools-list:AIToolsList.json:771,ifable,c05053a4-b4f8-5906-bcd0-7b16598304c2,https://www.ifable.ai/start,canonical_product_url,1.0,https://github.com/lakey009/AI-Tools-List/blob/ccdff902d7e77774df46e66761e811ada4838ea1/AIToolsList.json,Unique normalized product URL after deterministic www/trailing-slash deduplication.
product,ai-tools-list:AIToolsList.json:772,testmarket-analytics-inc,5aa626ea-614e-54ec-a248-c79f00f51be4,https://testmarket.io,canonical_product_url,1.0,https://github.com/lakey009/AI-Tools-List/blob/ccdff902d7e77774df46e66761e811ada4838ea1/AIToolsList.json,Unique normalized product URL after deterministic www/trailing-slash deduplication.
product,ai-tools-list:AIToolsList.json:773,scaleinsights-com,26d869a0-8aee-57f3-a655-7332ae3c1959,https://scaleinsights.com,canonical_product_url,1.0,https://github.com/lakey009/AI-Tools-List/blob/ccdff902d7e77774df46e66761e811ada4838ea1/AIToolsList.json,Unique normalized product URL after deterministic www/trailing-slash deduplication.
product,ai-tools-list:AIToolsList.json:774,200-chatgpt-mega-prompts-for-business,8deacca3-5e3f-5acc-8997-152bed6c9b6c,https://www.godofprompt.ai/business-mega-prompts,canonical_product_url,1.0,https://github.com/lakey009/AI-Tools-List/blob/ccdff902d7e77774df46e66761e811ada4838ea1/AIToolsList.json,Unique normalized product URL after deterministic www/trailing-slash deduplication.
product,ai-tools-list:AIToolsList.json:775,seomator,b0d864f9-8b52-5635-8058-3d03a908154f,https://seomator.com,canonical_product_url,1.0,https://github.com/lakey009/AI-Tools-List/blob/ccdff902d7e77774df46e66761e811ada4838ea1/AIToolsList.json,Unique normalized product URL after deterministic www/trailing-slash deduplication.
product,ai-tools-list:AIToolsList.json:776,sellersnap-io,507203a7-8daf-53d3-a685-44717dacc670,https://referrals.sellersnap.io/l/toolify,canonical_product_url,1.0,https://github.com/lakey009/AI-Tools-List/blob/ccdff902d7e77774df46e66761e811ada4838ea1/AIToolsList.json,Unique normalized product URL after deterministic www/trailing-slash deduplication.
product,ai-tools-list:AIToolsList.json:777,rozetta-jp,d418f38a-e4de-59a3-ba8d-f9d9aa10ac60,https://rozetta.jp,canonical_product_url,1.0,https://github.com/lakey009/AI-Tools-List/blob/ccdff902d7e77774df46e66761e811ada4838ea1/AIToolsList.json,Unique normalized product URL after deterministic www/trailing-slash deduplication.
product,ai-tools-list:AIToolsList.json:779,twelvelabs,a1fc64f8-6efd-5e9c-9f76-4f02087c48d6,https://www.twelvelabs.io,canonical_product_url,1.0,https://github.com/lakey009/AI-Tools-List/blob/ccdff902d7e77774df46e66761e811ada4838ea1/AIToolsList.json,Unique normalized product URL after deterministic www/trailing-slash deduplication.
product,ai-tools-list:AIToolsList.json:781,qrcode-ai,d88d56ea-df96-5a6d-9561-0747507a0e38,https://qrcode-ai.com,canonical_product_url,1.0,https://github.com/lakey009/AI-Tools-List/blob/ccdff902d7e77774df46e66761e811ada4838ea1/AIToolsList.json,Unique normalized product URL after deterministic www/trailing-slash deduplication.
product,ai-tools-list:AIToolsList.json:782,visionstory-ai,135d20dc-2443-555b-93a0-c855f8bb4f5e,https://www.visionstory.ai,canonical_product_url,1.0,https://github.com/lakey009/AI-Tools-List/blob/ccdff902d7e77774df46e66761e811ada4838ea1/AIToolsList.json,Unique normalized product URL after deterministic www/trailing-slash deduplication.
product,ai-tools-list:AIToolsList.json:784,hammer-corp-com,c11572e4-5171-55eb-95e8-00d3782511bd,https://hammer-corp.com,canonical_product_url,1.0,https://github.com/lakey009/AI-Tools-List/blob/ccdff902d7e77774df46e66761e811ada4838ea1/AIToolsList.json,Unique normalized product URL after deterministic www/trailing-slash deduplication.
product,ai-tools-list:AIToolsList.json:785,247-inc-com,70f030a5-b0e5-5059-a189-79e42a542667,https://247-inc.com,canonical_product_url,1.0,https://github.com/lakey009/AI-Tools-List/blob/ccdff902d7e77774df46e66761e811ada4838ea1/AIToolsList.json,Unique normalized product URL after deterministic www/trailing-slash deduplication.
product,ai-tools-list:AIToolsList.json:788,anyclip-the-genius-platform,5b049699-2697-59c6-a3b1-f0b3f935ad10,https://anyclip.com,canonical_product_url,1.0,https://github.com/lakey009/AI-Tools-List/blob/ccdff902d7e77774df46e66761e811ada4838ea1/AIToolsList.json,Unique normalized product URL after deterministic www/trailing-slash deduplication.
product,ai-tools-list:AIToolsList.json:790,lebesgue,bfbf7a92-6380-5d64-bec7-a8989af9fdd4,https://lebesgue.io,canonical_product_url,1.0,https://github.com/lakey009/AI-Tools-List/blob/ccdff902d7e77774df46e66761e811ada4838ea1/AIToolsList.json,Unique normalized product URL after deterministic www/trailing-slash deduplication.
product,ai-tools-list:AIToolsList.json:791,perq-com,ff31a778-3d04-5f00-bf3c-071a06fb4261,https://perq.com,canonical_product_url,1.0,https://github.com/lakey009/AI-Tools-List/blob/ccdff902d7e77774df46e66761e811ada4838ea1/AIToolsList.json,Unique normalized product URL after deterministic www/trailing-slash deduplication.
product,ai-tools-list:AIToolsList.json:793,opinly-ai,fea394b5-e667-5be1-82a1-59eae79feb1f,https://opinly.ai,canonical_product_url,1.0,https://github.com/lakey009/AI-Tools-List/blob/ccdff902d7e77774df46e66761e811ada4838ea1/AIToolsList.json,Unique normalized product URL after deterministic www/trailing-slash deduplication.
product,ai-tools-list:AIToolsList.json:795,competitors-app,6f099792-311a-5d43-8625-238c54f536fc,https://competitors.app,canonical_product_url,1.0,https://github.com/lakey009/AI-Tools-List/blob/ccdff902d7e77774df46e66761e811ada4838ea1/AIToolsList.json,Unique normalized product URL after deterministic www/trailing-slash deduplication.
product,ai-tools-list:AIToolsList.json:798,brandbastion-lite,1cfea847-64bf-5fc8-9711-039168d938d5,https://www.brandbastion.com,canonical_product_url,1.0,https://github.com/lakey009/AI-Tools-List/blob/ccdff902d7e77774df46e66761e811ada4838ea1/AIToolsList.json,Unique normalized product URL after deterministic www/trailing-slash deduplication.
product,ai-tools-list:AIToolsList.json:799,quetta-browser,f3aac1dd-d94a-5dbb-b2f2-5fe66990726d,https://www.quetta.net,canonical_product_url,1.0,https://github.com/lakey009/AI-Tools-List/blob/ccdff902d7e77774df46e66761e811ada4838ea1/AIToolsList.json,Unique normalized product URL after deterministic www/trailing-slash deduplication.
product,ai-tools-list:AIToolsList.json:800,markopolo-ai,3c579b7e-8108-5a44-999f-9567bf32d86e,https://app.markopolo.ai/signup,canonical_product_url,1.0,https://github.com/lakey009/AI-Tools-List/blob/ccdff902d7e77774df46e66761e811ada4838ea1/AIToolsList.json,Unique normalized product URL after deterministic www/trailing-slash deduplication.
product,ai-tools-list:AIToolsList.json:801,bizmagnets,f40cf80c-001d-53b5-8a01-d10350a29a6e,https://bizmagnets.ai,canonical_product_url,1.0,https://github.com/lakey009/AI-Tools-List/blob/ccdff902d7e77774df46e66761e811ada4838ea1/AIToolsList.json,Unique normalized product URL after deterministic www/trailing-slash deduplication.
product,ai-tools-list:AIToolsList.json:802,trueroas-io,2f4e7bb2-c5d9-516e-8db9-a2a6830af3f4,https://trueroas.io,canonical_product_url,1.0,https://github.com/lakey009/AI-Tools-List/blob/ccdff902d7e77774df46e66761e811ada4838ea1/AIToolsList.json,Unique normalized product URL after deterministic www/trailing-slash deduplication.
product,ai-tools-list:AIToolsList.json:803,escribelo-ai,8bddd944-9328-5a69-91ee-87e511d9ad7d,https://escribelo.ai,canonical_product_url,1.0,https://github.com/lakey009/AI-Tools-List/blob/ccdff902d7e77774df46e66761e811ada4838ea1/AIToolsList.json,Unique normalized product URL after deterministic www/trailing-slash deduplication.
product,ai-tools-list:AIToolsList.json:804,buzzabout,87163848-defa-547c-8c3e-0cf74bfb0ed2,https://buzzabout.ai,canonical_product_url,1.0,https://github.com/lakey009/AI-Tools-List/blob/ccdff902d7e77774df46e66761e811ada4838ea1/AIToolsList.json,Unique normalized product URL after deterministic www/trailing-slash deduplication.
product,ai-tools-list:AIToolsList.json:805,shai,c0211947-70d3-545c-a7a6-a7fff08b54e6,https://shaicreative.ai,canonical_product_url,1.0,https://github.com/lakey009/AI-Tools-List/blob/ccdff902d7e77774df46e66761e811ada4838ea1/AIToolsList.json,Unique normalized product URL after deterministic www/trailing-slash deduplication.
product,ai-tools-list:AIToolsList.json:807,newormedia-com,5f9b73a0-c59a-5a51-b95b-7f4b4c404cda,https://newormedia.com/sign,canonical_product_url,1.0,https://github.com/lakey009/AI-Tools-List/blob/ccdff902d7e77774df46e66761e811ada4838ea1/AIToolsList.json,Unique normalized product URL after deterministic www/trailing-slash deduplication.
product,ai-tools-list:AIToolsList.json:809,smax-ai,331f0547-f0e9-56d1-ade5-e454b4905633,https://smax.ai/en,canonical_product_url,1.0,https://github.com/lakey009/AI-Tools-List/blob/ccdff902d7e77774df46e66761e811ada4838ea1/AIToolsList.json,Unique normalized product URL after deterministic www/trailing-slash deduplication.
product,ai-tools-list:AIToolsList.json:810,onebytelabs-in,e1d2ec20-1886-5928-b115-2cc89c4c64f0,https://onebytelabs.in,canonical_product_url,1.0,https://github.com/lakey009/AI-Tools-List/blob/ccdff902d7e77774df46e66761e811ada4838ea1/AIToolsList.json,Unique normalized product URL after deterministic www/trailing-slash deduplication.
product,ai-tools-list:AIToolsList.json:812,quartile-com,ce191060-7b28-5805-aa94-2081f8aa0e7a,https://partnerstack.quartile.com/1502srovb9hu,canonical_product_url,1.0,https://github.com/lakey009/AI-Tools-List/blob/ccdff902d7e77774df46e66761e811ada4838ea1/AIToolsList.json,Unique normalized product URL after deterministic www/trailing-slash deduplication.
product,ai-tools-list:AIToolsList.json:813,lensai-shoppable-and-contextual,cea18860-6988-5ac6-a432-ce6d05da7699,https://lens-ai.com,canonical_product_url,1.0,https://github.com/lakey009/AI-Tools-List/blob/ccdff902d7e77774df46e66761e811ada4838ea1/AIToolsList.json,Unique normalized product URL after deterministic www/trailing-slash deduplication.
product,ai-tools-list:AIToolsList.json:815,modelia,b170f408-93c2-5a94-861a-41bf30c0b6ff,https://www.modelia.ai,canonical_product_url,1.0,https://github.com/lakey009/AI-Tools-List/blob/ccdff902d7e77774df46e66761e811ada4838ea1/AIToolsList.json,Unique normalized product URL after deterministic www/trailing-slash deduplication.
product,ai-tools-list:AIToolsList.json:816,keywordsearch-com,a2320305-8851-5c7d-968b-5ec9353e8737,https://keywordsearch.com,canonical_product_url,1.0,https://github.com/lakey009/AI-Tools-List/blob/ccdff902d7e77774df46e66761e811ada4838ea1/AIToolsList.json,Unique normalized product URL after deterministic www/trailing-slash deduplication.
product,ai-tools-list:AIToolsList.json:820,bythenumbersapp-com,9ad55e4b-dd56-51fd-ba53-1b7d18629442,https://bythenumbersapp.com,canonical_product_url,1.0,https://github.com/lakey009/AI-Tools-List/blob/ccdff902d7e77774df46e66761e811ada4838ea1/AIToolsList.json,Unique normalized product URL after deterministic www/trailing-slash deduplication.
product,ai-tools-list:AIToolsList.json:823,intentsify,0c904fa1-498b-5c0f-9935-54d47ccf2623,https://intentsify.io,canonical_product_url,1.0,https://github.com/lakey009/AI-Tools-List/blob/ccdff902d7e77774df46e66761e811ada4838ea1/AIToolsList.json,Unique normalized product URL after deterministic www/trailing-slash deduplication.
product,ai-tools-list:AIToolsList.json:825,kowboykit-com,b4f48744-34f0-5551-9e4e-0f107937f60c,https://kowboykit.com,canonical_product_url,1.0,https://github.com/lakey009/AI-Tools-List/blob/ccdff902d7e77774df46e66761e811ada4838ea1/AIToolsList.json,Unique normalized product URL after deterministic www/trailing-slash deduplication.
product,ai-tools-list:AIToolsList.json:826,windsor,a62a326a-dafa-5c4b-b346-f51199fa8e35,https://windsor.io,canonical_product_url,1.0,https://github.com/lakey009/AI-Tools-List/blob/ccdff902d7e77774df46e66761e811ada4838ea1/AIToolsList.json,Unique normalized product URL after deterministic www/trailing-slash deduplication.
product,ai-tools-list:AIToolsList.json:827,keak,4bef3007-fc87-5ad5-bf03-9c388f6002b0,https://keak.com,canonical_product_url,1.0,https://github.com/lakey009/AI-Tools-List/blob/ccdff902d7e77774df46e66761e811ada4838ea1/AIToolsList.json,Unique normalized product URL after deterministic www/trailing-slash deduplication.
product,ai-tools-list:AIToolsList.json:828,kwrds-ai,2db3a503-4257-5a4c-b937-fab6fa0682af,https://kwrds.ai/affiliate,canonical_product_url,1.0,https://github.com/lakey009/AI-Tools-List/blob/ccdff902d7e77774df46e66761e811ada4838ea1/AIToolsList.json,Unique normalized product URL after deterministic www/trailing-slash deduplication.
product,ai-tools-list:AIToolsList.json:829,style-ai,09ebe052-0b74-5b06-8c81-f206f98e9248,https://usestyle.ai,canonical_product_url,1.0,https://github.com/lakey009/AI-Tools-List/blob/ccdff902d7e77774df46e66761e811ada4838ea1/AIToolsList.json,Unique normalized product URL after deterministic www/trailing-slash deduplication.
product,ai-tools-list:AIToolsList.json:830,koah,052b592e-b2ca-5062-b61d-ddd6dfe8b2e2,https://koahlabs.com,canonical_product_url,1.0,https://github.com/lakey009/AI-Tools-List/blob/ccdff902d7e77774df46e66761e811ada4838ea1/AIToolsList.json,Unique normalized product URL after deterministic www/trailing-slash deduplication.
product,ai-tools-list:AIToolsList.json:832,conduit-app,83b259c4-9737-5161-ad9e-e248ef090c47,https://getconduit.app,canonical_product_url,1.0,https://github.com/lakey009/AI-Tools-List/blob/ccdff902d7e77774df46e66761e811ada4838ea1/AIToolsList.json,Unique normalized product URL after deterministic www/trailing-slash deduplication.
product,ai-tools-list:AIToolsList.json:836,spatial,d36da177-8572-52a4-a6e3-e10b1c0596c7,https://www.spatial.ai,canonical_product_url,1.0,https://github.com/lakey009/AI-Tools-List/blob/ccdff902d7e77774df46e66761e811ada4838ea1/AIToolsList.json,Unique normalized product URL after deterministic www/trailing-slash deduplication.
product,ai-tools-list:AIToolsList.json:837,infiniteanalytics-com,f516f360-f54e-5527-8f22-eab2a4047336,https://infiniteanalytics.com,canonical_product_url,1.0,https://github.com/lakey009/AI-Tools-List/blob/ccdff902d7e77774df46e66761e811ada4838ea1/AIToolsList.json,Unique normalized product URL after deterministic www/trailing-slash deduplication.
product,ai-tools-list:AIToolsList.json:838,influensly,02acf6a3-2e6f-54f4-8850-2e881155405b,https://influensly.com,canonical_product_url,1.0,https://github.com/lakey009/AI-Tools-List/blob/ccdff902d7e77774df46e66761e811ada4838ea1/AIToolsList.json,Unique normalized product URL after deterministic www/trailing-slash deduplication.
product,ai-tools-list:AIToolsList.json:839,strique,76247aec-8dbb-56ee-a6cf-00b7ad8984e4,https://strique.io,canonical_product_url,1.0,https://github.com/lakey009/AI-Tools-List/blob/ccdff902d7e77774df46e66761e811ada4838ea1/AIToolsList.json,Unique normalized product URL after deterministic www/trailing-slash deduplication.
product,ai-tools-list:AIToolsList.json:840,gowit-retail-media-ads-platform,ed90ac87-873d-5c94-b60e-ea9d1660546d,https://gowit.com,canonical_product_url,1.0,https://github.com/lakey009/AI-Tools-List/blob/ccdff902d7e77774df46e66761e811ada4838ea1/AIToolsList.json,Unique normalized product URL after deterministic www/trailing-slash deduplication.
product,ai-tools-list:AIToolsList.json:841,heatseeker-ai,5ee6d1b1-dbb6-56c8-b2fd-d7aa0ddca4b8,https://heatseeker.ai,canonical_product_url,1.0,https://github.com/lakey009/AI-Tools-List/blob/ccdff902d7e77774df46e66761e811ada4838ea1/AIToolsList.json,Unique normalized product URL after deterministic www/trailing-slash deduplication.
product,ai-tools-list:AIToolsList.json:842,dappier-2-0,9a1c7408-28a8-5caf-89c4-da08735ef2d6,https://dappier.com,canonical_product_url,1.0,https://github.com/lakey009/AI-Tools-List/blob/ccdff902d7e77774df46e66761e811ada4838ea1/AIToolsList.json,Unique normalized product URL after deterministic www/trailing-slash deduplication.
product,ai-tools-list:AIToolsList.json:845,greenbids-ai,3c8b7e60-3c95-5bf0-b74e-337608a0e7a3,https://greenbids.ai,canonical_product_url,1.0,https://github.com/lakey009/AI-Tools-List/blob/ccdff902d7e77774df46e66761e811ada4838ea1/AIToolsList.json,Unique normalized product URL after deterministic www/trailing-slash deduplication.
product,ai-tools-list:AIToolsList.json:846,helloscribe,e346be79-06c0-5632-976b-09dd1b4d501c,https://helloscribe.ai,canonical_product_url,1.0,https://github.com/lakey009/AI-Tools-List/blob/ccdff902d7e77774df46e66761e811ada4838ea1/AIToolsList.json,Unique normalized product URL after deterministic www/trailing-slash deduplication.
product,ai-tools-list:AIToolsList.json:848,your-music-marketing,139dc946-b757-5890-80db-8088da6ee7b0,https://yourmusic.marketing,canonical_product_url,1.0,https://github.com/lakey009/AI-Tools-List/blob/ccdff902d7e77774df46e66761e811ada4838ea1/AIToolsList.json,Unique normalized product URL after deterministic www/trailing-slash deduplication.
product,ai-tools-list:AIToolsList.json:849,standard-ai,7bc289ff-baac-54b6-b05c-97fe232c0389,https://standard.ai,canonical_product_url,1.0,https://github.com/lakey009/AI-Tools-List/blob/ccdff902d7e77774df46e66761e811ada4838ea1/AIToolsList.json,Unique normalized product URL after deterministic www/trailing-slash deduplication.
product,ai-tools-list:AIToolsList.json:850,bluepear-brand-bidding-detection-tool,906e7ede-3137-525b-88f9-23698445c4f2,https://bluepear.net,canonical_product_url,1.0,https://github.com/lakey009/AI-Tools-List/blob/ccdff902d7e77774df46e66761e811ada4838ea1/AIToolsList.json,Unique normalized product URL after deterministic www/trailing-slash deduplication.
product,ai-tools-list:AIToolsList.json:853,culturepulse-x-reddit,ac68de44-fc65-50f7-8b85-b333caf2b328,https://culturepulse.ai,canonical_product_url,1.0,https://github.com/lakey009/AI-Tools-List/blob/ccdff902d7e77774df46e66761e811ada4838ea1/AIToolsList.json,Unique normalized product URL after deterministic www/trailing-slash deduplication.
product,ai-tools-list:AIToolsList.json:854,theineedgroup-co-uk,012315ab-446c-55be-a216-4eb9cbbcbac6,https://theineedgroup.co.uk,canonical_product_url,1.0,https://github.com/lakey009/AI-Tools-List/blob/ccdff902d7e77774df46e66761e811ada4838ea1/AIToolsList.json,Unique normalized product URL after deterministic www/trailing-slash deduplication.
product,ai-tools-list:AIToolsList.json:855,zeals-co-jp,f232c9fe-8eb3-510c-94e4-af4e9ec1ef94,https://zeals.co.jp,canonical_product_url,1.0,https://github.com/lakey009/AI-Tools-List/blob/ccdff902d7e77774df46e66761e811ada4838ea1/AIToolsList.json,Unique normalized product URL after deterministic www/trailing-slash deduplication.
product,ai-tools-list:AIToolsList.json:856,sitelifter-com,4e34cbb2-716c-5283-a427-3fac0d7e4aa0,https://sitelifter.com,canonical_product_url,1.0,https://github.com/lakey009/AI-Tools-List/blob/ccdff902d7e77774df46e66761e811ada4838ea1/AIToolsList.json,Unique normalized product URL after deterministic www/trailing-slash deduplication.
product,ai-tools-list:AIToolsList.json:857,spok,2394969c-d1ad-5efe-be4d-ab5a03d49c4d,https://www.spok.app,canonical_product_url,1.0,https://github.com/lakey009/AI-Tools-List/blob/ccdff902d7e77774df46e66761e811ada4838ea1/AIToolsList.json,Unique normalized product URL after deterministic www/trailing-slash deduplication.
product,ai-tools-list:AIToolsList.json:858,sellesta-com,21d67002-5476-5ea2-976c-70abca32ff1e,https://sellesta.com,canonical_product_url,1.0,https://github.com/lakey009/AI-Tools-List/blob/ccdff902d7e77774df46e66761e811ada4838ea1/AIToolsList.json,Unique normalized product URL after deterministic www/trailing-slash deduplication.
product,ai-tools-list:AIToolsList.json:859,algomo,5d013ab8-83e4-5977-9ef0-3be81ddc81ad,https://www.algomo.com,canonical_product_url,1.0,https://github.com/lakey009/AI-Tools-List/blob/ccdff902d7e77774df46e66761e811ada4838ea1/AIToolsList.json,Unique normalized product URL after deterministic www/trailing-slash deduplication.
product,ai-tools-list:AIToolsList.json:861,swayid,fcab1482-9159-5fb2-92c4-43994e1245a7,https://www.swayid.com,canonical_product_url,1.0,https://github.com/lakey009/AI-Tools-List/blob/ccdff902d7e77774df46e66761e811ada4838ea1/AIToolsList.json,Unique normalized product URL after deterministic www/trailing-slash deduplication.
product,ai-tools-list:AIToolsList.json:862,obviyo-com,2a9f1aaf-0b97-5c29-b502-8b420aef0987,https://obviyo.com,canonical_product_url,1.0,https://github.com/lakey009/AI-Tools-List/blob/ccdff902d7e77774df46e66761e811ada4838ea1/AIToolsList.json,Unique normalized product URL after deterministic www/trailing-slash deduplication.
product,ai-tools-list:AIToolsList.json:863,sounder-ai,0be0500b-b9fb-5eee-b9ab-5b462b2b6453,https://sounder.ai,canonical_product_url,1.0,https://github.com/lakey009/AI-Tools-List/blob/ccdff902d7e77774df46e66761e811ada4838ea1/AIToolsList.json,Unique normalized product URL after deterministic www/trailing-slash deduplication.
product,ai-tools-list:AIToolsList.json:866,quest-platform,3f59f873-b4f1-5f7d-a926-ba79da925d5d,https://www.questlabs.ai,canonical_product_url,1.0,https://github.com/lakey009/AI-Tools-List/blob/ccdff902d7e77774df46e66761e811ada4838ea1/AIToolsList.json,Unique normalized product URL after deterministic www/trailing-slash deduplication.
product,ai-tools-list:AIToolsList.json:867,db24,eb997739-33d2-5887-b221-2a9cb734eecc,https://db24.ai/intelligent-database-automation,canonical_product_url,1.0,https://github.com/lakey009/AI-Tools-List/blob/ccdff902d7e77774df46e66761e811ada4838ea1/AIToolsList.json,Unique normalized product URL after deterministic www/trailing-slash deduplication.
product,ai-tools-list:AIToolsList.json:868,trusted-clicks,19220e25-f411-567d-8908-1d17760664a9,https://trustedclicks.ai,canonical_product_url,1.0,https://github.com/lakey009/AI-Tools-List/blob/ccdff902d7e77774df46e66761e811ada4838ea1/AIToolsList.json,Unique normalized product URL after deterministic www/trailing-slash deduplication.
product,ai-tools-list:AIToolsList.json:869,getalfi-com,370c64ad-0d40-557f-b8d4-60f6c7f09529,https://getalfi.com,canonical_product_url,1.0,https://github.com/lakey009/AI-Tools-List/blob/ccdff902d7e77774df46e66761e811ada4838ea1/AIToolsList.json,Unique normalized product URL after deterministic www/trailing-slash deduplication.
product,ai-tools-list:AIToolsList.json:873,sponsor-stream,d74eb17e-e7fb-5f34-bae5-a1920d452855,https://www.sponsorstreamai.com,canonical_product_url,1.0,https://github.com/lakey009/AI-Tools-List/blob/ccdff902d7e77774df46e66761e811ada4838ea1/AIToolsList.json,Unique normalized product URL after deterministic www/trailing-slash deduplication.
product,ai-tools-list:AIToolsList.json:874,llmate,f9540e0f-cd11-5203-aadb-3df3b5d9a582,https://www.llmate.ai,canonical_product_url,1.0,https://github.com/lakey009/AI-Tools-List/blob/ccdff902d7e77774df46e66761e811ada4838ea1/AIToolsList.json,Unique normalized product URL after deterministic www/trailing-slash deduplication.
product,ai-tools-list:AIToolsList.json:875,ads4gpts,4db1c1c5-81f0-5d00-923d-00d15d020f10,https://ads4gpts.com,canonical_product_url,1.0,https://github.com/lakey009/AI-Tools-List/blob/ccdff902d7e77774df46e66761e811ada4838ea1/AIToolsList.json,Unique normalized product URL after deterministic www/trailing-slash deduplication.
product,ai-tools-list:AIToolsList.json:876,blue-bagels,541e8865-8427-5ac0-a6bf-d0e4ba27e6fe,https://bluebagels.com,canonical_product_url,1.0,https://github.com/lakey009/AI-Tools-List/blob/ccdff902d7e77774df46e66761e811ada4838ea1/AIToolsList.json,Unique normalized product URL after deterministic www/trailing-slash deduplication.
product,ai-tools-list:AIToolsList.json:877,pipedata-ai,add59c9b-ba05-5f24-8d02-5cec7f4f33b0,http://ai.pipedata.co,canonical_product_url,1.0,https://github.com/lakey009/AI-Tools-List/blob/ccdff902d7e77774df46e66761e811ada4838ea1/AIToolsList.json,Unique normalized product URL after deterministic www/trailing-slash deduplication.
product,ai-tools-list:AIToolsList.json:878,ad-personam-self-serve-dsp,78a9c337-97e6-5a2c-8c7f-a44cb1c74de4,https://www.adpersonam.io,canonical_product_url,1.0,https://github.com/lakey009/AI-Tools-List/blob/ccdff902d7e77774df46e66761e811ada4838ea1/AIToolsList.json,Unique normalized product URL after deterministic www/trailing-slash deduplication.
product,ai-tools-list:AIToolsList.json:882,relay-club,89508d8a-8d75-58aa-ac69-97ba21f3b715,https://relay.club,canonical_product_url,1.0,https://github.com/lakey009/AI-Tools-List/blob/ccdff902d7e77774df46e66761e811ada4838ea1/AIToolsList.json,Unique normalized product URL after deterministic www/trailing-slash deduplication.
product,ai-tools-list:AIToolsList.json:883,tradvo-com,402700ee-1fca-58ff-9120-5a640bc660a9,https://tradvo.com,canonical_product_url,1.0,https://github.com/lakey009/AI-Tools-List/blob/ccdff902d7e77774df46e66761e811ada4838ea1/AIToolsList.json,Unique normalized product URL after deterministic www/trailing-slash deduplication.
product,ai-tools-list:AIToolsList.json:885,appdron-chatgpt-dashboard,44001fcd-40e7-55be-99c1-c0f559f4e38d,https://appdron.com,canonical_product_url,1.0,https://github.com/lakey009/AI-Tools-List/blob/ccdff902d7e77774df46e66761e811ada4838ea1/AIToolsList.json,Unique normalized product URL after deterministic www/trailing-slash deduplication.
product,ai-tools-list:AIToolsList.json:887,viral-magic-ai,fa63ad63-bda7-5423-bf55-fabe8b671c05,https://viralmagic.ai,canonical_product_url,1.0,https://github.com/lakey009/AI-Tools-List/blob/ccdff902d7e77774df46e66761e811ada4838ea1/AIToolsList.json,Unique normalized product URL after deterministic www/trailing-slash deduplication.
product,ai-tools-list:AIToolsList.json:889,sphinx-mind,8a78736b-c912-58cf-9867-a0e0a2641d95,https://www.sphinxmind.com,canonical_product_url,1.0,https://github.com/lakey009/AI-Tools-List/blob/ccdff902d7e77774df46e66761e811ada4838ea1/AIToolsList.json,Unique normalized product URL after deterministic www/trailing-slash deduplication.
product,ai-tools-list:AIToolsList.json:890,v-retail,688047f8-a787-55c6-8c81-d167ed0940f7,https://www.vretail.space,canonical_product_url,1.0,https://github.com/lakey009/AI-Tools-List/blob/ccdff902d7e77774df46e66761e811ada4838ea1/AIToolsList.json,Unique normalized product URL after deterministic www/trailing-slash deduplication.
product,ai-tools-list:AIToolsList.json:891,archie-ai,cfc369a9-af39-5003-bf08-a4af652d5780,https://getarchie.ai,canonical_product_url,1.0,https://github.com/lakey009/AI-Tools-List/blob/ccdff902d7e77774df46e66761e811ada4838ea1/AIToolsList.json,Unique normalized product URL after deterministic www/trailing-slash deduplication.
product,ai-tools-list:AIToolsList.json:892,parallel,a04df5f6-eca4-5180-b156-c3dbcee80820,https://www.withparallel.ai,canonical_product_url,1.0,https://github.com/lakey009/AI-Tools-List/blob/ccdff902d7e77774df46e66761e811ada4838ea1/AIToolsList.json,Unique normalized product URL after deterministic www/trailing-slash deduplication.
product,ai-tools-list:AIToolsList.json:893,startupstudio-ai,b99898ec-2f61-5e33-84ef-6b3366076f0c,https://startupstudio-ai.com,canonical_product_url,1.0,https://github.com/lakey009/AI-Tools-List/blob/ccdff902d7e77774df46e66761e811ada4838ea1/AIToolsList.json,Unique normalized product URL after deterministic www/trailing-slash deduplication.
product,ai-tools-list:AIToolsList.json:894,adsync-ai-digital-marketing-solutions,bd785e2f-dcdd-5edb-b31d-864d582f2db1,https://www.adsyncmarketing.com,canonical_product_url,1.0,https://github.com/lakey009/AI-Tools-List/blob/ccdff902d7e77774df46e66761e811ada4838ea1/AIToolsList.json,Unique normalized product URL after deterministic www/trailing-slash deduplication.
product,ai-tools-list:AIToolsList.json:895,aiclassifiedhub-com,7d386ce4-c4f7-567d-88ce-b40b805864a3,https://aiclassifiedhub.com,canonical_product_url,1.0,https://github.com/lakey009/AI-Tools-List/blob/ccdff902d7e77774df46e66761e811ada4838ea1/AIToolsList.json,Unique normalized product URL after deterministic www/trailing-slash deduplication.
product,ai-tools-list:AIToolsList.json:897,adfonic-com,0eb62d55-f780-5741-851d-ea229331f34e,https://adfonic.com,canonical_product_url,1.0,https://github.com/lakey009/AI-Tools-List/blob/ccdff902d7e77774df46e66761e811ada4838ea1/AIToolsList.json,Unique normalized product URL after deterministic www/trailing-slash deduplication.
product,ai-tools-list:AIToolsList.json:898,ai-solutions-for-smes,a14c385c-28c5-5ba3-bc98-27feab20712a,https://tekhub.ai,canonical_product_url,1.0,https://github.com/lakey009/AI-Tools-List/blob/ccdff902d7e77774df46e66761e811ada4838ea1/AIToolsList.json,Unique normalized product URL after deterministic www/trailing-slash deduplication.
product,ai-tools-list:AIToolsList.json:899,adfixer,2c25b428-3972-5012-b847-58fe1c941462,https://adfixer.com,canonical_product_url,1.0,https://github.com/lakey009/AI-Tools-List/blob/ccdff902d7e77774df46e66761e811ada4838ea1/AIToolsList.json,Unique normalized product URL after deterministic www/trailing-slash deduplication.
product,ai-tools-list:AIToolsList.json:900,almeta-ml,0e43aafc-538d-5998-affd-0c2c613b36d2,https://almeta.cloud,canonical_product_url,1.0,https://github.com/lakey009/AI-Tools-List/blob/ccdff902d7e77774df46e66761e811ada4838ea1/AIToolsList.json,Unique normalized product URL after deterministic www/trailing-slash deduplication.
product,ai-tools-list:AIToolsList.json:901,og-ai,259a264c-c916-5102-856e-9eda08a1da0a,https://www.ogmarketing.ai,canonical_product_url,1.0,https://github.com/lakey009/AI-Tools-List/blob/ccdff902d7e77774df46e66761e811ada4838ea1/AIToolsList.json,Unique normalized product URL after deterministic www/trailing-slash deduplication.
product,ai-tools-list:AIToolsList.json:902,big-tech-company,05f0fb4d-25db-5b7b-9be8-bef2728c5635,https://www.bigtech.company,canonical_product_url,1.0,https://github.com/lakey009/AI-Tools-List/blob/ccdff902d7e77774df46e66761e811ada4838ea1/AIToolsList.json,Unique normalized product URL after deterministic www/trailing-slash deduplication.
product,ai-tools-list:AIToolsList.json:904,amplifiles,e719ceb3-09e0-5f9e-b2d0-b3190a8ea216,https://www.amplifiles.ai,canonical_product_url,1.0,https://github.com/lakey009/AI-Tools-List/blob/ccdff902d7e77774df46e66761e811ada4838ea1/AIToolsList.json,Unique normalized product URL after deterministic www/trailing-slash deduplication.
product,ai-tools-list:AIToolsList.json:905,lydo,a913dc6b-49b1-5bf9-968a-4696d41d8ca3,https://lydo.io,canonical_product_url,1.0,https://github.com/lakey009/AI-Tools-List/blob/ccdff902d7e77774df46e66761e811ada4838ea1/AIToolsList.json,Unique normalized product URL after deterministic www/trailing-slash deduplication.
product,ai-tools-list:AIToolsList.json:906,learn-prompting-pro,e84956ed-eed3-5e67-851a-85aee4fcb52f,https://learnprompting.pro,canonical_product_url,1.0,https://github.com/lakey009/AI-Tools-List/blob/ccdff902d7e77774df46e66761e811ada4838ea1/AIToolsList.json,Unique normalized product URL after deterministic www/trailing-slash deduplication.
product,ai-tools-list:AIToolsList.json:908,seo-content-assistant-by-searchatlas,626a0482-ad12-571f-bb34-4dd991ec3f20,https://dashboard.searchatlas.com/register,canonical_product_url,1.0,https://github.com/lakey009/AI-Tools-List/blob/ccdff902d7e77774df46e66761e811ada4838ea1/AIToolsList.json,Unique normalized product URL after deterministic www/trailing-slash deduplication.
product,ai-tools-list:AIToolsList.json:909,ai-commerce-content-platform-by-akool,48b995a1-f309-5551-a2bb-c3919a0cc708,https://akool.com,canonical_product_url,1.0,https://github.com/lakey009/AI-Tools-List/blob/ccdff902d7e77774df46e66761e811ada4838ea1/AIToolsList.json,Unique normalized product URL after deterministic www/trailing-slash deduplication.
product,ai-tools-list:AIToolsList.json:910,ceeya-ai,595c64de-7cc7-5b0a-b4c0-3b48b7ef8001,https://home.ceeya.io,canonical_product_url,1.0,https://github.com/lakey009/AI-Tools-List/blob/ccdff902d7e77774df46e66761e811ada4838ea1/AIToolsList.json,Unique normalized product URL after deterministic www/trailing-slash deduplication.
product,ai-tools-list:AIToolsList.json:911,neuwo,60a38c79-fb41-502f-b3bc-d0c2882849dd,https://neuwo.ai,canonical_product_url,1.0,https://github.com/lakey009/AI-Tools-List/blob/ccdff902d7e77774df46e66761e811ada4838ea1/AIToolsList.json,Unique normalized product URL after deterministic www/trailing-slash deduplication.
product,ai-tools-list:AIToolsList.json:912,quaffle,393363a1-0d1d-56a1-9292-920da9441c5b,https://www.quaffle.app,canonical_product_url,1.0,https://github.com/lakey009/AI-Tools-List/blob/ccdff902d7e77774df46e66761e811ada4838ea1/AIToolsList.json,Unique normalized product URL after deterministic www/trailing-slash deduplication.
product,ai-tools-list:AIToolsList.json:913,askmetric,3ee6baa9-44ee-5c83-a71e-033c8bfc7a7f,https://www.askmetric.com,canonical_product_url,1.0,https://github.com/lakey009/AI-Tools-List/blob/ccdff902d7e77774df46e66761e811ada4838ea1/AIToolsList.json,Unique normalized product URL after deterministic www/trailing-slash deduplication.
product,ai-tools-list:AIToolsList.json:914,treebrain-ai-for-shopify-amazon-fba,d658ec30-3222-5904-af2e-edb0d1bb2255,https://treebrain.ai,canonical_product_url,1.0,https://github.com/lakey009/AI-Tools-List/blob/ccdff902d7e77774df46e66761e811ada4838ea1/AIToolsList.json,Unique normalized product URL after deterministic www/trailing-slash deduplication.
product,ai-tools-list:AIToolsList.json:917,dezan-cc,d677c3ad-18eb-562d-81f0-56b38eecc6db,https://dezan.cc,canonical_product_url,1.0,https://github.com/lakey009/AI-Tools-List/blob/ccdff902d7e77774df46e66761e811ada4838ea1/AIToolsList.json,Unique normalized product URL after deterministic www/trailing-slash deduplication.
product,ai-tools-list:AIToolsList.json:918,dailyreach,db8cf3c3-2e9f-59d1-b724-10f433d1a776,https://dailyreach.co,canonical_product_url,1.0,https://github.com/lakey009/AI-Tools-List/blob/ccdff902d7e77774df46e66761e811ada4838ea1/AIToolsList.json,Unique normalized product URL after deterministic www/trailing-slash deduplication.
product,ai-tools-list:AIToolsList.json:919,netcapz,8dde1d84-1b2e-5583-b735-6c1da098b20f,https://netcapz.cloud,canonical_product_url,1.0,https://github.com/lakey009/AI-Tools-List/blob/ccdff902d7e77774df46e66761e811ada4838ea1/AIToolsList.json,Unique normalized product URL after deterministic www/trailing-slash deduplication.
product,ai-tools-list:AIToolsList.json:920,gotomarket-ai,81354022-15de-5dc8-a49e-42015f4a3fc6,https://www.gotomarket-ai.com,canonical_product_url,1.0,https://github.com/lakey009/AI-Tools-List/blob/ccdff902d7e77774df46e66761e811ada4838ea1/AIToolsList.json,Unique normalized product URL after deterministic www/trailing-slash deduplication.
product,ai-tools-list:AIToolsList.json:922,botads,c859ff40-5119-5ae2-a539-582742844f9a,https://botads.ai,canonical_product_url,1.0,https://github.com/lakey009/AI-Tools-List/blob/ccdff902d7e77774df46e66761e811ada4838ea1/AIToolsList.json,Unique normalized product URL after deterministic www/trailing-slash deduplication.
product,ai-tools-list:AIToolsList.json:923,biglypages,ff7f76f7-5e52-51cb-a91f-e8b0e8d1e16f,https://biglypage.com,canonical_product_url,1.0,https://github.com/lakey009/AI-Tools-List/blob/ccdff902d7e77774df46e66761e811ada4838ea1/AIToolsList.json,Unique normalized product URL after deterministic www/trailing-slash deduplication.
product,ai-tools-list:AIToolsList.json:925,giveawayai,6e9d3cfa-16ba-5da8-b56e-a5c9629a0357,https://giveawayai.org,canonical_product_url,1.0,https://github.com/lakey009/AI-Tools-List/blob/ccdff902d7e77774df46e66761e811ada4838ea1/AIToolsList.json,Unique normalized product URL after deterministic www/trailing-slash deduplication.
product,ai-tools-list:AIToolsList.json:927,ai-powered-digital-marketing,bbd5ff9e-f11f-5b66-8d77-d52e775fcb4c,https://aionomy.com,canonical_product_url,1.0,https://github.com/lakey009/AI-Tools-List/blob/ccdff902d7e77774df46e66761e811ada4838ea1/AIToolsList.json,Unique normalized product URL after deterministic www/trailing-slash deduplication.
product,ai-tools-list:AIToolsList.json:928,adintell,0f54e709-051e-50f1-be62-e045222eb86b,https://adintelli.ai,canonical_product_url,1.0,https://github.com/lakey009/AI-Tools-List/blob/ccdff902d7e77774df46e66761e811ada4838ea1/AIToolsList.json,Unique normalized product URL after deterministic www/trailing-slash deduplication.
product,ai-tools-list:AIToolsList.json:929,bearkd-com,032bbbd6-295b-56e1-9331-83d0edd90d86,https://bearkd.com,canonical_product_url,1.0,https://github.com/lakey009/AI-Tools-List/blob/ccdff902d7e77774df46e66761e811ada4838ea1/AIToolsList.json,Unique normalized product URL after deterministic www/trailing-slash deduplication.
product,ai-tools-list:AIToolsList.json:930,uniqin-ai,6e095a04-3b18-5870-bec3-fe543c09674c,https://uniqin.ai,canonical_product_url,1.0,https://github.com/lakey009/AI-Tools-List/blob/ccdff902d7e77774df46e66761e811ada4838ea1/AIToolsList.json,Unique normalized product URL after deterministic www/trailing-slash deduplication.
product,ai-tools-list:AIToolsList.json:931,gena,22190597-a71a-5877-9807-210d0cc15a43,https://gena.realpha.com,canonical_product_url,1.0,https://github.com/lakey009/AI-Tools-List/blob/ccdff902d7e77774df46e66761e811ada4838ea1/AIToolsList.json,Unique normalized product URL after deterministic www/trailing-slash deduplication.
product,ai-tools-list:AIToolsList.json:932,smartreply-ai,a00618d7-642f-51d5-9cc6-268b59d17979,https://www.inchargeads.com/smartreply-get-started,canonical_product_url,1.0,https://github.com/lakey009/AI-Tools-List/blob/ccdff902d7e77774df46e66761e811ada4838ea1/AIToolsList.json,Unique normalized product URL after deterministic www/trailing-slash deduplication.
product,ai-tools-list:AIToolsList.json:933,affmedios-com,49c24778-e30f-54c2-80e9-f581816045e0,https://affmedios.com,canonical_product_url,1.0,https://github.com/lakey009/AI-Tools-List/blob/ccdff902d7e77774df46e66761e811ada4838ea1/AIToolsList.json,Unique normalized product URL after deterministic www/trailing-slash deduplication.
product,ai-tools-list:AIToolsList.json:934,voyager1-ai,3840e061-b6dd-5d93-a86f-84dee83202e1,https://voyager1.ai,canonical_product_url,1.0,https://github.com/lakey009/AI-Tools-List/blob/ccdff902d7e77774df46e66761e811ada4838ea1/AIToolsList.json,Unique normalized product URL after deterministic www/trailing-slash deduplication.
product,ai-tools-list:AIToolsList.json:935,clickmoat,a7896cfa-f5e9-5a21-9bfb-aaf783f53efa,https://clickmoat.com,canonical_product_url,1.0,https://github.com/lakey009/AI-Tools-List/blob/ccdff902d7e77774df46e66761e811ada4838ea1/AIToolsList.json,Unique normalized product URL after deterministic www/trailing-slash deduplication.
product,ai-tools-list:AIToolsList.json:936,syntos-ai,1e107553-a366-5e5b-8326-798bcc327f4d,https://syntos.ai,canonical_product_url,1.0,https://github.com/lakey009/AI-Tools-List/blob/ccdff902d7e77774df46e66761e811ada4838ea1/AIToolsList.json,Unique normalized product URL after deterministic www/trailing-slash deduplication.
product,ai-tools-list:AIToolsList.json:937,ai-experts-top,edacdb34-c555-59b4-aa1f-e2090219ee53,https://aiexperts.top,canonical_product_url,1.0,https://github.com/lakey009/AI-Tools-List/blob/ccdff902d7e77774df46e66761e811ada4838ea1/AIToolsList.json,Unique normalized product URL after deterministic www/trailing-slash deduplication.
product,ai-tools-list:AIToolsList.json:938,dubbah-co,7739cb22-c6f3-57a1-a79f-010519317634,https://dubbah.co,canonical_product_url,1.0,https://github.com/lakey009/AI-Tools-List/blob/ccdff902d7e77774df46e66761e811ada4838ea1/AIToolsList.json,Unique normalized product URL after deterministic www/trailing-slash deduplication.
product,ai-tools-list:AIToolsList.json:940,orblitzz,9cb5319e-3ed3-5b36-8717-b1dfe822db10,https://orblitzz.com,canonical_product_url,1.0,https://github.com/lakey009/AI-Tools-List/blob/ccdff902d7e77774df46e66761e811ada4838ea1/AIToolsList.json,Unique normalized product URL after deterministic www/trailing-slash deduplication.
product,ai-tools-list:AIToolsList.json:941,heenok-brfly,1aac0ebb-0b1b-5ba9-b5cd-af607f8afa02,https://brfly.us,canonical_product_url,1.0,https://github.com/lakey009/AI-Tools-List/blob/ccdff902d7e77774df46e66761e811ada4838ea1/AIToolsList.json,Unique normalized product URL after deterministic www/trailing-slash deduplication.
product,ai-tools-list:AIToolsList.json:942,revmore,1aff98a3-420f-5fd5-8ea5-c072f17a833e,https://revmore.io,canonical_product_url,1.0,https://github.com/lakey009/AI-Tools-List/blob/ccdff902d7e77774df46e66761e811ada4838ea1/AIToolsList.json,Unique normalized product URL after deterministic www/trailing-slash deduplication.
product,ai-tools-list:AIToolsList.json:943,automateclips,14c9d74d-af92-5391-bd83-1f93e3db46db,https://www.automateclips.com,canonical_product_url,1.0,https://github.com/lakey009/AI-Tools-List/blob/ccdff902d7e77774df46e66761e811ada4838ea1/AIToolsList.json,Unique normalized product URL after deterministic www/trailing-slash deduplication.
product,ai-tools-list:AIToolsList.json:944,opulli,9090c3df-6e70-5154-bbf3-b7a5e1ed336b,https://www.opulli.com,canonical_product_url,1.0,https://github.com/lakey009/AI-Tools-List/blob/ccdff902d7e77774df46e66761e811ada4838ea1/AIToolsList.json,Unique normalized product URL after deterministic www/trailing-slash deduplication.
product,ai-tools-list:AIToolsList.json:945,raisen-org,05eb9144-e3e8-533a-9277-e25a35a91adf,https://raisen.org,canonical_product_url,1.0,https://github.com/lakey009/AI-Tools-List/blob/ccdff902d7e77774df46e66761e811ada4838ea1/AIToolsList.json,Unique normalized product URL after deterministic www/trailing-slash deduplication.
product,ai-tools-list:AIToolsList.json:946,sms-tactic,e12b9c6e-4cb4-54a7-9275-c0330a0baef4,https://link.smstactic.com/toolify,canonical_product_url,1.0,https://github.com/lakey009/AI-Tools-List/blob/ccdff902d7e77774df46e66761e811ada4838ea1/AIToolsList.json,Unique normalized product URL after deterministic www/trailing-slash deduplication.
product,ai-tools-list:AIToolsList.json:947,adlamp,2fd32029-8f8a-5a8d-af43-07659445a593,https://www.adlamp.co,canonical_product_url,1.0,https://github.com/lakey009/AI-Tools-List/blob/ccdff902d7e77774df46e66761e811ada4838ea1/AIToolsList.json,Unique normalized product URL after deterministic www/trailing-slash deduplication.
product,ai-tools-list:AIToolsList.json:949,mentionmaster,b03d8569-caf2-58f5-800c-6b7a70055dba,https://mentionmaster.net,canonical_product_url,1.0,https://github.com/lakey009/AI-Tools-List/blob/ccdff902d7e77774df46e66761e811ada4838ea1/AIToolsList.json,Unique normalized product URL after deterministic www/trailing-slash deduplication.
product,ai-tools-list:AIToolsList.json:950,grro,933d977f-136b-544a-93c7-37c7ee452a0d,https://grro.xyz,canonical_product_url,1.0,https://github.com/lakey009/AI-Tools-List/blob/ccdff902d7e77774df46e66761e811ada4838ea1/AIToolsList.json,Unique normalized product URL after deterministic www/trailing-slash deduplication.
product,ai-tools-list:AIToolsList.json:952,launchshortcut,a65eb5d6-0bfc-505c-b2a3-b4c4472f9c74,https://www.launchshortcut.com,canonical_product_url,1.0,https://github.com/lakey009/AI-Tools-List/blob/ccdff902d7e77774df46e66761e811ada4838ea1/AIToolsList.json,Unique normalized product URL after deterministic www/trailing-slash deduplication.
product,ai-tools-list:AIToolsList.json:953,its-bot,b4034542-33e7-51ae-98e1-17605e88f039,https://itsbot.ai,canonical_product_url,1.0,https://github.com/lakey009/AI-Tools-List/blob/ccdff902d7e77774df46e66761e811ada4838ea1/AIToolsList.json,Unique normalized product URL after deterministic www/trailing-slash deduplication.
product,ai-tools-list:AIToolsList.json:956,turbocomment,7a806382-73c0-5f73-a342-659c039cc50c,https://turbocomment.com,canonical_product_url,1.0,https://github.com/lakey009/AI-Tools-List/blob/ccdff902d7e77774df46e66761e811ada4838ea1/AIToolsList.json,Unique normalized product URL after deterministic www/trailing-slash deduplication.
product,ai-tools-list:AIToolsList.json:957,inpwrd-com,9c522c05-979d-5064-92eb-3c88142ee94c,https://inpwrd.com,canonical_product_url,1.0,https://github.com/lakey009/AI-Tools-List/blob/ccdff902d7e77774df46e66761e811ada4838ea1/AIToolsList.json,Unique normalized product URL after deterministic www/trailing-slash deduplication.
product,ai-tools-list:AIToolsList.json:958,metamuse,ec4e8389-96c7-5215-830a-44b86fe24139,https://metamuse.marketing,canonical_product_url,1.0,https://github.com/lakey009/AI-Tools-List/blob/ccdff902d7e77774df46e66761e811ada4838ea1/AIToolsList.json,Unique normalized product URL after deterministic www/trailing-slash deduplication.
product,ai-tools-list:AIToolsList.json:959,fyx-ai,b97afb89-f643-56c3-8419-d907aa8c79cb,https://fyx.ai,canonical_product_url,1.0,https://github.com/lakey009/AI-Tools-List/blob/ccdff902d7e77774df46e66761e811ada4838ea1/AIToolsList.json,Unique normalized product URL after deterministic www/trailing-slash deduplication.
product,ai-tools-list:AIToolsList.json:961,simba,f000d04c-a3f2-52fe-bbd4-93a42bf3b9a0,https://withsimba.com,canonical_product_url,1.0,https://github.com/lakey009/AI-Tools-List/blob/ccdff902d7e77774df46e66761e811ada4838ea1/AIToolsList.json,Unique normalized product URL after deterministic www/trailing-slash deduplication.
product,ai-tools-list:AIToolsList.json:962,proxy-booster,b0a1c208-5035-539b-97b2-c95373971cdb,https://proxybooster.net,canonical_product_url,1.0,https://github.com/lakey009/AI-Tools-List/blob/ccdff902d7e77774df46e66761e811ada4838ea1/AIToolsList.json,Unique normalized product URL after deterministic www/trailing-slash deduplication.
product,ai-tools-list:AIToolsList.json:963,hippomod,fa497193-c1ed-597a-b414-8f3b4390e0dd,https://hippomod.com,canonical_product_url,1.0,https://github.com/lakey009/AI-Tools-List/blob/ccdff902d7e77774df46e66761e811ada4838ea1/AIToolsList.json,Unique normalized product URL after deterministic www/trailing-slash deduplication.
product,ai-tools-list:AIToolsList.json:964,genvibe-ai,fb1c4d17-cf00-5ab8-8cdc-530b7b59ac8f,https://genvibeai.com,canonical_product_url,1.0,https://github.com/lakey009/AI-Tools-List/blob/ccdff902d7e77774df46e66761e811ada4838ea1/AIToolsList.json,Unique normalized product URL after deterministic www/trailing-slash deduplication.
product,ai-tools-list:AIToolsList.json:965,askppc,45ee625a-200c-5b0a-b4a2-e5d224daed0d,https://askppc.net,canonical_product_url,1.0,https://github.com/lakey009/AI-Tools-List/blob/ccdff902d7e77774df46e66761e811ada4838ea1/AIToolsList.json,Unique normalized product URL after deterministic www/trailing-slash deduplication.
product,ai-tools-list:AIToolsList.json:966,promast,3ee7c04c-f3c1-5c29-9398-84363daa0c32,https://www.x-plus.vip,canonical_product_url,1.0,https://github.com/lakey009/AI-Tools-List/blob/ccdff902d7e77774df46e66761e811ada4838ea1/AIToolsList.json,Unique normalized product URL after deterministic www/trailing-slash deduplication.
product,ai-tools-list:AIToolsList.json:968,banrboard,d6cdfe24-aa51-560d-91d9-2cf44a348376,https://banrboard.com,canonical_product_url,1.0,https://github.com/lakey009/AI-Tools-List/blob/ccdff902d7e77774df46e66761e811ada4838ea1/AIToolsList.json,Unique normalized product URL after deterministic www/trailing-slash deduplication.
product,ai-tools-list:AIToolsList.json:969,admentary,2b2f704c-dfe1-5877-85ab-9f397f696665,https://www.admentary.com,canonical_product_url,1.0,https://github.com/lakey009/AI-Tools-List/blob/ccdff902d7e77774df46e66761e811ada4838ea1/AIToolsList.json,Unique normalized product URL after deterministic www/trailing-slash deduplication.
product,ai-tools-list:AIToolsList.json:970,smartwebi,ffd6040f-3c92-5093-bcba-98033ca412d0,https://smartwebi.in,canonical_product_url,1.0,https://github.com/lakey009/AI-Tools-List/blob/ccdff902d7e77774df46e66761e811ada4838ea1/AIToolsList.json,Unique normalized product URL after deterministic www/trailing-slash deduplication.
product,ai-tools-list:AIToolsList.json:971,lovable-games,2713aabf-7e99-5ac2-9fa1-c511cd6e17aa,https://lovablegames.com,canonical_product_url,1.0,https://github.com/lakey009/AI-Tools-List/blob/ccdff902d7e77774df46e66761e811ada4838ea1/AIToolsList.json,Unique normalized product URL after deterministic www/trailing-slash deduplication.
product,ai-tools-list:AIToolsList.json:973,hypebridge,c027f9a9-c357-5787-8ae9-d83d0c62c91d,https://thehypebridge.com,canonical_product_url,1.0,https://github.com/lakey009/AI-Tools-List/blob/ccdff902d7e77774df46e66761e811ada4838ea1/AIToolsList.json,Unique normalized product URL after deterministic www/trailing-slash deduplication.
product,ai-tools-list:AIToolsList.json:974,agentmark,08f3f9f8-5bd1-5771-99f9-590087e1ca3b,https://agentmark.ai,canonical_product_url,1.0,https://github.com/lakey009/AI-Tools-List/blob/ccdff902d7e77774df46e66761e811ada4838ea1/AIToolsList.json,Unique normalized product URL after deterministic www/trailing-slash deduplication.
product,ai-tools-list:AIToolsList.json:975,head-ai-alpha,31478844-b612-594e-b0d1-4b39cd08c087,https://headai.io,canonical_product_url,1.0,https://github.com/lakey009/AI-Tools-List/blob/ccdff902d7e77774df46e66761e811ada4838ea1/AIToolsList.json,Unique normalized product URL after deterministic www/trailing-slash deduplication.
product,ai-tools-list:AIToolsList.json:977,joylink,574cec33-d3c9-55d1-977b-2ae41d7e234c,https://joylink.io,canonical_product_url,1.0,https://github.com/lakey009/AI-Tools-List/blob/ccdff902d7e77774df46e66761e811ada4838ea1/AIToolsList.json,Unique normalized product URL after deterministic www/trailing-slash deduplication.
product,ai-tools-list:AIToolsList.json:978,syllaby,abf6044e-b909-5a92-a373-102f43170216,https://syllaby.io,canonical_product_url,1.0,https://github.com/lakey009/AI-Tools-List/blob/ccdff902d7e77774df46e66761e811ada4838ea1/AIToolsList.json,Unique normalized product URL after deterministic www/trailing-slash deduplication.
product,ai-tools-list:AIToolsList.json:979,dittin-ai,5e3714cf-db4e-582d-a223-1f96188bc079,https://dittin.ai,canonical_product_url,1.0,https://github.com/lakey009/AI-Tools-List/blob/ccdff902d7e77774df46e66761e811ada4838ea1/AIToolsList.json,Unique normalized product URL after deterministic www/trailing-slash deduplication.
product,ai-tools-list:AIToolsList.json:981,dreamlike-art,109783b9-bc98-51c4-8c6f-7f7d9002ade1,https://lnpfog9tzw.lemonsqueezy.com,canonical_product_url,1.0,https://github.com/lakey009/AI-Tools-List/blob/ccdff902d7e77774df46e66761e811ada4838ea1/AIToolsList.json,Unique normalized product URL after deterministic www/trailing-slash deduplication.
product,ai-tools-list:AIToolsList.json:982,aijourney,dbeeb48d-a469-50cd-9c52-0db249720c15,https://aijourney.so,canonical_product_url,1.0,https://github.com/lakey009/AI-Tools-List/blob/ccdff902d7e77774df46e66761e811ada4838ea1/AIToolsList.json,Unique normalized product URL after deterministic www/trailing-slash deduplication.
product,ai-tools-list:AIToolsList.json:984,chatgpt-toolbox,77a377c1-a3e5-55ae-a4b0-e73c1b55b0f1,https://ai-toolbox.co,canonical_product_url,1.0,https://github.com/lakey009/AI-Tools-List/blob/ccdff902d7e77774df46e66761e811ada4838ea1/AIToolsList.json,Unique normalized product URL after deterministic www/trailing-slash deduplication.
product,ai-tools-list:AIToolsList.json:987,swifty,34bfc81e-11ba-54d5-b90a-6614dc6c345e,https://www.swifty.so,canonical_product_url,1.0,https://github.com/lakey009/AI-Tools-List/blob/ccdff902d7e77774df46e66761e811ada4838ea1/AIToolsList.json,Unique normalized product URL after deterministic www/trailing-slash deduplication.
product,ai-tools-list:AIToolsList.json:988,evolup,b09118f3-b7e0-546f-bf56-8c71c6540c37,https://evolup.com,canonical_product_url,1.0,https://github.com/lakey009/AI-Tools-List/blob/ccdff902d7e77774df46e66761e811ada4838ea1/AIToolsList.json,Unique normalized product URL after deterministic www/trailing-slash deduplication.
product,ai-tools-list:AIToolsList.json:990,affistash-com,8ddb7994-597b-5de7-a6ae-7a0dbc78d99e,https://affistash.com,canonical_product_url,1.0,https://github.com/lakey009/AI-Tools-List/blob/ccdff902d7e77774df46e66761e811ada4838ea1/AIToolsList.json,Unique normalized product URL after deterministic www/trailing-slash deduplication.
product,ai-tools-list:AIToolsList.json:992,deepmode-ai,bb613b46-4806-59c5-b5dd-1e143cbb496c,https://deepmode.ai,canonical_product_url,1.0,https://github.com/lakey009/AI-Tools-List/blob/ccdff902d7e77774df46e66761e811ada4838ea1/AIToolsList.json,Unique normalized product URL after deterministic www/trailing-slash deduplication.
product,ai-tools-list:AIToolsList.json:993,deeto,67c30ca0-0977-5deb-bc66-51264564a358,https://www.deeto.ai,canonical_product_url,1.0,https://github.com/lakey009/AI-Tools-List/blob/ccdff902d7e77774df46e66761e811ada4838ea1/AIToolsList.json,Unique normalized product URL after deterministic www/trailing-slash deduplication.
product,ai-tools-list:AIToolsList.json:994,rize-capital,cfc3b000-5386-55c3-9e7f-5515881def08,https://rize.capital,canonical_product_url,1.0,https://github.com/lakey009/AI-Tools-List/blob/ccdff902d7e77774df46e66761e811ada4838ea1/AIToolsList.json,Unique normalized product URL after deterministic www/trailing-slash deduplication.
product,ai-tools-list:AIToolsList.json:995,trend-ai-tools,a843ce6a-4db4-54e6-861e-6b1b5c4a02db,https://trendaitools.com,canonical_product_url,1.0,https://github.com/lakey009/AI-Tools-List/blob/ccdff902d7e77774df46e66761e811ada4838ea1/AIToolsList.json,Unique normalized product URL after deterministic www/trailing-slash deduplication.
product,ai-tools-list:AIToolsList.json:997,norby-ai,c23e0ed1-9c5e-53d0-8fde-5a5b1db5d69b,https://chat.norby.io/signup,canonical_product_url,1.0,https://github.com/lakey009/AI-Tools-List/blob/ccdff902d7e77774df46e66761e811ada4838ea1/AIToolsList.json,Unique normalized product URL after deterministic www/trailing-slash deduplication.
product,ai-tools-list:AIToolsList.json:999,dawn,0cb57eeb-af01-598d-b1f6-5344b8449961,https://www.dawnaistudy.com,canonical_product_url,1.0,https://github.com/lakey009/AI-Tools-List/blob/ccdff902d7e77774df46e66761e811ada4838ea1/AIToolsList.json,Unique normalized product URL after deterministic www/trailing-slash deduplication.
product,ai-tools-list:AIToolsList.json:1000,heartstring-ai,b851b85b-011e-5c53-9d91-cad07f74febf,https://heartstring.ai,canonical_product_url,1.0,https://github.com/lakey009/AI-Tools-List/blob/ccdff902d7e77774df46e66761e811ada4838ea1/AIToolsList.json,Unique normalized product URL after deterministic www/trailing-slash deduplication.
product,ai-tools-list:AIToolsList.json:1001,voqul-io,9acea0fb-b417-5c14-8b4d-ecf3fce1c201,https://voqul.io,canonical_product_url,1.0,https://github.com/lakey009/AI-Tools-List/blob/ccdff902d7e77774df46e66761e811ada4838ea1/AIToolsList.json,Unique normalized product URL after deterministic www/trailing-slash deduplication.
product,ai-tools-list:AIToolsList.json:1003,product-fetcher,cca097d6-da95-5b85-8694-f447965a30f9,https://product-fetcher.com,canonical_product_url,1.0,https://github.com/lakey009/AI-Tools-List/blob/ccdff902d7e77774df46e66761e811ada4838ea1/AIToolsList.json,Unique normalized product URL after deterministic www/trailing-slash deduplication.
product,ai-tools-list:AIToolsList.json:1004,smsgenius,2efcfc6d-8d05-53af-8cf2-601b7cfea53f,https://www.smsgenius.io,canonical_product_url,1.0,https://github.com/lakey009/AI-Tools-List/blob/ccdff902d7e77774df46e66761e811ada4838ea1/AIToolsList.json,Unique normalized product URL after deterministic www/trailing-slash deduplication.
product,ai-tools-list:AIToolsList.json:1006,aiwriter-fi,844ceaec-2cec-5653-88b6-a898e4198df3,https://saas.aiwriter.fi,canonical_product_url,1.0,https://github.com/lakey009/AI-Tools-List/blob/ccdff902d7e77774df46e66761e811ada4838ea1/AIToolsList.json,Unique normalized product URL after deterministic www/trailing-slash deduplication.
product,ai-tools-list:AIToolsList.json:1007,interaxai,5e7bc5dc-4949-5335-b54a-147f55f8214c,https://interaxai.com/pricing,canonical_product_url,1.0,https://github.com/lakey009/AI-Tools-List/blob/ccdff902d7e77774df46e66761e811ada4838ea1/AIToolsList.json,Unique normalized product URL after deterministic www/trailing-slash deduplication.
product,ai-tools-list:AIToolsList.json:1009,stocked-picks,b08111f6-953a-566b-8022-9d0d8a9edbf2,https://www.stockedai.com,canonical_product_url,1.0,https://github.com/lakey009/AI-Tools-List/blob/ccdff902d7e77774df46e66761e811ada4838ea1/AIToolsList.json,Unique normalized product URL after deterministic www/trailing-slash deduplication.
product,ai-tools-list:AIToolsList.json:1010,smart-gift-ai,beb5ca56-19e9-5ad7-9712-9524db807058,https://smartgiftai.com,canonical_product_url,1.0,https://github.com/lakey009/AI-Tools-List/blob/ccdff902d7e77774df46e66761e811ada4838ea1/AIToolsList.json,Unique normalized product URL after deterministic www/trailing-slash deduplication.
product,ai-tools-list:AIToolsList.json:1012,aimagicstudio,47246ec7-4117-5aad-9cf2-af2772930f86,https://warriorplus.com/o2/a/s835kmd/0,canonical_product_url,1.0,https://github.com/lakey009/AI-Tools-List/blob/ccdff902d7e77774df46e66761e811ada4838ea1/AIToolsList.json,Unique normalized product URL after deterministic www/trailing-slash deduplication.
product,ai-tools-list:AIToolsList.json:1014,fenpost,6f16fba1-f63a-5aac-9468-8ff8327a4740,https://www.fenpost.com,canonical_product_url,1.0,https://github.com/lakey009/AI-Tools-List/blob/ccdff902d7e77774df46e66761e811ada4838ea1/AIToolsList.json,Unique normalized product URL after deterministic www/trailing-slash deduplication.
product,ai-tools-list:AIToolsList.json:1015,mobirest-pos,c9de5ebe-43b4-584c-bf99-7c3a6caa215c,https://mobirest.business,canonical_product_url,1.0,https://github.com/lakey009/AI-Tools-List/blob/ccdff902d7e77774df46e66761e811ada4838ea1/AIToolsList.json,Unique normalized product URL after deterministic www/trailing-slash deduplication.
product,ai-tools-list:AIToolsList.json:1017,monokit,9d83ec1e-a122-5f10-b985-13ae024d1aae,https://monokit.dev,canonical_product_url,1.0,https://github.com/lakey009/AI-Tools-List/blob/ccdff902d7e77774df46e66761e811ada4838ea1/AIToolsList.json,Unique normalized product URL after deterministic www/trailing-slash deduplication.
product,ai-tools-list:AIToolsList.json:1018,cloud-store-ai-smart-shopping-api,7174568e-3241-59a4-a6d9-f70692e3f94a,https://www.nubestore.ai,canonical_product_url,1.0,https://github.com/lakey009/AI-Tools-List/blob/ccdff902d7e77774df46e66761e811ada4838ea1/AIToolsList.json,Unique normalized product URL after deterministic www/trailing-slash deduplication.
product,ai-tools-list:AIToolsList.json:1020,productblueprint-ai,b3828e3e-c8e8-54e1-9c7c-41437aba402f,https://productblueprint.ai,canonical_product_url,1.0,https://github.com/lakey009/AI-Tools-List/blob/ccdff902d7e77774df46e66761e811ada4838ea1/AIToolsList.json,Unique normalized product URL after deterministic www/trailing-slash deduplication.
product,ai-tools-list:AIToolsList.json:1022,textart-ai-legible-text-image-generator,ad5a2969-82fc-5f89-960e-52794cbae753,https://textartai.com,canonical_product_url,1.0,https://github.com/lakey009/AI-Tools-List/blob/ccdff902d7e77774df46e66761e811ada4838ea1/AIToolsList.json,Unique normalized product URL after deterministic www/trailing-slash deduplication.
product,ai-tools-list:AIToolsList.json:1023,rankpress-io,0da0d5e7-2365-552f-8926-07b2097cee51,https://rankpress.io,canonical_product_url,1.0,https://github.com/lakey009/AI-Tools-List/blob/ccdff902d7e77774df46e66761e811ada4838ea1/AIToolsList.json,Unique normalized product URL after deterministic www/trailing-slash deduplication.
product,ai-tools-list:AIToolsList.json:1024,krecicki,cc88442d-23c0-5be6-b023-5cbb68ae4751,https://krecicki.com,canonical_product_url,1.0,https://github.com/lakey009/AI-Tools-List/blob/ccdff902d7e77774df46e66761e811ada4838ea1/AIToolsList.json,Unique normalized product URL after deterministic www/trailing-slash deduplication.
product,ai-tools-list:AIToolsList.json:1026,heavier,64ff606c-834d-5dec-ac8c-0c61ba5ec59c,https://heavier.io,canonical_product_url,1.0,https://github.com/lakey009/AI-Tools-List/blob/ccdff902d7e77774df46e66761e811ada4838ea1/AIToolsList.json,Unique normalized product URL after deterministic www/trailing-slash deduplication.
product,ai-tools-list:AIToolsList.json:1027,buzzbonus,1d07e0a0-cad6-5689-bb06-12520491684c,https://buzzbonus.tech,canonical_product_url,1.0,https://github.com/lakey009/AI-Tools-List/blob/ccdff902d7e77774df46e66761e811ada4838ea1/AIToolsList.json,Unique normalized product URL after deterministic www/trailing-slash deduplication.
product,ai-tools-list:AIToolsList.json:1028,justblog-ai,b38fa402-6cc5-540e-a3f3-a7c6affd2f2e,https://justblog.ai,canonical_product_url,1.0,https://github.com/lakey009/AI-Tools-List/blob/ccdff902d7e77774df46e66761e811ada4838ea1/AIToolsList.json,Unique normalized product URL after deterministic www/trailing-slash deduplication.
product,ai-tools-list:AIToolsList.json:1030,mealforme,6bf8bbff-e9f6-567f-bd4a-d1a5fcfb3401,https://mealforme.io,canonical_product_url,1.0,https://github.com/lakey009/AI-Tools-List/blob/ccdff902d7e77774df46e66761e811ada4838ea1/AIToolsList.json,Unique normalized product URL after deterministic www/trailing-slash deduplication.
product,ai-tools-list:AIToolsList.json:1031,jocondeai,c342f436-0eff-539c-b10d-b77adaf53a85,https://jocondeai.com,canonical_product_url,1.0,https://github.com/lakey009/AI-Tools-List/blob/ccdff902d7e77774df46e66761e811ada4838ea1/AIToolsList.json,Unique normalized product URL after deterministic www/trailing-slash deduplication.
product,ai-tools-list:AIToolsList.json:1033,linksafari,0118c9ab-5338-5848-a185-1f74931a9e6f,https://linksafari.com,canonical_product_url,1.0,https://github.com/lakey009/AI-Tools-List/blob/ccdff902d7e77774df46e66761e811ada4838ea1/AIToolsList.json,Unique normalized product URL after deterministic www/trailing-slash deduplication.
product,ai-tools-list:AIToolsList.json:1035,humanlike-writer,70dd702c-40f2-51f0-9991-85457f9e3247,https://humanlikewriter.com,canonical_product_url,1.0,https://github.com/lakey009/AI-Tools-List/blob/ccdff902d7e77774df46e66761e811ada4838ea1/AIToolsList.json,Unique normalized product URL after deterministic www/trailing-slash deduplication.
product,ai-tools-list:AIToolsList.json:1037,swapfaces-ai,21fbac11-31f4-50e4-bf86-495a721929ae,https://www.swapfaces.ai,canonical_product_url,1.0,https://github.com/lakey009/AI-Tools-List/blob/ccdff902d7e77774df46e66761e811ada4838ea1/AIToolsList.json,Unique normalized product URL after deterministic www/trailing-slash deduplication.
product,ai-tools-list:AIToolsList.json:1039,heyphoto,e77886a8-5552-58c5-b765-d5a7e91edbc5,https://hey-photo.com,canonical_product_url,1.0,https://github.com/lakey009/AI-Tools-List/blob/ccdff902d7e77774df46e66761e811ada4838ea1/AIToolsList.json,Unique normalized product URL after deterministic www/trailing-slash deduplication.
product,ai-tools-list:AIToolsList.json:1040,extrapolate,d4b5ab5a-e360-539f-9a10-03a5a58bbbf1,https://extrapolate.app,canonical_product_url,1.0,https://github.com/lakey009/AI-Tools-List/blob/ccdff902d7e77774df46e66761e811ada4838ea1/AIToolsList.json,Unique normalized product URL after deterministic www/trailing-slash deduplication.
product,ai-tools-list:AIToolsList.json:1041,ourbabyai,6204e4af-aa1e-5241-aeb9-4069ad92014d,https://ourbabyai.com,canonical_product_url,1.0,https://github.com/lakey009/AI-Tools-List/blob/ccdff902d7e77774df46e66761e811ada4838ea1/AIToolsList.json,Unique normalized product URL after deterministic www/trailing-slash deduplication.
product,ai-tools-list:AIToolsList.json:1043,face-gpt,e5035b7a-cf3b-5608-9928-e5b23e312e34,https://facegpt.me,canonical_product_url,1.0,https://github.com/lakey009/AI-Tools-List/blob/ccdff902d7e77774df46e66761e811ada4838ea1/AIToolsList.json,Unique normalized product URL after deterministic www/trailing-slash deduplication.
product,ai-tools-list:AIToolsList.json:1045,photolapse-ai,8b13cf1f-1d94-5b6e-9cfa-731c02bb8451,https://photolapseai.com,canonical_product_url,1.0,https://github.com/lakey009/AI-Tools-List/blob/ccdff902d7e77774df46e66761e811ada4838ea1/AIToolsList.json,Unique normalized product URL after deterministic www/trailing-slash deduplication.
product,ai-tools-list:AIToolsList.json:1046,facestyler-ai,9898fa8e-f884-552c-9a8a-4e45796d8c5b,https://www.facestyler.net,canonical_product_url,1.0,https://github.com/lakey009/AI-Tools-List/blob/ccdff902d7e77774df46e66761e811ada4838ea1/AIToolsList.json,Unique normalized product URL after deterministic www/trailing-slash deduplication.
product,ai-tools-list:AIToolsList.json:1047,force-com,a96bbf1b-40a5-5acb-a763-d37c2b9fdda0,https://force.com,canonical_product_url,1.0,https://github.com/lakey009/AI-Tools-List/blob/ccdff902d7e77774df46e66761e811ada4838ea1/AIToolsList.json,Unique normalized product URL after deterministic www/trailing-slash deduplication.
product,ai-tools-list:AIToolsList.json:1048,jotform-ai-agents,6301cdbb-d557-58b8-8cc0-131b99d06e1f,https://link.jotform.com/toolify-OiGSs9MnIi,canonical_product_url,1.0,https://github.com/lakey009/AI-Tools-List/blob/ccdff902d7e77774df46e66761e811ada4838ea1/AIToolsList.json,Unique normalized product URL after deterministic www/trailing-slash deduplication.
product,ai-tools-list:AIToolsList.json:1050,manus,cafbed62-6301-523c-8730-b8c8eb1f1ec9,https://manus.im,canonical_product_url,1.0,https://github.com/lakey009/AI-Tools-List/blob/ccdff902d7e77774df46e66761e811ada4838ea1/AIToolsList.json,Unique normalized product URL after deterministic www/trailing-slash deduplication.
product,ai-tools-list:AIToolsList.json:1051,blackbox-ai-1,0a77719a-555c-582a-8e7d-e605dbb09e08,https://www.blackbox.ai,canonical_product_url,1.0,https://github.com/lakey009/AI-Tools-List/blob/ccdff902d7e77774df46e66761e811ada4838ea1/AIToolsList.json,Unique normalized product URL after deterministic www/trailing-slash deduplication.
product,ai-tools-list:AIToolsList.json:1052,claude-3,40ed971c-a378-5170-b51e-0be1c0fe5aab,https://www.anthropic.com/claude,canonical_product_url,1.0,https://github.com/lakey009/AI-Tools-List/blob/ccdff902d7e77774df46e66761e811ada4838ea1/AIToolsList.json,Unique normalized product URL after deterministic www/trailing-slash deduplication.
product,ai-tools-list:AIToolsList.json:1053,replit,a6d0cbc6-1908-558a-8545-1eafd02418f7,https://replit.com,canonical_product_url,1.0,https://github.com/lakey009/AI-Tools-List/blob/ccdff902d7e77774df46e66761e811ada4838ea1/AIToolsList.json,Unique normalized product URL after deterministic www/trailing-slash deduplication.
product,ai-tools-list:AIToolsList.json:1054,zapier-com,89452bfc-93ba-51cd-8f2f-9e97a3fbaed3,https://zapier.com,canonical_product_url,1.0,https://github.com/lakey009/AI-Tools-List/blob/ccdff902d7e77774df46e66761e811ada4838ea1/AIToolsList.json,Unique normalized product URL after deterministic www/trailing-slash deduplication.
product,ai-tools-list:AIToolsList.json:1055,otter-ai,6db763d6-8e52-574b-ae13-23ccfbe8bd44,https://otter.ai/referrals/X6YW9FRA,canonical_product_url,1.0,https://github.com/lakey009/AI-Tools-List/blob/ccdff902d7e77774df46e66761e811ada4838ea1/AIToolsList.json,Unique normalized product URL after deterministic www/trailing-slash deduplication.
product,ai-tools-list:AIToolsList.json:1056,扣子,e875580a-1548-5b23-8993-bf170e46ef66,https://www.coze.cn,canonical_product_url,1.0,https://github.com/lakey009/AI-Tools-List/blob/ccdff902d7e77774df46e66761e811ada4838ea1/AIToolsList.json,Unique normalized product URL after deterministic www/trailing-slash deduplication.
product,ai-tools-list:AIToolsList.json:1057,windsurf,ffabf511-6c8f-5208-9da3-bc9c140f9555,https://windsurf.com,canonical_product_url,1.0,https://github.com/lakey009/AI-Tools-List/blob/ccdff902d7e77774df46e66761e811ada4838ea1/AIToolsList.json,Unique normalized product URL after deterministic www/trailing-slash deduplication.
product,ai-tools-list:AIToolsList.json:1058,intercom-com,05d4ca20-bf72-56d5-84bd-57de461aa032,https://intercom.com,canonical_product_url,1.0,https://github.com/lakey009/AI-Tools-List/blob/ccdff902d7e77774df46e66761e811ada4838ea1/AIToolsList.json,Unique normalized product URL after deterministic www/trailing-slash deduplication.
product,ai-tools-list:AIToolsList.json:1059,abacus-ai,d04c1ec5-43a5-5a85-911b-6296f056bbb4,https://abacus.ai,canonical_product_url,1.0,https://github.com/lakey009/AI-Tools-List/blob/ccdff902d7e77774df46e66761e811ada4838ea1/AIToolsList.json,Unique normalized product URL after deterministic www/trailing-slash deduplication.
product,ai-tools-list:AIToolsList.json:1060,venice-ai,5a39283c-0be8-53dd-b804-832ad650eabe,https://venice.ai,canonical_product_url,1.0,https://github.com/lakey009/AI-Tools-List/blob/ccdff902d7e77774df46e66761e811ada4838ea1/AIToolsList.json,Unique normalized product URL after deterministic www/trailing-slash deduplication.
product,ai-tools-list:AIToolsList.json:1061,chatglm-cn,4f552a4b-4221-5bf7-9477-be8738321659,https://chatglm.cn,canonical_product_url,1.0,https://github.com/lakey009/AI-Tools-List/blob/ccdff902d7e77774df46e66761e811ada4838ea1/AIToolsList.json,Unique normalized product URL after deterministic www/trailing-slash deduplication.
product,ai-tools-list:AIToolsList.json:1062,dify-ai,b002ed33-7f60-508b-9a39-f3862b174626,https://dify.ai,canonical_product_url,1.0,https://github.com/lakey009/AI-Tools-List/blob/ccdff902d7e77774df46e66761e811ada4838ea1/AIToolsList.json,Unique normalized product URL after deterministic www/trailing-slash deduplication.
product,ai-tools-list:AIToolsList.json:1063,prompts,b73b6a86-52d0-5d3c-a761-fbf6df69ca34,https://wandb.ai,canonical_product_url,1.0,https://github.com/lakey009/AI-Tools-List/blob/ccdff902d7e77774df46e66761e811ada4838ea1/AIToolsList.json,Unique normalized product URL after deterministic www/trailing-slash deduplication.
product,ai-tools-list:AIToolsList.json:1064,gorgias,88a0e760-be76-5fc9-8834-dd474f029672,https://www.gorgias.com,canonical_product_url,1.0,https://github.com/lakey009/AI-Tools-List/blob/ccdff902d7e77774df46e66761e811ada4838ea1/AIToolsList.json,Unique normalized product URL after deterministic www/trailing-slash deduplication.
product,ai-tools-list:AIToolsList.json:1065,xoul-ai,e2e75868-b3a4-50d8-b7d7-9c22c55274a0,https://xoul.ai,canonical_product_url,1.0,https://github.com/lakey009/AI-Tools-List/blob/ccdff902d7e77774df46e66761e811ada4838ea1/AIToolsList.json,Unique normalized product URL after deterministic www/trailing-slash deduplication.
product,ai-tools-list:AIToolsList.json:1066,openphone,ddd99662-7869-5c36-96a7-f8d4f41f4628,https://www.openphone.com,canonical_product_url,1.0,https://github.com/lakey009/AI-Tools-List/blob/ccdff902d7e77774df46e66761e811ada4838ea1/AIToolsList.json,Unique normalized product URL after deterministic www/trailing-slash deduplication.
product,ai-tools-list:AIToolsList.json:1067,usemotion-com,babfd422-3815-56b0-8132-bbd79946ae32,https://get.usemotion.com/xl0klamesvu6,canonical_product_url,1.0,https://github.com/lakey009/AI-Tools-List/blob/ccdff902d7e77774df46e66761e811ada4838ea1/AIToolsList.json,Unique normalized product URL after deterministic www/trailing-slash deduplication.
product,ai-tools-list:AIToolsList.json:1069,gitmind-chat,1cb11288-82f0-5922-bad2-6c952fe7d892,https://gitmind.com/ai-chat,canonical_product_url,1.0,https://github.com/lakey009/AI-Tools-List/blob/ccdff902d7e77774df46e66761e811ada4838ea1/AIToolsList.json,Unique normalized product URL after deterministic www/trailing-slash deduplication.
product,ai-tools-list:AIToolsList.json:1070,glean,b3137cfe-9312-544e-b213-3d991172c33b,https://www.glean.com,canonical_product_url,1.0,https://github.com/lakey009/AI-Tools-List/blob/ccdff902d7e77774df46e66761e811ada4838ea1/AIToolsList.json,Unique normalized product URL after deterministic www/trailing-slash deduplication.
product,ai-tools-list:AIToolsList.json:1072,outreach,610a54f5-e2c3-5721-8f3f-9051a89fa2f8,https://www.outreach.io,canonical_product_url,1.0,https://github.com/lakey009/AI-Tools-List/blob/ccdff902d7e77774df46e66761e811ada4838ea1/AIToolsList.json,Unique normalized product URL after deterministic www/trailing-slash deduplication.
product,ai-tools-list:AIToolsList.json:1073,kaneai,93a24cd3-f9eb-5196-8a85-2d2169e0ad3e,http://www.lambdatest.com,canonical_product_url,1.0,https://github.com/lakey009/AI-Tools-List/blob/ccdff902d7e77774df46e66761e811ada4838ea1/AIToolsList.json,Unique normalized product URL after deterministic www/trailing-slash deduplication.
product,ai-tools-list:AIToolsList.json:1074,vapi,39a671e7-1f6f-5070-9a8e-9b6e256399d0,https://vapi.ai,canonical_product_url,1.0,https://github.com/lakey009/AI-Tools-List/blob/ccdff902d7e77774df46e66761e811ada4838ea1/AIToolsList.json,Unique normalized product URL after deterministic www/trailing-slash deduplication.
product,ai-tools-list:AIToolsList.json:1075,glasp,1dfac834-8292-5612-9ba4-a2a05717cbd4,https://glasp.co,canonical_product_url,1.0,https://github.com/lakey009/AI-Tools-List/blob/ccdff902d7e77774df46e66761e811ada4838ea1/AIToolsList.json,Unique normalized product URL after deterministic www/trailing-slash deduplication.
product,ai-tools-list:AIToolsList.json:1076,d-id,608f70f6-97b9-511c-9694-4b543b0be9a6,https://www.d-id.com,canonical_product_url,1.0,https://github.com/lakey009/AI-Tools-List/blob/ccdff902d7e77774df46e66761e811ada4838ea1/AIToolsList.json,Unique normalized product URL after deterministic www/trailing-slash deduplication.
product,ai-tools-list:AIToolsList.json:1077,anakin-ai,8b0ffef0-b9e9-53f3-a250-c804107cb6c4,https://anakin.ai,canonical_product_url,1.0,https://github.com/lakey009/AI-Tools-List/blob/ccdff902d7e77774df46e66761e811ada4838ea1/AIToolsList.json,Unique normalized product URL after deterministic www/trailing-slash deduplication.
product,ai-tools-list:AIToolsList.json:1078,augment-code,4f8458dd-5b6d-55c8-8302-f12b0c8a5f72,https://www.augmentcode.com,canonical_product_url,1.0,https://github.com/lakey009/AI-Tools-List/blob/ccdff902d7e77774df46e66761e811ada4838ea1/AIToolsList.json,Unique normalized product URL after deterministic www/trailing-slash deduplication.
product,ai-tools-list:AIToolsList.json:1079,glideapps-com,b1959bec-6e82-5917-b9a5-56a30ea6d86a,https://glideapps.com,canonical_product_url,1.0,https://github.com/lakey009/AI-Tools-List/blob/ccdff902d7e77774df46e66761e811ada4838ea1/AIToolsList.json,Unique normalized product URL after deterministic www/trailing-slash deduplication.
product,ai-tools-list:AIToolsList.json:1080,copy-ai,9d55a2f1-56b8-5239-ab67-e139c25dde3f,https://www.copy.ai,canonical_product_url,1.0,https://github.com/lakey009/AI-Tools-List/blob/ccdff902d7e77774df46e66761e811ada4838ea1/AIToolsList.json,Unique normalized product URL after deterministic www/trailing-slash deduplication.
product,ai-tools-list:AIToolsList.json:1081,clay-2-0,03c175e1-0130-5048-9772-affa6bc27658,https://www.clay.com,canonical_product_url,1.0,https://github.com/lakey009/AI-Tools-List/blob/ccdff902d7e77774df46e66761e811ada4838ea1/AIToolsList.json,Unique normalized product URL after deterministic www/trailing-slash deduplication.
product,ai-tools-list:AIToolsList.json:1082,composio,113033e6-b365-5423-a255-6676527779fc,https://composio.dev,canonical_product_url,1.0,https://github.com/lakey009/AI-Tools-List/blob/ccdff902d7e77774df46e66761e811ada4838ea1/AIToolsList.json,Unique normalized product URL after deterministic www/trailing-slash deduplication.
product,ai-tools-list:AIToolsList.json:1084,textcortex-ai,c5394cd0-147f-55d6-aa20-2876ee0caff5,https://textcortex.com,canonical_product_url,1.0,https://github.com/lakey009/AI-Tools-List/blob/ccdff902d7e77774df46e66761e811ada4838ea1/AIToolsList.json,Unique normalized product URL after deterministic www/trailing-slash deduplication.
product,ai-tools-list:AIToolsList.json:1086,writer,a3a389d0-cec0-5cbe-803b-0cda01abcae1,https://writer.com,canonical_product_url,1.0,https://github.com/lakey009/AI-Tools-List/blob/ccdff902d7e77774df46e66761e811ada4838ea1/AIToolsList.json,Unique normalized product URL after deterministic www/trailing-slash deduplication.
product,ai-tools-list:AIToolsList.json:1087,deepgram-voice-ai,02d8322d-3a4a-5577-8e71-9ce80bfac73b,https://deepgram.partnerlinks.io/ps3mjcc1vth7,canonical_product_url,1.0,https://github.com/lakey009/AI-Tools-List/blob/ccdff902d7e77774df46e66761e811ada4838ea1/AIToolsList.json,Unique normalized product URL after deterministic www/trailing-slash deduplication.
product,ai-tools-list:AIToolsList.json:1088,tidio,24a43160-d539-5f99-9026-3b851db9c9bf,https://www.tidio.com,canonical_product_url,1.0,https://github.com/lakey009/AI-Tools-List/blob/ccdff902d7e77774df46e66761e811ada4838ea1/AIToolsList.json,Unique normalized product URL after deterministic www/trailing-slash deduplication.
product,ai-tools-list:AIToolsList.json:1090,taskade,57a121b8-6d40-53dd-a369-59456acc2e92,https://taskade.com,canonical_product_url,1.0,https://github.com/lakey009/AI-Tools-List/blob/ccdff902d7e77774df46e66761e811ada4838ea1/AIToolsList.json,Unique normalized product URL after deterministic www/trailing-slash deduplication.
product,ai-tools-list:AIToolsList.json:1091,myshell,cf44de27-25d4-5068-8bf4-1381fad084ac,https://app.myshell.ai/explore,canonical_product_url,1.0,https://github.com/lakey009/AI-Tools-List/blob/ccdff902d7e77774df46e66761e811ada4838ea1/AIToolsList.json,Unique normalized product URL after deterministic www/trailing-slash deduplication.
product,ai-tools-list:AIToolsList.json:1092,voiceflow-ai,120a55be-85bc-5123-8dfd-4d91b2a21bfb,https://voiceflow.com,canonical_product_url,1.0,https://github.com/lakey009/AI-Tools-List/blob/ccdff902d7e77774df46e66761e811ada4838ea1/AIToolsList.json,Unique normalized product URL after deterministic www/trailing-slash deduplication.
product,ai-tools-list:AIToolsList.json:1094,justcall,ff495b72-71ce-5d58-ba2f-86e22048d15f,https://justcall.io,canonical_product_url,1.0,https://github.com/lakey009/AI-Tools-List/blob/ccdff902d7e77774df46e66761e811ada4838ea1/AIToolsList.json,Unique normalized product URL after deterministic www/trailing-slash deduplication.
product,ai-tools-list:AIToolsList.json:1095,sintra-ai,f57cd8db-1681-577b-81d8-3d35c90b43f4,https://sintra.ai,canonical_product_url,1.0,https://github.com/lakey009/AI-Tools-List/blob/ccdff902d7e77774df46e66761e811ada4838ea1/AIToolsList.json,Unique normalized product URL after deterministic www/trailing-slash deduplication.
product,ai-tools-list:AIToolsList.json:1096,pinokio,49a02052-4c4f-569b-8f1d-687428f382ab,https://pinokio.computer,canonical_product_url,1.0,https://github.com/lakey009/AI-Tools-List/blob/ccdff902d7e77774df46e66761e811ada4838ea1/AIToolsList.json,Unique normalized product URL after deterministic www/trailing-slash deduplication.
product,ai-tools-list:AIToolsList.json:1097,machinetranslation,ad40d775-f004-502c-8758-6af3e20fb726,https://www.machinetranslation.com,canonical_product_url,1.0,https://github.com/lakey009/AI-Tools-List/blob/ccdff902d7e77774df46e66761e811ada4838ea1/AIToolsList.json,Unique normalized product URL after deterministic www/trailing-slash deduplication.
product,ai-tools-list:AIToolsList.json:1098,relevance-ai,323acaaf-fe66-5788-8acc-27cf7a777b9a,https://relevanceai.com,canonical_product_url,1.0,https://github.com/lakey009/AI-Tools-List/blob/ccdff902d7e77774df46e66761e811ada4838ea1/AIToolsList.json,Unique normalized product URL after deterministic www/trailing-slash deduplication.
product,ai-tools-list:AIToolsList.json:1099,scale,e588b125-63cd-57cc-a70e-48ecbf6d1ce2,https://scale.com,canonical_product_url,1.0,https://github.com/lakey009/AI-Tools-List/blob/ccdff902d7e77774df46e66761e811ada4838ea1/AIToolsList.json,Unique normalized product URL after deterministic www/trailing-slash deduplication.
product,ai-tools-list:AIToolsList.json:1100,superai,b031ece9-02db-5533-a833-cd134c37a74a,https://www.superai.id,canonical_product_url,1.0,https://github.com/lakey009/AI-Tools-List/blob/ccdff902d7e77774df46e66761e811ada4838ea1/AIToolsList.json,Unique normalized product URL after deterministic www/trailing-slash deduplication.
product,ai-tools-list:AIToolsList.json:1101,chatbase,8024e920-11e6-5928-aded-ccd1f2c4a418,https://www.chatbase.co,canonical_product_url,1.0,https://github.com/lakey009/AI-Tools-List/blob/ccdff902d7e77774df46e66761e811ada4838ea1/AIToolsList.json,Unique normalized product URL after deterministic www/trailing-slash deduplication.
product,ai-tools-list:AIToolsList.json:1102,b12-io,c02e92c0-9014-5963-b088-cfe09aaf8ac3,https://b12.io,canonical_product_url,1.0,https://github.com/lakey009/AI-Tools-List/blob/ccdff902d7e77774df46e66761e811ada4838ea1/AIToolsList.json,Unique normalized product URL after deterministic www/trailing-slash deduplication.
product,ai-tools-list:AIToolsList.json:1104,harpa-ai,d728e8fa-a457-51e9-8f2c-2ce96af945f5,https://harpa.ai,canonical_product_url,1.0,https://github.com/lakey009/AI-Tools-List/blob/ccdff902d7e77774df46e66761e811ada4838ea1/AIToolsList.json,Unique normalized product URL after deterministic www/trailing-slash deduplication.
product,ai-tools-list:AIToolsList.json:1106,attio,e7dfbd2c-1b5d-515e-8169-6e6dab9940a2,https://attio.com,canonical_product_url,1.0,https://github.com/lakey009/AI-Tools-List/blob/ccdff902d7e77774df46e66761e811ada4838ea1/AIToolsList.json,Unique normalized product URL after deterministic www/trailing-slash deduplication.
product,ai-tools-list:AIToolsList.json:1107,ninja-ai,e73d0086-2447-5252-a430-68ea5da6eb89,https://myninja.ai,canonical_product_url,1.0,https://github.com/lakey009/AI-Tools-List/blob/ccdff902d7e77774df46e66761e811ada4838ea1/AIToolsList.json,Unique normalized product URL after deterministic www/trailing-slash deduplication.
product,ai-tools-list:AIToolsList.json:1108,callhippo,85dc8024-00ae-59d0-a438-3148b0cc5a99,https://callhippo.com,canonical_product_url,1.0,https://github.com/lakey009/AI-Tools-List/blob/ccdff902d7e77774df46e66761e811ada4838ea1/AIToolsList.json,Unique normalized product URL after deterministic www/trailing-slash deduplication.
product,ai-tools-list:AIToolsList.json:1109,lindy,2a4dee2d-63f2-5738-8601-67bcb2744543,https://lindy.ai,canonical_product_url,1.0,https://github.com/lakey009/AI-Tools-List/blob/ccdff902d7e77774df46e66761e811ada4838ea1/AIToolsList.json,Unique normalized product URL after deterministic www/trailing-slash deduplication.
product,ai-tools-list:AIToolsList.json:1110,browser-use,db9a4a79-9ed0-590f-884a-29bd8ba1d597,https://browser-use.com,canonical_product_url,1.0,https://github.com/lakey009/AI-Tools-List/blob/ccdff902d7e77774df46e66761e811ada4838ea1/AIToolsList.json,Unique normalized product URL after deterministic www/trailing-slash deduplication.
product,ai-tools-list:AIToolsList.json:1112,autodevs-by-create,33f04e3b-5aa3-5c16-b951-9b8275110b28,https://www.create.xyz,canonical_product_url,1.0,https://github.com/lakey009/AI-Tools-List/blob/ccdff902d7e77774df46e66761e811ada4838ea1/AIToolsList.json,Unique normalized product URL after deterministic www/trailing-slash deduplication.
product,ai-tools-list:AIToolsList.json:1113,cody,1e6baea6-84ee-5d60-95fe-67aa36e97baa,https://sourcegraph.com/cody,canonical_product_url,1.0,https://github.com/lakey009/AI-Tools-List/blob/ccdff902d7e77774df46e66761e811ada4838ea1/AIToolsList.json,Unique normalized product URL after deterministic www/trailing-slash deduplication.
product,ai-tools-list:AIToolsList.json:1114,sleekflow,07f37eb1-ab1b-5741-9817-b0ac908276b5,https://sleekflow.partnerlinks.io/wc3j82yzryx9,canonical_product_url,1.0,https://github.com/lakey009/AI-Tools-List/blob/ccdff902d7e77774df46e66761e811ada4838ea1/AIToolsList.json,Unique normalized product URL after deterministic www/trailing-slash deduplication.
product,ai-tools-list:AIToolsList.json:1115,coze,8d3fe6aa-189f-5338-821d-1e6865e7907d,https://www.coze.com,canonical_product_url,1.0,https://github.com/lakey009/AI-Tools-List/blob/ccdff902d7e77774df46e66761e811ada4838ea1/AIToolsList.json,Unique normalized product URL after deterministic www/trailing-slash deduplication.
product,ai-tools-list:AIToolsList.json:1116,landbot-ai,7fc2c168-276f-59d5-b804-eb24d1137c03,https://get.landbotlab.com/8lnsozu2hy80,canonical_product_url,1.0,https://github.com/lakey009/AI-Tools-List/blob/ccdff902d7e77774df46e66761e811ada4838ea1/AIToolsList.json,Unique normalized product URL after deterministic www/trailing-slash deduplication.
product,ai-tools-list:AIToolsList.json:1117,faceless-video,a856eab4-4e66-5aed-9072-677b7f7a18e5,https://faceless.video,canonical_product_url,1.0,https://github.com/lakey009/AI-Tools-List/blob/ccdff902d7e77774df46e66761e811ada4838ea1/AIToolsList.json,Unique normalized product URL after deterministic www/trailing-slash deduplication.
product,ai-tools-list:AIToolsList.json:1118,mindtrip,755e3c24-4031-524c-b071-1b98cb273baf,https://mindtrip.ai,canonical_product_url,1.0,https://github.com/lakey009/AI-Tools-List/blob/ccdff902d7e77774df46e66761e811ada4838ea1/AIToolsList.json,Unique normalized product URL after deterministic www/trailing-slash deduplication.
product,ai-tools-list:AIToolsList.json:1121,anythingllm,63548937-42dd-544b-ac5b-9a34c20724fc,https://anythingllm.com,canonical_product_url,1.0,https://github.com/lakey009/AI-Tools-List/blob/ccdff902d7e77774df46e66761e811ada4838ea1/AIToolsList.json,Unique normalized product URL after deterministic www/trailing-slash deduplication.
product,ai-tools-list:AIToolsList.json:1122,gumloop,d626359f-88d0-5c56-9c59-2c0100d3d4a6,https://www.gumloop.com,canonical_product_url,1.0,https://github.com/lakey009/AI-Tools-List/blob/ccdff902d7e77774df46e66761e811ada4838ea1/AIToolsList.json,Unique normalized product URL after deterministic www/trailing-slash deduplication.
product,ai-tools-list:AIToolsList.json:1123,databutton,aa488931-9671-5b64-b453-2ec4b3eea808,https://www.databutton.com,canonical_product_url,1.0,https://github.com/lakey009/AI-Tools-List/blob/ccdff902d7e77774df46e66761e811ada4838ea1/AIToolsList.json,Unique normalized product URL after deterministic www/trailing-slash deduplication.
product,ai-tools-list:AIToolsList.json:1124,chatfuel,65806256-3f8d-5bc7-bc2b-251194f3af87,https://chatfuel.com,canonical_product_url,1.0,https://github.com/lakey009/AI-Tools-List/blob/ccdff902d7e77774df46e66761e811ada4838ea1/AIToolsList.json,Unique normalized product URL after deterministic www/trailing-slash deduplication.
product,ai-tools-list:AIToolsList.json:1125,kapturecrm-com,f2bdc0fe-1920-5b07-9455-b1d136b815a3,https://kapturecrm.com,canonical_product_url,1.0,https://github.com/lakey009/AI-Tools-List/blob/ccdff902d7e77774df46e66761e811ada4838ea1/AIToolsList.json,Unique normalized product URL after deterministic www/trailing-slash deduplication.
product,ai-tools-list:AIToolsList.json:1126,workik,5559a712-e8f0-55b9-8d43-ba63a14217d2,https://workik.com,canonical_product_url,1.0,https://github.com/lakey009/AI-Tools-List/blob/ccdff902d7e77774df46e66761e811ada4838ea1/AIToolsList.json,Unique normalized product URL after deterministic www/trailing-slash deduplication.
product,ai-tools-list:AIToolsList.json:1127,layla-ai,05a208c7-bd46-5c2c-a4db-10aea00e6e33,https://layla.ai,canonical_product_url,1.0,https://github.com/lakey009/AI-Tools-List/blob/ccdff902d7e77774df46e66761e811ada4838ea1/AIToolsList.json,Unique normalized product URL after deterministic www/trailing-slash deduplication.
product,ai-tools-list:AIToolsList.json:1128,txyz-ai,253658a2-aa80-5362-bb17-3253823f997f,https://txyz.ai,canonical_product_url,1.0,https://github.com/lakey009/AI-Tools-List/blob/ccdff902d7e77774df46e66761e811ada4838ea1/AIToolsList.json,Unique normalized product URL after deterministic www/trailing-slash deduplication.
product,ai-tools-list:AIToolsList.json:1129,code-gpt,1b62c1a5-fe18-5110-b6ca-f932a16cc46a,https://codegpt.co,canonical_product_url,1.0,https://github.com/lakey009/AI-Tools-List/blob/ccdff902d7e77774df46e66761e811ada4838ea1/AIToolsList.json,Unique normalized product URL after deterministic www/trailing-slash deduplication.
product,ai-tools-list:AIToolsList.json:1130,reachifyme,00f9ed9a-b807-5fc3-8f94-f55b561f695f,https://reachifyme.com,canonical_product_url,1.0,https://github.com/lakey009/AI-Tools-List/blob/ccdff902d7e77774df46e66761e811ada4838ea1/AIToolsList.json,Unique normalized product URL after deterministic www/trailing-slash deduplication.
product,ai-tools-list:AIToolsList.json:1131,shortwave,89bbea4b-4445-5292-88cc-f022bf07f104,https://www.shortwave.com,canonical_product_url,1.0,https://github.com/lakey009/AI-Tools-List/blob/ccdff902d7e77774df46e66761e811ada4838ea1/AIToolsList.json,Unique normalized product URL after deterministic www/trailing-slash deduplication.
product,ai-tools-list:AIToolsList.json:1132,metagpt-mgx,aeb0391d-b317-5314-93f7-d29a51fe78e5,https://mgx.dev,canonical_product_url,1.0,https://github.com/lakey009/AI-Tools-List/blob/ccdff902d7e77774df46e66761e811ada4838ea1/AIToolsList.json,Unique normalized product URL after deterministic www/trailing-slash deduplication.
product,ai-tools-list:AIToolsList.json:1133,browserbase,e1779fc3-2886-5712-9296-cf9eee13fc57,https://www.browserbase.com,canonical_product_url,1.0,https://github.com/lakey009/AI-Tools-List/blob/ccdff902d7e77774df46e66761e811ada4838ea1/AIToolsList.json,Unique normalized product URL after deterministic www/trailing-slash deduplication.
product,ai-tools-list:AIToolsList.json:1134,delphi,2439e299-446b-51bb-b556-6453badb136e,https://www.delphi.ai/pricing,canonical_product_url,1.0,https://github.com/lakey009/AI-Tools-List/blob/ccdff902d7e77774df46e66761e811ada4838ea1/AIToolsList.json,Unique normalized product URL after deterministic www/trailing-slash deduplication.
product,ai-tools-list:AIToolsList.json:1135,sonara,4749e95b-de53-5e0b-aa33-4b9910263ed9,https://www.sonara.ai,canonical_product_url,1.0,https://github.com/lakey009/AI-Tools-List/blob/ccdff902d7e77774df46e66761e811ada4838ea1/AIToolsList.json,Unique normalized product URL after deterministic www/trailing-slash deduplication.
product,ai-tools-list:AIToolsList.json:1136,chatgot,38be27f4-b99c-5a72-b524-54e741c6d73c,https://www.chatgot.io,canonical_product_url,1.0,https://github.com/lakey009/AI-Tools-List/blob/ccdff902d7e77774df46e66761e811ada4838ea1/AIToolsList.json,Unique normalized product URL after deterministic www/trailing-slash deduplication.
product,ai-tools-list:AIToolsList.json:1137,ai-for-work,1d2b42de-77bd-58c2-a93b-203ca1e4a06a,https://www.aiforwork.co,canonical_product_url,1.0,https://github.com/lakey009/AI-Tools-List/blob/ccdff902d7e77774df46e66761e811ada4838ea1/AIToolsList.json,Unique normalized product URL after deterministic www/trailing-slash deduplication.
product,ai-tools-list:AIToolsList.json:1138,sendbird,4d509cce-1489-5d3a-8359-68e94bf52c3c,https://sendbird.com,canonical_product_url,1.0,https://github.com/lakey009/AI-Tools-List/blob/ccdff902d7e77774df46e66761e811ada4838ea1/AIToolsList.json,Unique normalized product URL after deterministic www/trailing-slash deduplication.
product,ai-tools-list:AIToolsList.json:1139,luxalgo,beab421b-8594-5073-87f5-994a7c0e0622,https://www.luxalgo.com,canonical_product_url,1.0,https://github.com/lakey009/AI-Tools-List/blob/ccdff902d7e77774df46e66761e811ada4838ea1/AIToolsList.json,Unique normalized product URL after deterministic www/trailing-slash deduplication.
product,ai-tools-list:AIToolsList.json:1141,magical-ai,f18bba86-bec3-57e3-b508-581e0d35a590,https://www.getmagical.com,canonical_product_url,1.0,https://github.com/lakey009/AI-Tools-List/blob/ccdff902d7e77774df46e66761e811ada4838ea1/AIToolsList.json,Unique normalized product URL after deterministic www/trailing-slash deduplication.
product,ai-tools-list:AIToolsList.json:1142,v7-lab,f63e2a07-a05b-590f-bc15-dc543d4ae03c,https://www.v7labs.com,canonical_product_url,1.0,https://github.com/lakey009/AI-Tools-List/blob/ccdff902d7e77774df46e66761e811ada4838ea1/AIToolsList.json,Unique normalized product URL after deterministic www/trailing-slash deduplication.
product,ai-tools-list:AIToolsList.json:1143,ai-drive,9fdb67e6-fdcb-5198-bb28-0b0aea7916f9,https://myaidrive.com,canonical_product_url,1.0,https://github.com/lakey009/AI-Tools-List/blob/ccdff902d7e77774df46e66761e811ada4838ea1/AIToolsList.json,Unique normalized product URL after deterministic www/trailing-slash deduplication.
product,ai-tools-list:AIToolsList.json:1144,mindstudio,9c155676-e573-5091-bd6b-fffd1e4c4bed,https://www.mindstudio.ai,canonical_product_url,1.0,https://github.com/lakey009/AI-Tools-List/blob/ccdff902d7e77774df46e66761e811ada4838ea1/AIToolsList.json,Unique normalized product URL after deterministic www/trailing-slash deduplication.
product,ai-tools-list:AIToolsList.json:1145,lazyapply-com,47eaecf3-e4d2-5f47-a21f-6b046482ea61,https://www.lazyapply.com,canonical_product_url,1.0,https://github.com/lakey009/AI-Tools-List/blob/ccdff902d7e77774df46e66761e811ada4838ea1/AIToolsList.json,Unique normalized product URL after deterministic www/trailing-slash deduplication.
product,ai-tools-list:AIToolsList.json:1146,yourgpt-chatbot,48ba5d6c-e7f7-59a9-820f-33c6d6e17f2d,https://yourgpt.ai,canonical_product_url,1.0,https://github.com/lakey009/AI-Tools-List/blob/ccdff902d7e77774df46e66761e811ada4838ea1/AIToolsList.json,Unique normalized product URL after deterministic www/trailing-slash deduplication.
product,ai-tools-list:AIToolsList.json:1147,activepieces,cfc78398-0ff4-5815-b8b7-0231236a7e4e,https://www.activepieces.com,canonical_product_url,1.0,https://github.com/lakey009/AI-Tools-List/blob/ccdff902d7e77774df46e66761e811ada4838ea1/AIToolsList.json,Unique normalized product URL after deterministic www/trailing-slash deduplication.
product,ai-tools-list:AIToolsList.json:1148,bland-ai,a6372d76-9b12-5a44-a1d1-4f8257730505,https://bland.ai,canonical_product_url,1.0,https://github.com/lakey009/AI-Tools-List/blob/ccdff902d7e77774df46e66761e811ada4838ea1/AIToolsList.json,Unique normalized product URL after deterministic www/trailing-slash deduplication.
product,ai-tools-list:AIToolsList.json:1149,vocai,9c0b1fa4-ca0a-554a-86cb-7a2749e26ff1,https://join.shulex.com/112.html,canonical_product_url,1.0,https://github.com/lakey009/AI-Tools-List/blob/ccdff902d7e77774df46e66761e811ada4838ea1/AIToolsList.json,Unique normalized product URL after deterministic www/trailing-slash deduplication.
product,ai-tools-list:AIToolsList.json:1150,shulex-copilot,471defcb-2ebd-5682-899c-282042986316,https://www.voc.ai/tools/chatgpt-copilot,canonical_product_url,1.0,https://github.com/lakey009/AI-Tools-List/blob/ccdff902d7e77774df46e66761e811ada4838ea1/AIToolsList.json,Unique normalized product URL after deterministic www/trailing-slash deduplication.
product,ai-tools-list:AIToolsList.json:1151,vocai-chatbot,b5210d86-b7f5-5a00-b517-5b610f1a2c2c,https://www.voc.ai/tools/ai-chatbot,canonical_product_url,1.0,https://github.com/lakey009/AI-Tools-List/blob/ccdff902d7e77774df46e66761e811ada4838ea1/AIToolsList.json,Unique normalized product URL after deterministic www/trailing-slash deduplication.
product,ai-tools-list:AIToolsList.json:1152,harvey-ai,b490c75f-9cce-5365-87e3-99be5f479c51,https://harvey.ai,canonical_product_url,1.0,https://github.com/lakey009/AI-Tools-List/blob/ccdff902d7e77774df46e66761e811ada4838ea1/AIToolsList.json,Unique normalized product URL after deterministic www/trailing-slash deduplication.
product,ai-tools-list:AIToolsList.json:1153,poly-ai-ai,8cff4f9d-e233-5924-89e3-eb129a4ced99,https://poly.ai,canonical_product_url,1.0,https://github.com/lakey009/AI-Tools-List/blob/ccdff902d7e77774df46e66761e811ada4838ea1/AIToolsList.json,Unique normalized product URL after deterministic www/trailing-slash deduplication.
product,ai-tools-list:AIToolsList.json:1154,synthflow-ai,5bb83eb1-fa13-5ee3-9580-baa0c3eec651,https://synthflow.ai,canonical_product_url,1.0,https://github.com/lakey009/AI-Tools-List/blob/ccdff902d7e77774df46e66761e811ada4838ea1/AIToolsList.json,Unique normalized product URL after deterministic www/trailing-slash deduplication.
product,ai-tools-list:AIToolsList.json:1155,richpanel,16195582-1f3c-51bb-a5df-1d9cb5f91b5d,https://www.richpanel.com,canonical_product_url,1.0,https://github.com/lakey009/AI-Tools-List/blob/ccdff902d7e77774df46e66761e811ada4838ea1/AIToolsList.json,Unique normalized product URL after deterministic www/trailing-slash deduplication.
product,ai-tools-list:AIToolsList.json:1157,reply-io,94e0739d-f742-5e9f-9d68-326d95ea5352,https://reply.io,canonical_product_url,1.0,https://github.com/lakey009/AI-Tools-List/blob/ccdff902d7e77774df46e66761e811ada4838ea1/AIToolsList.json,Unique normalized product URL after deterministic www/trailing-slash deduplication.
product,ai-tools-list:AIToolsList.json:1159,tavus,d65134dc-f044-55a6-a677-b734d1d6921e,https://www.tavus.io,canonical_product_url,1.0,https://github.com/lakey009/AI-Tools-List/blob/ccdff902d7e77774df46e66761e811ada4838ea1/AIToolsList.json,Unique normalized product URL after deterministic www/trailing-slash deduplication.
product,ai-tools-list:AIToolsList.json:1161,botpenguin-chatbot,2139dbe5-4cb0-5eac-b698-cc90401d6c98,https://botpenguin.com,canonical_product_url,1.0,https://github.com/lakey009/AI-Tools-List/blob/ccdff902d7e77774df46e66761e811ada4838ea1/AIToolsList.json,Unique normalized product URL after deterministic www/trailing-slash deduplication.
product,ai-tools-list:AIToolsList.json:1162,sana-labs,e999c35a-f6b8-5958-b93a-124b1871cf85,https://www.sanalabs.com,canonical_product_url,1.0,https://github.com/lakey009/AI-Tools-List/blob/ccdff902d7e77774df46e66761e811ada4838ea1/AIToolsList.json,Unique normalized product URL after deterministic www/trailing-slash deduplication.
product,ai-tools-list:AIToolsList.json:1163,hypotenuse-ai,35aee111-6556-5ba3-96bc-c982c2d25d5b,https://hypotenuse.ai,canonical_product_url,1.0,https://github.com/lakey009/AI-Tools-List/blob/ccdff902d7e77774df46e66761e811ada4838ea1/AIToolsList.json,Unique normalized product URL after deterministic www/trailing-slash deduplication.
product,ai-tools-list:AIToolsList.json:1164,glassix,06656cf7-ed42-573d-ba45-a46a7468dbad,https://www.glassix.com,canonical_product_url,1.0,https://github.com/lakey009/AI-Tools-List/blob/ccdff902d7e77774df46e66761e811ada4838ea1/AIToolsList.json,Unique normalized product URL after deterministic www/trailing-slash deduplication.
product,ai-tools-list:AIToolsList.json:1165,coder,ac5ed6b6-2e7f-5200-b742-f00729115e30,https://coder.com,canonical_product_url,1.0,https://github.com/lakey009/AI-Tools-List/blob/ccdff902d7e77774df46e66761e811ada4838ea1/AIToolsList.json,Unique normalized product URL after deterministic www/trailing-slash deduplication.
product,ai-tools-list:AIToolsList.json:1167,reworkd,24b14bab-cc20-52a2-b4a4-1ca4c8c40d51,https://www.reworkd.ai,canonical_product_url,1.0,https://github.com/lakey009/AI-Tools-List/blob/ccdff902d7e77774df46e66761e811ada4838ea1/AIToolsList.json,Unique normalized product URL after deterministic www/trailing-slash deduplication.
product,ai-tools-list:AIToolsList.json:1168,orum-com,13b7a55e-93c3-5a6c-9d30-2d6fd47c3753,https://orum.com,canonical_product_url,1.0,https://github.com/lakey009/AI-Tools-List/blob/ccdff902d7e77774df46e66761e811ada4838ea1/AIToolsList.json,Unique normalized product URL after deterministic www/trailing-slash deduplication.
product,ai-tools-list:AIToolsList.json:1169,goover,d24fff68-d340-5e02-bbc1-97ee600cbd25,https://www.goover.ai,canonical_product_url,1.0,https://github.com/lakey009/AI-Tools-List/blob/ccdff902d7e77774df46e66761e811ada4838ea1/AIToolsList.json,Unique normalized product URL after deterministic www/trailing-slash deduplication.
product,ai-tools-list:AIToolsList.json:1170,livechatai,90bc571e-8421-5d2f-9198-f5ca58eec0b2,https://livechatai.com,canonical_product_url,1.0,https://github.com/lakey009/AI-Tools-List/blob/ccdff902d7e77774df46e66761e811ada4838ea1/AIToolsList.json,Unique normalized product URL after deterministic www/trailing-slash deduplication.
product,ai-tools-list:AIToolsList.json:1171,fastbots-ai,a23d2bb1-dd97-56fe-981f-5a190af5fee4,https://fastbots.ai,canonical_product_url,1.0,https://github.com/lakey009/AI-Tools-List/blob/ccdff902d7e77774df46e66761e811ada4838ea1/AIToolsList.json,Unique normalized product URL after deterministic www/trailing-slash deduplication.
product,ai-tools-list:AIToolsList.json:1172,inworld,49bb3188-27f2-515f-95d1-5429f175ee2e,https://www.inworld.ai,canonical_product_url,1.0,https://github.com/lakey009/AI-Tools-List/blob/ccdff902d7e77774df46e66761e811ada4838ea1/AIToolsList.json,Unique normalized product URL after deterministic www/trailing-slash deduplication.
product,ai-tools-list:AIToolsList.json:1173,testrigor-com,519fe058-19f1-5a22-85ad-2784ce2cbe27,https://testrigor.com,canonical_product_url,1.0,https://github.com/lakey009/AI-Tools-List/blob/ccdff902d7e77774df46e66761e811ada4838ea1/AIToolsList.json,Unique normalized product URL after deterministic www/trailing-slash deduplication.
product,ai-tools-list:AIToolsList.json:1175,promptlayer,acd38cda-6041-557a-bb09-c2ebe01aedf5,https://promptlayer.com,canonical_product_url,1.0,https://github.com/lakey009/AI-Tools-List/blob/ccdff902d7e77774df46e66761e811ada4838ea1/AIToolsList.json,Unique normalized product URL after deterministic www/trailing-slash deduplication.
product,ai-tools-list:AIToolsList.json:1176,octoeverywhere,4818f546-3df9-52e4-af5c-1fbce8df1e54,https://octoeverywhere.com,canonical_product_url,1.0,https://github.com/lakey009/AI-Tools-List/blob/ccdff902d7e77774df46e66761e811ada4838ea1/AIToolsList.json,Unique normalized product URL after deterministic www/trailing-slash deduplication.
product,ai-tools-list:AIToolsList.json:1177,portkey-ai,00cd486d-6f15-5189-aa0f-3f0571d5e0b3,https://portkey.ai,canonical_product_url,1.0,https://github.com/lakey009/AI-Tools-List/blob/ccdff902d7e77774df46e66761e811ada4838ea1/AIToolsList.json,Unique normalized product URL after deterministic www/trailing-slash deduplication.
product,ai-tools-list:AIToolsList.json:1178,salesmate-io,ffa2dc5a-c4e7-5d0a-8785-0001aefaa0c1,https://www.salesmate.io,canonical_product_url,1.0,https://github.com/lakey009/AI-Tools-List/blob/ccdff902d7e77774df46e66761e811ada4838ea1/AIToolsList.json,Unique normalized product URL after deterministic www/trailing-slash deduplication.
product,ai-tools-list:AIToolsList.json:1179,godmode,a85d74fe-6646-5800-a5d9-bb874c6294dd,https://godmode.space,canonical_product_url,1.0,https://github.com/lakey009/AI-Tools-List/blob/ccdff902d7e77774df46e66761e811ada4838ea1/AIToolsList.json,Unique normalized product URL after deterministic www/trailing-slash deduplication.
product,ai-tools-list:AIToolsList.json:1180,jarvis-ai,504ab14b-b134-5c52-94ba-2763d56298be,https://jarvis.cx,canonical_product_url,1.0,https://github.com/lakey009/AI-Tools-List/blob/ccdff902d7e77774df46e66761e811ada4838ea1/AIToolsList.json,Unique normalized product URL after deterministic www/trailing-slash deduplication.
product,ai-tools-list:AIToolsList.json:1181,relay-app,32057540-8cf9-5166-bd76-19e0bf0e3d49,https://relay.app,canonical_product_url,1.0,https://github.com/lakey009/AI-Tools-List/blob/ccdff902d7e77774df46e66761e811ada4838ea1/AIToolsList.json,Unique normalized product URL after deterministic www/trailing-slash deduplication.
product,ai-tools-list:AIToolsList.json:1182,agno,832f38fa-55e2-5c7e-afba-cc150c7fd4ba,https://www.agno.com,canonical_product_url,1.0,https://github.com/lakey009/AI-Tools-List/blob/ccdff902d7e77774df46e66761e811ada4838ea1/AIToolsList.json,Unique normalized product URL after deterministic www/trailing-slash deduplication.
product,ai-tools-list:AIToolsList.json:1183,tars,0e801b88-cb39-50a0-a2e5-ea50f380bb28,https://hellotars.com,canonical_product_url,1.0,https://github.com/lakey009/AI-Tools-List/blob/ccdff902d7e77774df46e66761e811ada4838ea1/AIToolsList.json,Unique normalized product URL after deterministic www/trailing-slash deduplication.
product,ai-tools-list:AIToolsList.json:1184,play-ai,17454948-1c70-5039-93bd-ddec1f507f37,https://play.ai,canonical_product_url,1.0,https://github.com/lakey009/AI-Tools-List/blob/ccdff902d7e77774df46e66761e811ada4838ea1/AIToolsList.json,Unique normalized product URL after deterministic www/trailing-slash deduplication.
product,ai-tools-list:AIToolsList.json:1185,lakera-guard,379c5a41-4f14-5e55-946a-47bc41857c83,https://www.lakera.ai,canonical_product_url,1.0,https://github.com/lakey009/AI-Tools-List/blob/ccdff902d7e77774df46e66761e811ada4838ea1/AIToolsList.json,Unique normalized product URL after deterministic www/trailing-slash deduplication.
product,ai-tools-list:AIToolsList.json:1186,sierra,b25f8837-5486-5857-b1ff-feeec964723c,https://sierra.ai,canonical_product_url,1.0,https://github.com/lakey009/AI-Tools-List/blob/ccdff902d7e77774df46e66761e811ada4838ea1/AIToolsList.json,Unique normalized product URL after deterministic www/trailing-slash deduplication.
product,ai-tools-list:AIToolsList.json:1187,storychief,b3bd3702-c395-58d4-8aa2-a9bfb77e436a,https://storychief.io,canonical_product_url,1.0,https://github.com/lakey009/AI-Tools-List/blob/ccdff902d7e77774df46e66761e811ada4838ea1/AIToolsList.json,Unique normalized product URL after deterministic www/trailing-slash deduplication.
product,ai-tools-list:AIToolsList.json:1188,arize-com,d70f11e0-60a2-5328-9572-21e00d8b4faa,https://arize.com,canonical_product_url,1.0,https://github.com/lakey009/AI-Tools-List/blob/ccdff902d7e77774df46e66761e811ada4838ea1/AIToolsList.json,Unique normalized product URL after deterministic www/trailing-slash deduplication.
product,ai-tools-list:AIToolsList.json:1189,intellectia-ai,4cca9328-a48e-5431-893b-8f2f3a92e2c1,https://intellectia.ai,canonical_product_url,1.0,https://github.com/lakey009/AI-Tools-List/blob/ccdff902d7e77774df46e66761e811ada4838ea1/AIToolsList.json,Unique normalized product URL after deterministic www/trailing-slash deduplication.
product,ai-tools-list:AIToolsList.json:1190,claap-2-0,30c3c6be-3a09-5e07-8e5e-e8e637faaa7d,https://claap.io,canonical_product_url,1.0,https://github.com/lakey009/AI-Tools-List/blob/ccdff902d7e77774df46e66761e811ada4838ea1/AIToolsList.json,Unique normalized product URL after deterministic www/trailing-slash deduplication.
product,ai-tools-list:AIToolsList.json:1192,kore-ai,c380e072-afd2-560c-98c9-449e5bd3ea19,https://kore.ai,canonical_product_url,1.0,https://github.com/lakey009/AI-Tools-List/blob/ccdff902d7e77774df46e66761e811ada4838ea1/AIToolsList.json,Unique normalized product URL after deterministic www/trailing-slash deduplication.
product,ai-tools-list:AIToolsList.json:1193,humanly-io,88854e3b-6535-575b-8cd0-03704da45f2b,https://humanly.io,canonical_product_url,1.0,https://github.com/lakey009/AI-Tools-List/blob/ccdff902d7e77774df46e66761e811ada4838ea1/AIToolsList.json,Unique normalized product URL after deterministic www/trailing-slash deduplication.
product,ai-tools-list:AIToolsList.json:1194,fpt-ai,cde50d65-dbfa-5f53-a33e-dc12f082a3c0,https://fpt.ai,canonical_product_url,1.0,https://github.com/lakey009/AI-Tools-List/blob/ccdff902d7e77774df46e66761e811ada4838ea1/AIToolsList.json,Unique normalized product URL after deterministic www/trailing-slash deduplication.
product,ai-tools-list:AIToolsList.json:1195,loubby-ai,d622dfca-b259-588a-aaca-cf115a8b4dcc,https://www.loubby.ai,canonical_product_url,1.0,https://github.com/lakey009/AI-Tools-List/blob/ccdff902d7e77774df46e66761e811ada4838ea1/AIToolsList.json,Unique normalized product URL after deterministic www/trailing-slash deduplication.
product,ai-tools-list:AIToolsList.json:1196,qdrant-io,a640cd7d-fb5e-545b-9614-be32ac3a0421,https://qdrant.io,canonical_product_url,1.0,https://github.com/lakey009/AI-Tools-List/blob/ccdff902d7e77774df46e66761e811ada4838ea1/AIToolsList.json,Unique normalized product URL after deterministic www/trailing-slash deduplication.
product,ai-tools-list:AIToolsList.json:1197,moveworks,b549ca33-60c6-5b41-aa93-e9d56aff4ddd,https://www.moveworks.com,canonical_product_url,1.0,https://github.com/lakey009/AI-Tools-List/blob/ccdff902d7e77774df46e66761e811ada4838ea1/AIToolsList.json,Unique normalized product URL after deterministic www/trailing-slash deduplication.
product,ai-tools-list:AIToolsList.json:1199,chaindesk-ai,b4d3dbac-d00e-5b2a-982a-b37263fe717c,https://www.chaindesk.ai,canonical_product_url,1.0,https://github.com/lakey009/AI-Tools-List/blob/ccdff902d7e77774df46e66761e811ada4838ea1/AIToolsList.json,Unique normalized product URL after deterministic www/trailing-slash deduplication.
product,ai-tools-list:AIToolsList.json:1200,deepsite,2b573b1c-e8d0-52fb-acae-5a2ad3510009,https://deepsite.site,canonical_product_url,1.0,https://github.com/lakey009/AI-Tools-List/blob/ccdff902d7e77774df46e66761e811ada4838ea1/AIToolsList.json,Unique normalized product URL after deterministic www/trailing-slash deduplication.
product,ai-tools-list:AIToolsList.json:1201,forethought,ccca1032-a33f-5f7b-a5a8-06e253ebcf7a,https://forethought.ai,canonical_product_url,1.0,https://github.com/lakey009/AI-Tools-List/blob/ccdff902d7e77774df46e66761e811ada4838ea1/AIToolsList.json,Unique normalized product URL after deterministic www/trailing-slash deduplication.
product,ai-tools-list:AIToolsList.json:1203,momen,f0900bdb-2d51-58bd-8fcc-6ab229dcdd4f,https://momen.app/ai,canonical_product_url,1.0,https://github.com/lakey009/AI-Tools-List/blob/ccdff902d7e77774df46e66761e811ada4838ea1/AIToolsList.json,Unique normalized product URL after deterministic www/trailing-slash deduplication.
product,ai-tools-list:AIToolsList.json:1205,futureverse-com,2912ef12-26c6-58bf-a506-e33156457dc7,https://futureverse.com,canonical_product_url,1.0,https://github.com/lakey009/AI-Tools-List/blob/ccdff902d7e77774df46e66761e811ada4838ea1/AIToolsList.json,Unique normalized product URL after deterministic www/trailing-slash deduplication.
product,ai-tools-list:AIToolsList.json:1207,pearai,a279bbdd-4cc6-5b64-b79f-7f714b37f079,https://trypear.ai,canonical_product_url,1.0,https://github.com/lakey009/AI-Tools-List/blob/ccdff902d7e77774df46e66761e811ada4838ea1/AIToolsList.json,Unique normalized product URL after deterministic www/trailing-slash deduplication.
product,ai-tools-list:AIToolsList.json:1208,dhtmlx-chatbot,3a062eee-2efe-5c3e-be7b-6681933410f0,https://dhtmlx.com/docs/products/dhtmlxChatbot,canonical_product_url,1.0,https://github.com/lakey009/AI-Tools-List/blob/ccdff902d7e77774df46e66761e811ada4838ea1/AIToolsList.json,Unique normalized product URL after deterministic www/trailing-slash deduplication.
product,ai-tools-list:AIToolsList.json:1209,smythos,c920d0d2-6116-5937-a120-1f631978f151,https://smythos.com,canonical_product_url,1.0,https://github.com/lakey009/AI-Tools-List/blob/ccdff902d7e77774df46e66761e811ada4838ea1/AIToolsList.json,Unique normalized product URL after deterministic www/trailing-slash deduplication.
product,ai-tools-list:AIToolsList.json:1210,suna,591dafa1-57a8-53eb-95c6-5a93477503fa,https://www.suna.so,canonical_product_url,1.0,https://github.com/lakey009/AI-Tools-List/blob/ccdff902d7e77774df46e66761e811ada4838ea1/AIToolsList.json,Unique normalized product URL after deterministic www/trailing-slash deduplication.
product,ai-tools-list:AIToolsList.json:1211,vectal-ai,e2c7342f-b7d4-5605-9e89-fa4dbbd0cb44,https://www.vectal.ai,canonical_product_url,1.0,https://github.com/lakey009/AI-Tools-List/blob/ccdff902d7e77774df46e66761e811ada4838ea1/AIToolsList.json,Unique normalized product URL after deterministic www/trailing-slash deduplication.
product,ai-tools-list:AIToolsList.json:1213,lazy-ai-create-software-the-fun-way,78995dfa-b3d9-5614-a729-29e2db1b9c9e,https://getlazy.ai,canonical_product_url,1.0,https://github.com/lakey009/AI-Tools-List/blob/ccdff902d7e77774df46e66761e811ada4838ea1/AIToolsList.json,Unique normalized product URL after deterministic www/trailing-slash deduplication.
product,ai-tools-list:AIToolsList.json:1214,gozen,927e7651-0987-5d9d-b60e-d23c4170b848,https://gozen.io,canonical_product_url,1.0,https://github.com/lakey009/AI-Tools-List/blob/ccdff902d7e77774df46e66761e811ada4838ea1/AIToolsList.json,Unique normalized product URL after deterministic www/trailing-slash deduplication.
product,ai-tools-list:AIToolsList.json:1215,wotnot-io,668ad0c1-0b9e-56bc-a80e-e159d33250d9,https://wotnot.io,canonical_product_url,1.0,https://github.com/lakey009/AI-Tools-List/blob/ccdff902d7e77774df46e66761e811ada4838ea1/AIToolsList.json,Unique normalized product URL after deterministic www/trailing-slash deduplication.
product,ai-tools-list:AIToolsList.json:1216,salesforge,a344f07b-fb34-53f3-8c9b-3418f864fda8,https://salesforge.ai,canonical_product_url,1.0,https://github.com/lakey009/AI-Tools-List/blob/ccdff902d7e77774df46e66761e811ada4838ea1/AIToolsList.json,Unique normalized product URL after deterministic www/trailing-slash deduplication.
research_paper,research-papers-csv:row:2,https://arxiv.org/abs/2608.14539,8b1fa2e5-3ad0-5774-940f-add66354e961,https://arxiv.org/abs/2608.14539,canonical_paper_url,1.0,https://arxiv.org/abs/2608.14539,arXiv canonical paper URL is the deterministic identity key.
research_paper,research-papers-csv:row:3,https://arxiv.org/abs/2608.14530,a1fabc0d-d4db-56a8-8982-ddea2629e359,https://arxiv.org/abs/2608.14530,canonical_paper_url,1.0,https://arxiv.org/abs/2608.14530,arXiv canonical paper URL is the deterministic identity key.
research_paper,research-papers-csv:row:4,https://arxiv.org/abs/2608.14528,5e60d994-0008-5517-89ab-ecec221ab8e9,https://arxiv.org/abs/2608.14528,canonical_paper_url,1.0,https://arxiv.org/abs/2608.14528,arXiv canonical paper URL is the deterministic identity key.
research_paper,research-papers-csv:row:5,https://arxiv.org/abs/2608.14522,31ef18dd-068d-57ec-967f-00c9239c2dd0,https://arxiv.org/abs/2608.14522,canonical_paper_url,1.0,https://arxiv.org/abs/2608.14522,arXiv canonical paper URL is the deterministic identity key.
research_paper,research-papers-csv:row:6,https://arxiv.org/abs/2608.14511,d10a5dfc-34c4-5c28-b0b7-8c19e0ab63fc,https://arxiv.org/abs/2608.14511,canonical_paper_url,1.0,https://arxiv.org/abs/2608.14511,arXiv canonical paper URL is the deterministic identity key.
research_paper,research-papers-csv:row:7,https://arxiv.org/abs/2608.14509,f8d6491e-63d9-5dd1-b840-c0cfbd9139ae,https://arxiv.org/abs/2608.14509,canonical_paper_url,1.0,https://arxiv.org/abs/2608.14509,arXiv canonical paper URL is the deterministic identity key.
research_paper,research-papers-csv:row:8,https://arxiv.org/abs/2608.14505,ef67109d-bcec-5755-955a-00e0386ebfe6,https://arxiv.org/abs/2608.14505,canonical_paper_url,1.0,https://arxiv.org/abs/2608.14505,arXiv canonical paper URL is the deterministic identity key.
research_paper,research-papers-csv:row:9,https://arxiv.org/abs/2608.14502,f3059174-bc8f-5356-b4d2-72b2e1a7d17b,https://arxiv.org/abs/2608.14502,canonical_paper_url,1.0,https://arxiv.org/abs/2608.14502,arXiv canonical paper URL is the deterministic identity key.
research_paper,research-papers-csv:row:10,https://arxiv.org/abs/2608.14496,d3f27678-0ca3-5ab6-aeb7-d2454c33358f,https://arxiv.org/abs/2608.14496,canonical_paper_url,1.0,https://arxiv.org/abs/2608.14496,arXiv canonical paper URL is the deterministic identity key.
research_paper,research-papers-csv:row:11,https://arxiv.org/abs/2608.14491,53b911c3-826f-55aa-a712-eae9cee96de4,https://arxiv.org/abs/2608.14491,canonical_paper_url,1.0,https://arxiv.org/abs/2608.14491,arXiv canonical paper URL is the deterministic identity key.
research_paper,research-papers-csv:row:12,https://arxiv.org/abs/2608.14490,76b556d4-a8b9-516d-becc-727843af5cef,https://arxiv.org/abs/2608.14490,canonical_paper_url,1.0,https://arxiv.org/abs/2608.14490,arXiv canonical paper URL is the deterministic identity key.
research_paper,research-papers-csv:row:13,https://arxiv.org/abs/2608.14481,6d66f4ef-90b1-5bfe-a8c1-18ff683ae0ad,https://arxiv.org/abs/2608.14481,canonical_paper_url,1.0,https://arxiv.org/abs/2608.14481,arXiv canonical paper URL is the deterministic identity key.
research_paper,research-papers-csv:row:14,https://arxiv.org/abs/2608.14472,47d046f6-1491-5a3d-9543-815dabfa3061,https://arxiv.org/abs/2608.14472,canonical_paper_url,1.0,https://arxiv.org/abs/2608.14472,arXiv canonical paper URL is the deterministic identity key.
research_paper,research-papers-csv:row:15,https://arxiv.org/abs/2608.14456,f8d16d20-8851-59a8-bacc-cffc26bee1e6,https://arxiv.org/abs/2608.14456,canonical_paper_url,1.0,https://arxiv.org/abs/2608.14456,arXiv canonical paper URL is the deterministic identity key.
research_paper,research-papers-csv:row:16,https://arxiv.org/abs/2608.14452,5fd8e8e2-2ae1-5429-b30a-c2fa207b90c2,https://arxiv.org/abs/2608.14452,canonical_paper_url,1.0,https://arxiv.org/abs/2608.14452,arXiv canonical paper URL is the deterministic identity key.
research_paper,research-papers-csv:row:17,https://arxiv.org/abs/2608.14446,83a769df-4179-500a-8385-7eea6bef3013,https://arxiv.org/abs/2608.14446,canonical_paper_url,1.0,https://arxiv.org/abs/2608.14446,arXiv canonical paper URL is the deterministic identity key.
research_paper,research-papers-csv:row:18,https://arxiv.org/abs/2608.14443,dad26a6e-1e99-5681-a2ef-169432537107,https://arxiv.org/abs/2608.14443,canonical_paper_url,1.0,https://arxiv.org/abs/2608.14443,arXiv canonical paper URL is the deterministic identity key.
research_paper,research-papers-csv:row:19,https://arxiv.org/abs/2608.14441,505d4ae6-f580-52ab-9ce8-6b94c9220c9a,https://arxiv.org/abs/2608.14441,canonical_paper_url,1.0,https://arxiv.org/abs/2608.14441,arXiv canonical paper URL is the deterministic identity key.
research_paper,research-papers-csv:row:20,https://arxiv.org/abs/2608.14426,789d5251-1b47-50a2-9b7e-e40058240ea2,https://arxiv.org/abs/2608.14426,canonical_paper_url,1.0,https://arxiv.org/abs/2608.14426,arXiv canonical paper URL is the deterministic identity key.
research_paper,research-papers-csv:row:21,https://arxiv.org/abs/2608.14425,53f1f31c-32a9-5254-b99b-3ee6f2902e37,https://arxiv.org/abs/2608.14425,canonical_paper_url,1.0,https://arxiv.org/abs/2608.14425,arXiv canonical paper URL is the deterministic identity key.
research_paper,research-papers-csv:row:22,https://arxiv.org/abs/2608.14407,cc9e2584-2075-54c7-85e0-049d832f6358,https://arxiv.org/abs/2608.14407,canonical_paper_url,1.0,https://arxiv.org/abs/2608.14407,arXiv canonical paper URL is the deterministic identity key.
research_paper,research-papers-csv:row:23,https://arxiv.org/abs/2608.14405,0f9018e8-f6fc-5912-9da3-0b02672e7cec,https://arxiv.org/abs/2608.14405,canonical_paper_url,1.0,https://arxiv.org/abs/2608.14405,arXiv canonical paper URL is the deterministic identity key.
research_paper,research-papers-csv:row:24,https://arxiv.org/abs/2608.14399,7e28d516-cd1f-5dd9-8a04-77e56869e74e,https://arxiv.org/abs/2608.14399,canonical_paper_url,1.0,https://arxiv.org/abs/2608.14399,arXiv canonical paper URL is the deterministic identity key.
research_paper,research-papers-csv:row:25,https://arxiv.org/abs/2608.14397,c89515b9-5032-5d20-b343-4184a862f233,https://arxiv.org/abs/2608.14397,canonical_paper_url,1.0,https://arxiv.org/abs/2608.14397,arXiv canonical paper URL is the deterministic identity key.
research_paper,research-papers-csv:row:26,https://arxiv.org/abs/2608.14396,706ff8d3-f573-5b72-bd88-b7b7402de3f0,https://arxiv.org/abs/2608.14396,canonical_paper_url,1.0,https://arxiv.org/abs/2608.14396,arXiv canonical paper URL is the deterministic identity key.
research_paper,research-papers-csv:row:27,https://arxiv.org/abs/2608.14392,8faa0ef5-1234-501a-8a39-2f57aa106922,https://arxiv.org/abs/2608.14392,canonical_paper_url,1.0,https://arxiv.org/abs/2608.14392,arXiv canonical paper URL is the deterministic identity key.
research_paper,research-papers-csv:row:28,https://arxiv.org/abs/2608.14391,a613ff93-f2d6-575c-995c-8331420ab89a,https://arxiv.org/abs/2608.14391,canonical_paper_url,1.0,https://arxiv.org/abs/2608.14391,arXiv canonical paper URL is the deterministic identity key.
research_paper,research-papers-csv:row:29,https://arxiv.org/abs/2608.14389,db574626-bd05-5f7f-8822-e9a074be03f2,https://arxiv.org/abs/2608.14389,canonical_paper_url,1.0,https://arxiv.org/abs/2608.14389,arXiv canonical paper URL is the deterministic identity key.
research_paper,research-papers-csv:row:30,https://arxiv.org/abs/2608.14385,1f98a6df-258c-57f3-90f4-4923ade73eef,https://arxiv.org/abs/2608.14385,canonical_paper_url,1.0,https://arxiv.org/abs/2608.14385,arXiv canonical paper URL is the deterministic identity key.
research_paper,research-papers-csv:row:31,https://arxiv.org/abs/2608.14380,fd4aa07c-0f80-5282-b25f-1dd69e071ec1,https://arxiv.org/abs/2608.14380,canonical_paper_url,1.0,https://arxiv.org/abs/2608.14380,arXiv canonical paper URL is the deterministic identity key.
research_paper,research-papers-csv:row:32,https://arxiv.org/abs/2608.14379,5d0bfb10-a776-53e0-94bb-03bf65863d43,https://arxiv.org/abs/2608.14379,canonical_paper_url,1.0,https://arxiv.org/abs/2608.14379,arXiv canonical paper URL is the deterministic identity key.
research_paper,research-papers-csv:row:33,https://arxiv.org/abs/2608.14375,1a57a89e-408e-517d-ab69-e3f4588d3b53,https://arxiv.org/abs/2608.14375,canonical_paper_url,1.0,https://arxiv.org/abs/2608.14375,arXiv canonical paper URL is the deterministic identity key.
research_paper,research-papers-csv:row:34,https://arxiv.org/abs/2608.14370,ee0ca1f1-220f-509a-8a06-16048d544f0f,https://arxiv.org/abs/2608.14370,canonical_paper_url,1.0,https://arxiv.org/abs/2608.14370,arXiv canonical paper URL is the deterministic identity key.
research_paper,research-papers-csv:row:35,https://arxiv.org/abs/2608.14367,d923da6b-2717-5858-af85-dc96e6867684,https://arxiv.org/abs/2608.14367,canonical_paper_url,1.0,https://arxiv.org/abs/2608.14367,arXiv canonical paper URL is the deterministic identity key.
research_paper,research-papers-csv:row:36,https://arxiv.org/abs/2608.14359,67966415-99af-5720-8c7c-f1cbd18d8be1,https://arxiv.org/abs/2608.14359,canonical_paper_url,1.0,https://arxiv.org/abs/2608.14359,arXiv canonical paper URL is the deterministic identity key.
research_paper,research-papers-csv:row:37,https://arxiv.org/abs/2608.14355,0b7240bf-0688-54f9-af26-93a150b07be5,https://arxiv.org/abs/2608.14355,canonical_paper_url,1.0,https://arxiv.org/abs/2608.14355,arXiv canonical paper URL is the deterministic identity key.
research_paper,research-papers-csv:row:38,https://arxiv.org/abs/2608.14354,d0897bbc-476c-5222-ba2f-822f37d05ddc,https://arxiv.org/abs/2608.14354,canonical_paper_url,1.0,https://arxiv.org/abs/2608.14354,arXiv canonical paper URL is the deterministic identity key.
research_paper,research-papers-csv:row:39,https://arxiv.org/abs/2608.14339,b1d6efc6-0d4f-52a9-aeb6-67662bad4fbe,https://arxiv.org/abs/2608.14339,canonical_paper_url,1.0,https://arxiv.org/abs/2608.14339,arXiv canonical paper URL is the deterministic identity key.
research_paper,research-papers-csv:row:40,https://arxiv.org/abs/2608.14330,693e3b4b-fd56-5d3a-b0b1-fc0334f9cf10,https://arxiv.org/abs/2608.14330,canonical_paper_url,1.0,https://arxiv.org/abs/2608.14330,arXiv canonical paper URL is the deterministic identity key.
research_paper,research-papers-csv:row:41,https://arxiv.org/abs/2608.14329,7437b143-ac0c-5257-a4aa-1cab7f813b75,https://arxiv.org/abs/2608.14329,canonical_paper_url,1.0,https://arxiv.org/abs/2608.14329,arXiv canonical paper URL is the deterministic identity key.
research_paper,research-papers-csv:row:42,https://arxiv.org/abs/2608.14320,abcdfd73-d185-5956-bee4-a2a6c1f76a20,https://arxiv.org/abs/2608.14320,canonical_paper_url,1.0,https://arxiv.org/abs/2608.14320,arXiv canonical paper URL is the deterministic identity key.
research_paper,research-papers-csv:row:43,https://arxiv.org/abs/2608.14317,42400e81-6720-5732-8946-93c470e125ff,https://arxiv.org/abs/2608.14317,canonical_paper_url,1.0,https://arxiv.org/abs/2608.14317,arXiv canonical paper URL is the deterministic identity key.
research_paper,research-papers-csv:row:44,https://arxiv.org/abs/2608.14306,ac5b349d-c8db-55d6-89d9-9e66c04f245f,https://arxiv.org/abs/2608.14306,canonical_paper_url,1.0,https://arxiv.org/abs/2608.14306,arXiv canonical paper URL is the deterministic identity key.
research_paper,research-papers-csv:row:45,https://arxiv.org/abs/2608.14290,f0b821ba-00b3-5cd6-b6c7-9b49392afb52,https://arxiv.org/abs/2608.14290,canonical_paper_url,1.0,https://arxiv.org/abs/2608.14290,arXiv canonical paper URL is the deterministic identity key.
research_paper,research-papers-csv:row:46,https://arxiv.org/abs/2608.14287,6afad3b6-ddfd-5e05-8c46-b345c25d0c20,https://arxiv.org/abs/2608.14287,canonical_paper_url,1.0,https://arxiv.org/abs/2608.14287,arXiv canonical paper URL is the deterministic identity key.
research_paper,research-papers-csv:row:47,https://arxiv.org/abs/2608.14286,e4553051-b53d-5198-a789-8beec6310542,https://arxiv.org/abs/2608.14286,canonical_paper_url,1.0,https://arxiv.org/abs/2608.14286,arXiv canonical paper URL is the deterministic identity key.
research_paper,research-papers-csv:row:48,https://arxiv.org/abs/2608.14277,c40db3bc-5d9b-564a-aab8-d59a17e50949,https://arxiv.org/abs/2608.14277,canonical_paper_url,1.0,https://arxiv.org/abs/2608.14277,arXiv canonical paper URL is the deterministic identity key.
research_paper,research-papers-csv:row:49,https://arxiv.org/abs/2608.14270,445bbf06-9d30-5a32-a9fc-bda4e2d15442,https://arxiv.org/abs/2608.14270,canonical_paper_url,1.0,https://arxiv.org/abs/2608.14270,arXiv canonical paper URL is the deterministic identity key.
research_paper,research-papers-csv:row:50,https://arxiv.org/abs/2608.14264,7866acaf-a1f4-5fce-9be5-f17a551fa1ae,https://arxiv.org/abs/2608.14264,canonical_paper_url,1.0,https://arxiv.org/abs/2608.14264,arXiv canonical paper URL is the deterministic identity key.
research_paper,research-papers-csv:row:51,https://arxiv.org/abs/2608.14254,9391ee12-a13d-5769-a21d-5e568033397f,https://arxiv.org/abs/2608.14254,canonical_paper_url,1.0,https://arxiv.org/abs/2608.14254,arXiv canonical paper URL is the deterministic identity key.
research_paper,research-papers-csv:row:52,https://arxiv.org/abs/2608.14252,f2b27b11-6f58-5021-a299-eda8327ad951,https://arxiv.org/abs/2608.14252,canonical_paper_url,1.0,https://arxiv.org/abs/2608.14252,arXiv canonical paper URL is the deterministic identity key.
research_paper,research-papers-csv:row:53,https://arxiv.org/abs/2608.14246,0410f611-5a0e-55ec-a149-c3cfc1d96d1f,https://arxiv.org/abs/2608.14246,canonical_paper_url,1.0,https://arxiv.org/abs/2608.14246,arXiv canonical paper URL is the deterministic identity key.
research_paper,research-papers-csv:row:54,https://arxiv.org/abs/2608.14227,ee90b55d-cdde-52ff-b274-b9097c71e990,https://arxiv.org/abs/2608.14227,canonical_paper_url,1.0,https://arxiv.org/abs/2608.14227,arXiv canonical paper URL is the deterministic identity key.
research_paper,research-papers-csv:row:55,https://arxiv.org/abs/2608.14221,af243ab4-5331-587c-97a0-20eef2ec4bdc,https://arxiv.org/abs/2608.14221,canonical_paper_url,1.0,https://arxiv.org/abs/2608.14221,arXiv canonical paper URL is the deterministic identity key.
research_paper,research-papers-csv:row:56,https://arxiv.org/abs/2608.14220,bcb19495-fffa-5afa-bb3c-f2b6af3cd084,https://arxiv.org/abs/2608.14220,canonical_paper_url,1.0,https://arxiv.org/abs/2608.14220,arXiv canonical paper URL is the deterministic identity key.
research_paper,research-papers-csv:row:57,https://arxiv.org/abs/2608.14212,aadf3465-c339-5857-9415-b79a74168434,https://arxiv.org/abs/2608.14212,canonical_paper_url,1.0,https://arxiv.org/abs/2608.14212,arXiv canonical paper URL is the deterministic identity key.
research_paper,research-papers-csv:row:58,https://arxiv.org/abs/2608.14211,99dee345-d88b-503e-ac96-b453ce333eb2,https://arxiv.org/abs/2608.14211,canonical_paper_url,1.0,https://arxiv.org/abs/2608.14211,arXiv canonical paper URL is the deterministic identity key.
research_paper,research-papers-csv:row:59,https://arxiv.org/abs/2608.14210,8684e983-bb8e-53e6-a9e7-6dc244145e07,https://arxiv.org/abs/2608.14210,canonical_paper_url,1.0,https://arxiv.org/abs/2608.14210,arXiv canonical paper URL is the deterministic identity key.
research_paper,research-papers-csv:row:60,https://arxiv.org/abs/2608.14205,8b02c7ad-ef73-5b9f-a538-6b8b4d8bda9c,https://arxiv.org/abs/2608.14205,canonical_paper_url,1.0,https://arxiv.org/abs/2608.14205,arXiv canonical paper URL is the deterministic identity key.
research_paper,research-papers-csv:row:61,https://arxiv.org/abs/2608.14179,7297c287-aa52-5da4-a0c5-d97f06c61b3f,https://arxiv.org/abs/2608.14179,canonical_paper_url,1.0,https://arxiv.org/abs/2608.14179,arXiv canonical paper URL is the deterministic identity key.
research_paper,research-papers-csv:row:62,https://arxiv.org/abs/2608.14177,185b44db-5f07-50fa-bb25-55cefe968dc9,https://arxiv.org/abs/2608.14177,canonical_paper_url,1.0,https://arxiv.org/abs/2608.14177,arXiv canonical paper URL is the deterministic identity key.
research_paper,research-papers-csv:row:63,https://arxiv.org/abs/2608.14172,97380bf2-78b8-5f2c-a8bc-c2b0276b08cf,https://arxiv.org/abs/2608.14172,canonical_paper_url,1.0,https://arxiv.org/abs/2608.14172,arXiv canonical paper URL is the deterministic identity key.
research_paper,research-papers-csv:row:64,https://arxiv.org/abs/2608.14161,ba556f81-6f49-5dfa-ac06-d085699583ed,https://arxiv.org/abs/2608.14161,canonical_paper_url,1.0,https://arxiv.org/abs/2608.14161,arXiv canonical paper URL is the deterministic identity key.
research_paper,research-papers-csv:row:65,https://arxiv.org/abs/2608.14157,0e1ad628-6d81-5fa2-8d68-6401b5f53011,https://arxiv.org/abs/2608.14157,canonical_paper_url,1.0,https://arxiv.org/abs/2608.14157,arXiv canonical paper URL is the deterministic identity key.
research_paper,research-papers-csv:row:66,https://arxiv.org/abs/2608.14152,ecfec660-b20e-5ad2-a8d6-2e0f0b8e748a,https://arxiv.org/abs/2608.14152,canonical_paper_url,1.0,https://arxiv.org/abs/2608.14152,arXiv canonical paper URL is the deterministic identity key.
research_paper,research-papers-csv:row:67,https://arxiv.org/abs/2608.14149,32f41ae2-eea1-57f1-b459-3be33740211f,https://arxiv.org/abs/2608.14149,canonical_paper_url,1.0,https://arxiv.org/abs/2608.14149,arXiv canonical paper URL is the deterministic identity key.
research_paper,research-papers-csv:row:68,https://arxiv.org/abs/2608.14144,0fe5ba90-4456-5007-b868-6b4bd71663ef,https://arxiv.org/abs/2608.14144,canonical_paper_url,1.0,https://arxiv.org/abs/2608.14144,arXiv canonical paper URL is the deterministic identity key.
research_paper,research-papers-csv:row:69,https://arxiv.org/abs/2608.14138,1ee57c85-f681-5ca3-b7c6-aff41a54a677,https://arxiv.org/abs/2608.14138,canonical_paper_url,1.0,https://arxiv.org/abs/2608.14138,arXiv canonical paper URL is the deterministic identity key.
research_paper,research-papers-csv:row:70,https://arxiv.org/abs/2608.14136,ba87185c-b2fc-5bd7-af2d-8b93115f5f80,https://arxiv.org/abs/2608.14136,canonical_paper_url,1.0,https://arxiv.org/abs/2608.14136,arXiv canonical paper URL is the deterministic identity key.
research_paper,research-papers-csv:row:71,https://arxiv.org/abs/2608.14132,74d4def0-a280-5d9a-bc1f-f5e72788c8be,https://arxiv.org/abs/2608.14132,canonical_paper_url,1.0,https://arxiv.org/abs/2608.14132,arXiv canonical paper URL is the deterministic identity key.
research_paper,research-papers-csv:row:72,https://arxiv.org/abs/2608.14130,7fe1524b-b15e-56ca-b0db-bcb3476d3d5e,https://arxiv.org/abs/2608.14130,canonical_paper_url,1.0,https://arxiv.org/abs/2608.14130,arXiv canonical paper URL is the deterministic identity key.
research_paper,research-papers-csv:row:73,https://arxiv.org/abs/2608.14126,b77ef1e4-6ed2-5eec-9936-f095ada12cd2,https://arxiv.org/abs/2608.14126,canonical_paper_url,1.0,https://arxiv.org/abs/2608.14126,arXiv canonical paper URL is the deterministic identity key.
research_paper,research-papers-csv:row:74,https://arxiv.org/abs/2608.14125,14c4093b-beee-5d5e-954a-95ccd8403676,https://arxiv.org/abs/2608.14125,canonical_paper_url,1.0,https://arxiv.org/abs/2608.14125,arXiv canonical paper URL is the deterministic identity key.
research_paper,research-papers-csv:row:75,https://arxiv.org/abs/2608.14122,5d12e4a7-1853-5cc6-8079-0c774b67ab69,https://arxiv.org/abs/2608.14122,canonical_paper_url,1.0,https://arxiv.org/abs/2608.14122,arXiv canonical paper URL is the deterministic identity key.
research_paper,research-papers-csv:row:76,https://arxiv.org/abs/2608.14121,3e7ebfd7-3a83-5b25-8b11-bd52111e5bad,https://arxiv.org/abs/2608.14121,canonical_paper_url,1.0,https://arxiv.org/abs/2608.14121,arXiv canonical paper URL is the deterministic identity key.
research_paper,research-papers-csv:row:77,https://arxiv.org/abs/2608.14120,6adcad4e-d2ba-502a-9150-a32b5472e673,https://arxiv.org/abs/2608.14120,canonical_paper_url,1.0,https://arxiv.org/abs/2608.14120,arXiv canonical paper URL is the deterministic identity key.
research_paper,research-papers-csv:row:78,https://arxiv.org/abs/2608.14112,24dbf1e0-1fc4-50db-b835-db108932d551,https://arxiv.org/abs/2608.14112,canonical_paper_url,1.0,https://arxiv.org/abs/2608.14112,arXiv canonical paper URL is the deterministic identity key.
research_paper,research-papers-csv:row:79,https://arxiv.org/abs/2608.14109,eccb0567-bf58-5f0f-a73e-4fcdfa958962,https://arxiv.org/abs/2608.14109,canonical_paper_url,1.0,https://arxiv.org/abs/2608.14109,arXiv canonical paper URL is the deterministic identity key.
research_paper,research-papers-csv:row:80,https://arxiv.org/abs/2608.14107,93885665-2f80-58ee-bd83-745a7187fca7,https://arxiv.org/abs/2608.14107,canonical_paper_url,1.0,https://arxiv.org/abs/2608.14107,arXiv canonical paper URL is the deterministic identity key.
research_paper,research-papers-csv:row:81,https://arxiv.org/abs/2608.14106,a20cdd19-f977-5674-a972-c896c8ff60ce,https://arxiv.org/abs/2608.14106,canonical_paper_url,1.0,https://arxiv.org/abs/2608.14106,arXiv canonical paper URL is the deterministic identity key.
research_paper,research-papers-csv:row:82,https://arxiv.org/abs/2608.14104,f5147175-dbf7-5428-96fd-e0d0bdf770d8,https://arxiv.org/abs/2608.14104,canonical_paper_url,1.0,https://arxiv.org/abs/2608.14104,arXiv canonical paper URL is the deterministic identity key.
research_paper,research-papers-csv:row:83,https://arxiv.org/abs/2608.14094,ce335e69-a22e-5335-9b7a-229c1dd2bef8,https://arxiv.org/abs/2608.14094,canonical_paper_url,1.0,https://arxiv.org/abs/2608.14094,arXiv canonical paper URL is the deterministic identity key.
research_paper,research-papers-csv:row:84,https://arxiv.org/abs/2608.14089,b7b545ff-2566-5ded-9a6c-f6e72f5b1203,https://arxiv.org/abs/2608.14089,canonical_paper_url,1.0,https://arxiv.org/abs/2608.14089,arXiv canonical paper URL is the deterministic identity key.
research_paper,research-papers-csv:row:85,https://arxiv.org/abs/2608.14076,3aab43e6-6236-5bd3-bc40-e20093f1c2bb,https://arxiv.org/abs/2608.14076,canonical_paper_url,1.0,https://arxiv.org/abs/2608.14076,arXiv canonical paper URL is the deterministic identity key.
research_paper,research-papers-csv:row:86,https://arxiv.org/abs/2608.14075,9ca3fccc-9543-536b-8df1-be5618cc6ad0,https://arxiv.org/abs/2608.14075,canonical_paper_url,1.0,https://arxiv.org/abs/2608.14075,arXiv canonical paper URL is the deterministic identity key.
research_paper,research-papers-csv:row:87,https://arxiv.org/abs/2608.14074,e3964f8f-d194-52ae-b5cf-8c177c1d00a3,https://arxiv.org/abs/2608.14074,canonical_paper_url,1.0,https://arxiv.org/abs/2608.14074,arXiv canonical paper URL is the deterministic identity key.
research_paper,research-papers-csv:row:88,https://arxiv.org/abs/2608.14071,ecf687bb-02b5-5369-9da9-d988370e2437,https://arxiv.org/abs/2608.14071,canonical_paper_url,1.0,https://arxiv.org/abs/2608.14071,arXiv canonical paper URL is the deterministic identity key.
research_paper,research-papers-csv:row:89,https://arxiv.org/abs/2608.14068,25858230-f70d-50e3-973b-f351c0b4b871,https://arxiv.org/abs/2608.14068,canonical_paper_url,1.0,https://arxiv.org/abs/2608.14068,arXiv canonical paper URL is the deterministic identity key.
research_paper,research-papers-csv:row:90,https://arxiv.org/abs/2608.14065,dc063724-7989-527e-8661-9cb7d6cb13c3,https://arxiv.org/abs/2608.14065,canonical_paper_url,1.0,https://arxiv.org/abs/2608.14065,arXiv canonical paper URL is the deterministic identity key.
research_paper,research-papers-csv:row:91,https://arxiv.org/abs/2608.14063,ad07d14f-61c4-5042-9d8a-b76cd450c2fc,https://arxiv.org/abs/2608.14063,canonical_paper_url,1.0,https://arxiv.org/abs/2608.14063,arXiv canonical paper URL is the deterministic identity key.
research_paper,research-papers-csv:row:92,https://arxiv.org/abs/2608.14058,e489ac6f-5b82-502d-93ad-1243f4c7f3c8,https://arxiv.org/abs/2608.14058,canonical_paper_url,1.0,https://arxiv.org/abs/2608.14058,arXiv canonical paper URL is the deterministic identity key.
research_paper,research-papers-csv:row:93,https://arxiv.org/abs/2608.14047,aae663bb-ab65-518f-874f-5adacb0929a4,https://arxiv.org/abs/2608.14047,canonical_paper_url,1.0,https://arxiv.org/abs/2608.14047,arXiv canonical paper URL is the deterministic identity key.
research_paper,research-papers-csv:row:94,https://arxiv.org/abs/2608.14036,22097d0e-690f-5690-a1dc-29cf3afe7674,https://arxiv.org/abs/2608.14036,canonical_paper_url,1.0,https://arxiv.org/abs/2608.14036,arXiv canonical paper URL is the deterministic identity key.
research_paper,research-papers-csv:row:95,https://arxiv.org/abs/2608.14035,9bd9a004-3631-5aaa-a206-eba39a928585,https://arxiv.org/abs/2608.14035,canonical_paper_url,1.0,https://arxiv.org/abs/2608.14035,arXiv canonical paper URL is the deterministic identity key.
research_paper,research-papers-csv:row:96,https://arxiv.org/abs/2608.14032,d1cee3a8-b9e1-5fdd-9448-b1234f580d94,https://arxiv.org/abs/2608.14032,canonical_paper_url,1.0,https://arxiv.org/abs/2608.14032,arXiv canonical paper URL is the deterministic identity key.
research_paper,research-papers-csv:row:97,https://arxiv.org/abs/2608.14028,70f1d6c7-ff2b-5c52-b6de-2bb234169b05,https://arxiv.org/abs/2608.14028,canonical_paper_url,1.0,https://arxiv.org/abs/2608.14028,arXiv canonical paper URL is the deterministic identity key.
research_paper,research-papers-csv:row:98,https://arxiv.org/abs/2608.14022,c59be1eb-d2af-5994-a09e-a35cbc019cf7,https://arxiv.org/abs/2608.14022,canonical_paper_url,1.0,https://arxiv.org/abs/2608.14022,arXiv canonical paper URL is the deterministic identity key.
research_paper,research-papers-csv:row:99,https://arxiv.org/abs/2608.14021,5837d659-6fda-5c97-8dec-134ecd64d2a5,https://arxiv.org/abs/2608.14021,canonical_paper_url,1.0,https://arxiv.org/abs/2608.14021,arXiv canonical paper URL is the deterministic identity key.
research_paper,research-papers-csv:row:100,https://arxiv.org/abs/2608.14016,875fc638-a763-54a6-beb4-922f20905b71,https://arxiv.org/abs/2608.14016,canonical_paper_url,1.0,https://arxiv.org/abs/2608.14016,arXiv canonical paper URL is the deterministic identity key.
research_paper,research-papers-csv:row:101,https://arxiv.org/abs/2608.14015,965c144c-f875-57f5-a2be-5594fd1979a5,https://arxiv.org/abs/2608.14015,canonical_paper_url,1.0,https://arxiv.org/abs/2608.14015,arXiv canonical paper URL is the deterministic identity key.
research_paper,research-papers-csv:row:102,https://arxiv.org/abs/2608.14014,4565271b-4ac4-527f-95b2-eedeaf406229,https://arxiv.org/abs/2608.14014,canonical_paper_url,1.0,https://arxiv.org/abs/2608.14014,arXiv canonical paper URL is the deterministic identity key.
research_paper,research-papers-csv:row:103,https://arxiv.org/abs/2608.14011,1ff2d86e-72da-5132-ae8a-baf304dcc323,https://arxiv.org/abs/2608.14011,canonical_paper_url,1.0,https://arxiv.org/abs/2608.14011,arXiv canonical paper URL is the deterministic identity key.
research_paper,research-papers-csv:row:104,https://arxiv.org/abs/2608.13993,939467cd-d14d-5af4-95e5-878246a98c06,https://arxiv.org/abs/2608.13993,canonical_paper_url,1.0,https://arxiv.org/abs/2608.13993,arXiv canonical paper URL is the deterministic identity key.
research_paper,research-papers-csv:row:105,https://arxiv.org/abs/2608.13990,f4aeff87-fd68-51f8-847f-4e095bf3dc5e,https://arxiv.org/abs/2608.13990,canonical_paper_url,1.0,https://arxiv.org/abs/2608.13990,arXiv canonical paper URL is the deterministic identity key.
research_paper,research-papers-csv:row:106,https://arxiv.org/abs/2608.13987,d51cd082-fb24-5e4d-99af-9936d1c5110a,https://arxiv.org/abs/2608.13987,canonical_paper_url,1.0,https://arxiv.org/abs/2608.13987,arXiv canonical paper URL is the deterministic identity key.
research_paper,research-papers-csv:row:107,https://arxiv.org/abs/2608.13958,c93dfa81-a74c-58f1-89ab-488738831fb9,https://arxiv.org/abs/2608.13958,canonical_paper_url,1.0,https://arxiv.org/abs/2608.13958,arXiv canonical paper URL is the deterministic identity key.
research_paper,research-papers-csv:row:108,https://arxiv.org/abs/2608.13951,4b70fbb0-d346-5856-a58b-1d7c76f3db93,https://arxiv.org/abs/2608.13951,canonical_paper_url,1.0,https://arxiv.org/abs/2608.13951,arXiv canonical paper URL is the deterministic identity key.
research_paper,research-papers-csv:row:109,https://arxiv.org/abs/2608.13944,d8429509-b24a-5515-bf84-638851676dbf,https://arxiv.org/abs/2608.13944,canonical_paper_url,1.0,https://arxiv.org/abs/2608.13944,arXiv canonical paper URL is the deterministic identity key.
research_paper,research-papers-csv:row:110,https://arxiv.org/abs/2608.13940,fd5e8fed-78d6-5497-8838-b78a6bbda2fa,https://arxiv.org/abs/2608.13940,canonical_paper_url,1.0,https://arxiv.org/abs/2608.13940,arXiv canonical paper URL is the deterministic identity key.
research_paper,research-papers-csv:row:111,https://arxiv.org/abs/2608.13939,1594826d-a9b2-58b2-9a1e-f8d50d0f1dd0,https://arxiv.org/abs/2608.13939,canonical_paper_url,1.0,https://arxiv.org/abs/2608.13939,arXiv canonical paper URL is the deterministic identity key.
research_paper,research-papers-csv:row:112,https://arxiv.org/abs/2608.13926,6e3f2c48-b6e4-57f4-b6a3-8fa412bf435f,https://arxiv.org/abs/2608.13926,canonical_paper_url,1.0,https://arxiv.org/abs/2608.13926,arXiv canonical paper URL is the deterministic identity key.
research_paper,research-papers-csv:row:113,https://arxiv.org/abs/2608.13925,32a6ed7f-2274-57df-9fdc-fe2a42a2ca56,https://arxiv.org/abs/2608.13925,canonical_paper_url,1.0,https://arxiv.org/abs/2608.13925,arXiv canonical paper URL is the deterministic identity key.
research_paper,research-papers-csv:row:114,https://arxiv.org/abs/2608.13921,48a9099f-ada8-5ba9-91ba-1d6828dd987d,https://arxiv.org/abs/2608.13921,canonical_paper_url,1.0,https://arxiv.org/abs/2608.13921,arXiv canonical paper URL is the deterministic identity key.
research_paper,research-papers-csv:row:115,https://arxiv.org/abs/2608.13914,4114bef8-e3aa-54ac-a782-226e839a754e,https://arxiv.org/abs/2608.13914,canonical_paper_url,1.0,https://arxiv.org/abs/2608.13914,arXiv canonical paper URL is the deterministic identity key.
research_paper,research-papers-csv:row:116,https://arxiv.org/abs/2608.13905,4025d223-4429-5356-98a5-47310c5ae148,https://arxiv.org/abs/2608.13905,canonical_paper_url,1.0,https://arxiv.org/abs/2608.13905,arXiv canonical paper URL is the deterministic identity key.
research_paper,research-papers-csv:row:117,https://arxiv.org/abs/2608.13900,ccb63af1-d06a-5586-bc6a-15cc178fc39a,https://arxiv.org/abs/2608.13900,canonical_paper_url,1.0,https://arxiv.org/abs/2608.13900,arXiv canonical paper URL is the deterministic identity key.
research_paper,research-papers-csv:row:118,https://arxiv.org/abs/2608.13884,f3fa8152-cc77-5031-bcb9-8586ef9e53b9,https://arxiv.org/abs/2608.13884,canonical_paper_url,1.0,https://arxiv.org/abs/2608.13884,arXiv canonical paper URL is the deterministic identity key.
research_paper,research-papers-csv:row:119,https://arxiv.org/abs/2608.13883,61c9310e-b54f-569f-8373-ef0d95554a77,https://arxiv.org/abs/2608.13883,canonical_paper_url,1.0,https://arxiv.org/abs/2608.13883,arXiv canonical paper URL is the deterministic identity key.
research_paper,research-papers-csv:row:120,https://arxiv.org/abs/2608.13867,009adb75-0e76-58ba-9426-1e9831ea9df7,https://arxiv.org/abs/2608.13867,canonical_paper_url,1.0,https://arxiv.org/abs/2608.13867,arXiv canonical paper URL is the deterministic identity key.
research_paper,research-papers-csv:row:121,https://arxiv.org/abs/2608.13863,3bcbc31c-e0f1-512f-81a2-eea3bee3ec9f,https://arxiv.org/abs/2608.13863,canonical_paper_url,1.0,https://arxiv.org/abs/2608.13863,arXiv canonical paper URL is the deterministic identity key.
research_paper,research-papers-csv:row:122,https://arxiv.org/abs/2608.13844,ef3d3ed0-4356-53f9-b511-e6b2990e4d36,https://arxiv.org/abs/2608.13844,canonical_paper_url,1.0,https://arxiv.org/abs/2608.13844,arXiv canonical paper URL is the deterministic identity key.
research_paper,research-papers-csv:row:123,https://arxiv.org/abs/2608.13840,1dd73c1e-06c3-54b0-81ae-310f1b6fc848,https://arxiv.org/abs/2608.13840,canonical_paper_url,1.0,https://arxiv.org/abs/2608.13840,arXiv canonical paper URL is the deterministic identity key.
research_paper,research-papers-csv:row:124,https://arxiv.org/abs/2608.13833,984a2b34-bc7d-5cb7-93be-9551abd1c0a7,https://arxiv.org/abs/2608.13833,canonical_paper_url,1.0,https://arxiv.org/abs/2608.13833,arXiv canonical paper URL is the deterministic identity key.
research_paper,research-papers-csv:row:125,https://arxiv.org/abs/2608.13820,158cdfb1-2819-5c85-a320-cf67f15eff3e,https://arxiv.org/abs/2608.13820,canonical_paper_url,1.0,https://arxiv.org/abs/2608.13820,arXiv canonical paper URL is the deterministic identity key.
research_paper,research-papers-csv:row:126,https://arxiv.org/abs/2608.13809,634da645-8a05-52d4-871c-3239740e9eb1,https://arxiv.org/abs/2608.13809,canonical_paper_url,1.0,https://arxiv.org/abs/2608.13809,arXiv canonical paper URL is the deterministic identity key.
research_paper,research-papers-csv:row:127,https://arxiv.org/abs/2608.13790,ef6b07ee-7617-58c3-ba4d-e1e9aaa729f4,https://arxiv.org/abs/2608.13790,canonical_paper_url,1.0,https://arxiv.org/abs/2608.13790,arXiv canonical paper URL is the deterministic identity key.
research_paper,research-papers-csv:row:128,https://arxiv.org/abs/2608.13787,df621aa2-d518-5f62-b59b-c088e4530af0,https://arxiv.org/abs/2608.13787,canonical_paper_url,1.0,https://arxiv.org/abs/2608.13787,arXiv canonical paper URL is the deterministic identity key.
research_paper,research-papers-csv:row:129,https://arxiv.org/abs/2608.13786,cd08ce27-b14f-56f2-8620-b023ff50fe56,https://arxiv.org/abs/2608.13786,canonical_paper_url,1.0,https://arxiv.org/abs/2608.13786,arXiv canonical paper URL is the deterministic identity key.
research_paper,research-papers-csv:row:130,https://arxiv.org/abs/2608.13774,98cdc12e-6235-5afb-a3b0-a93b3defeb2f,https://arxiv.org/abs/2608.13774,canonical_paper_url,1.0,https://arxiv.org/abs/2608.13774,arXiv canonical paper URL is the deterministic identity key.
research_paper,research-papers-csv:row:131,https://arxiv.org/abs/2608.13773,7a5eb26e-535c-53c1-ba0a-475db9931f97,https://arxiv.org/abs/2608.13773,canonical_paper_url,1.0,https://arxiv.org/abs/2608.13773,arXiv canonical paper URL is the deterministic identity key.
research_paper,research-papers-csv:row:132,https://arxiv.org/abs/2608.13767,d171f503-ac9f-5ec5-828d-3d3ed7cde6c5,https://arxiv.org/abs/2608.13767,canonical_paper_url,1.0,https://arxiv.org/abs/2608.13767,arXiv canonical paper URL is the deterministic identity key.
research_paper,research-papers-csv:row:133,https://arxiv.org/abs/2608.13760,7df7eac0-0352-5c15-aa48-f248278a6d72,https://arxiv.org/abs/2608.13760,canonical_paper_url,1.0,https://arxiv.org/abs/2608.13760,arXiv canonical paper URL is the deterministic identity key.
research_paper,research-papers-csv:row:134,https://arxiv.org/abs/2608.13754,c2cd14a2-7823-5856-b6a7-37a4fe11cf4e,https://arxiv.org/abs/2608.13754,canonical_paper_url,1.0,https://arxiv.org/abs/2608.13754,arXiv canonical paper URL is the deterministic identity key.
research_paper,research-papers-csv:row:135,https://arxiv.org/abs/2608.13749,b3d40f32-1af5-598b-8029-dcd19b883094,https://arxiv.org/abs/2608.13749,canonical_paper_url,1.0,https://arxiv.org/abs/2608.13749,arXiv canonical paper URL is the deterministic identity key.
research_paper,research-papers-csv:row:136,https://arxiv.org/abs/2608.13742,0da5a565-43b7-5c29-9cdc-6cbd5d87feee,https://arxiv.org/abs/2608.13742,canonical_paper_url,1.0,https://arxiv.org/abs/2608.13742,arXiv canonical paper URL is the deterministic identity key.
research_paper,research-papers-csv:row:137,https://arxiv.org/abs/2608.13730,70baedb2-d6bd-512f-86b2-39f8086d2750,https://arxiv.org/abs/2608.13730,canonical_paper_url,1.0,https://arxiv.org/abs/2608.13730,arXiv canonical paper URL is the deterministic identity key.
research_paper,research-papers-csv:row:138,https://arxiv.org/abs/2608.13721,08c4e84b-4331-5395-9a9d-13f017889228,https://arxiv.org/abs/2608.13721,canonical_paper_url,1.0,https://arxiv.org/abs/2608.13721,arXiv canonical paper URL is the deterministic identity key.
research_paper,research-papers-csv:row:139,https://arxiv.org/abs/2608.13719,58f4d8fc-c741-545e-bef1-c302f5579812,https://arxiv.org/abs/2608.13719,canonical_paper_url,1.0,https://arxiv.org/abs/2608.13719,arXiv canonical paper URL is the deterministic identity key.
research_paper,research-papers-csv:row:140,https://arxiv.org/abs/2608.13712,56620fa9-5a3a-5697-bf00-a21f52bcbb59,https://arxiv.org/abs/2608.13712,canonical_paper_url,1.0,https://arxiv.org/abs/2608.13712,arXiv canonical paper URL is the deterministic identity key.
research_paper,research-papers-csv:row:141,https://arxiv.org/abs/2608.13708,ec7306cc-4a32-575f-908e-96f5eab51420,https://arxiv.org/abs/2608.13708,canonical_paper_url,1.0,https://arxiv.org/abs/2608.13708,arXiv canonical paper URL is the deterministic identity key.
research_paper,research-papers-csv:row:142,https://arxiv.org/abs/2608.13706,bfc726d5-9f26-550f-b126-f72f4782ee4a,https://arxiv.org/abs/2608.13706,canonical_paper_url,1.0,https://arxiv.org/abs/2608.13706,arXiv canonical paper URL is the deterministic identity key.
research_paper,research-papers-csv:row:143,https://arxiv.org/abs/2608.13702,1b5cf423-da6e-5ee0-b98a-caf23aeff13c,https://arxiv.org/abs/2608.13702,canonical_paper_url,1.0,https://arxiv.org/abs/2608.13702,arXiv canonical paper URL is the deterministic identity key.
research_paper,research-papers-csv:row:144,https://arxiv.org/abs/2608.13690,0a2702fe-a204-5ee2-a9c1-df7f9cda9d0a,https://arxiv.org/abs/2608.13690,canonical_paper_url,1.0,https://arxiv.org/abs/2608.13690,arXiv canonical paper URL is the deterministic identity key.
research_paper,research-papers-csv:row:145,https://arxiv.org/abs/2608.13684,83060d2b-9069-5586-9bd3-088045cc1eb7,https://arxiv.org/abs/2608.13684,canonical_paper_url,1.0,https://arxiv.org/abs/2608.13684,arXiv canonical paper URL is the deterministic identity key.
research_paper,research-papers-csv:row:146,https://arxiv.org/abs/2608.13681,bcfba944-8c19-5b63-871c-9bf163f21f3c,https://arxiv.org/abs/2608.13681,canonical_paper_url,1.0,https://arxiv.org/abs/2608.13681,arXiv canonical paper URL is the deterministic identity key.
research_paper,research-papers-csv:row:147,https://arxiv.org/abs/2608.13675,45e6c71c-917d-5340-9b70-e7019c6bc0a4,https://arxiv.org/abs/2608.13675,canonical_paper_url,1.0,https://arxiv.org/abs/2608.13675,arXiv canonical paper URL is the deterministic identity key.
research_paper,research-papers-csv:row:148,https://arxiv.org/abs/2608.13667,a91347ff-a0f6-5a03-ae5b-a2e3b326f6bc,https://arxiv.org/abs/2608.13667,canonical_paper_url,1.0,https://arxiv.org/abs/2608.13667,arXiv canonical paper URL is the deterministic identity key.
research_paper,research-papers-csv:row:149,https://arxiv.org/abs/2608.13662,22aadeac-7d3b-5e4c-989d-4cfd6c4ed533,https://arxiv.org/abs/2608.13662,canonical_paper_url,1.0,https://arxiv.org/abs/2608.13662,arXiv canonical paper URL is the deterministic identity key.
research_paper,research-papers-csv:row:150,https://arxiv.org/abs/2608.13560,844d6ab3-c54e-5d6c-bcd4-580d10b31f4c,https://arxiv.org/abs/2608.13560,canonical_paper_url,1.0,https://arxiv.org/abs/2608.13560,arXiv canonical paper URL is the deterministic identity key.
research_paper,research-papers-csv:row:151,https://arxiv.org/abs/2608.13558,93329688-b6b7-55e4-b352-42e82aefa222,https://arxiv.org/abs/2608.13558,canonical_paper_url,1.0,https://arxiv.org/abs/2608.13558,arXiv canonical paper URL is the deterministic identity key.
research_paper,research-papers-csv:row:152,https://arxiv.org/abs/2608.13555,9645435e-650c-5efe-b243-016bb3ef5b26,https://arxiv.org/abs/2608.13555,canonical_paper_url,1.0,https://arxiv.org/abs/2608.13555,arXiv canonical paper URL is the deterministic identity key.
research_paper,research-papers-csv:row:153,https://arxiv.org/abs/2608.13547,675cd683-b4f3-5610-b7b9-7ff96bbea278,https://arxiv.org/abs/2608.13547,canonical_paper_url,1.0,https://arxiv.org/abs/2608.13547,arXiv canonical paper URL is the deterministic identity key.
research_paper,research-papers-csv:row:154,https://arxiv.org/abs/2608.13545,67918a72-39e1-5a52-bd90-b45036ce7cd9,https://arxiv.org/abs/2608.13545,canonical_paper_url,1.0,https://arxiv.org/abs/2608.13545,arXiv canonical paper URL is the deterministic identity key.
research_paper,research-papers-csv:row:155,https://arxiv.org/abs/2608.13522,9410770f-0fef-5c9b-a05d-e3bf5cf2d5cf,https://arxiv.org/abs/2608.13522,canonical_paper_url,1.0,https://arxiv.org/abs/2608.13522,arXiv canonical paper URL is the deterministic identity key.
research_paper,research-papers-csv:row:156,https://arxiv.org/abs/2608.13520,80f5f2d3-4dcb-5d7b-b6f9-920993ab87d5,https://arxiv.org/abs/2608.13520,canonical_paper_url,1.0,https://arxiv.org/abs/2608.13520,arXiv canonical paper URL is the deterministic identity key.
research_paper,research-papers-csv:row:157,https://arxiv.org/abs/2608.13517,0c96f372-8fda-5982-8043-c973e33bdffe,https://arxiv.org/abs/2608.13517,canonical_paper_url,1.0,https://arxiv.org/abs/2608.13517,arXiv canonical paper URL is the deterministic identity key.
research_paper,research-papers-csv:row:158,https://arxiv.org/abs/2608.13492,b6185c68-fff3-5d79-a3bb-58bd6c1789f2,https://arxiv.org/abs/2608.13492,canonical_paper_url,1.0,https://arxiv.org/abs/2608.13492,arXiv canonical paper URL is the deterministic identity key.
research_paper,research-papers-csv:row:159,https://arxiv.org/abs/2608.13484,17d10e8c-5bd0-5349-8cf0-94b62d731c66,https://arxiv.org/abs/2608.13484,canonical_paper_url,1.0,https://arxiv.org/abs/2608.13484,arXiv canonical paper URL is the deterministic identity key.
research_paper,research-papers-csv:row:160,https://arxiv.org/abs/2608.13482,10595188-f588-556f-b5b8-0b40f1af98af,https://arxiv.org/abs/2608.13482,canonical_paper_url,1.0,https://arxiv.org/abs/2608.13482,arXiv canonical paper URL is the deterministic identity key.
research_paper,research-papers-csv:row:161,https://arxiv.org/abs/2608.13476,249ddce6-7ed2-5213-a157-637a2d437d49,https://arxiv.org/abs/2608.13476,canonical_paper_url,1.0,https://arxiv.org/abs/2608.13476,arXiv canonical paper URL is the deterministic identity key.
research_paper,research-papers-csv:row:162,https://arxiv.org/abs/2608.13472,e649b9ae-f6b3-5843-b302-c662834855c2,https://arxiv.org/abs/2608.13472,canonical_paper_url,1.0,https://arxiv.org/abs/2608.13472,arXiv canonical paper URL is the deterministic identity key.
research_paper,research-papers-csv:row:163,https://arxiv.org/abs/2608.13465,9d81808a-7e8f-5a8a-ae3a-4057596b151f,https://arxiv.org/abs/2608.13465,canonical_paper_url,1.0,https://arxiv.org/abs/2608.13465,arXiv canonical paper URL is the deterministic identity key.
research_paper,research-papers-csv:row:164,https://arxiv.org/abs/2608.13463,5e421751-f94e-54e3-8021-0b7002156075,https://arxiv.org/abs/2608.13463,canonical_paper_url,1.0,https://arxiv.org/abs/2608.13463,arXiv canonical paper URL is the deterministic identity key.
research_paper,research-papers-csv:row:165,https://arxiv.org/abs/2608.13459,7ba7fe1d-65a3-5637-b5a0-57f956a4e1eb,https://arxiv.org/abs/2608.13459,canonical_paper_url,1.0,https://arxiv.org/abs/2608.13459,arXiv canonical paper URL is the deterministic identity key.
research_paper,research-papers-csv:row:166,https://arxiv.org/abs/2608.13456,89c9ac06-f036-5edf-a569-e38a4330fd2b,https://arxiv.org/abs/2608.13456,canonical_paper_url,1.0,https://arxiv.org/abs/2608.13456,arXiv canonical paper URL is the deterministic identity key.
research_paper,research-papers-csv:row:167,https://arxiv.org/abs/2608.13453,9181081f-df37-595a-83c5-247d869ce9f3,https://arxiv.org/abs/2608.13453,canonical_paper_url,1.0,https://arxiv.org/abs/2608.13453,arXiv canonical paper URL is the deterministic identity key.
research_paper,research-papers-csv:row:168,https://arxiv.org/abs/2608.13447,48a26553-aa83-598d-8016-1fc11274792a,https://arxiv.org/abs/2608.13447,canonical_paper_url,1.0,https://arxiv.org/abs/2608.13447,arXiv canonical paper URL is the deterministic identity key.
research_paper,research-papers-csv:row:169,https://arxiv.org/abs/2608.13438,3d402cfe-feab-5483-b000-7107cde3b033,https://arxiv.org/abs/2608.13438,canonical_paper_url,1.0,https://arxiv.org/abs/2608.13438,arXiv canonical paper URL is the deterministic identity key.
research_paper,research-papers-csv:row:170,https://arxiv.org/abs/2608.13433,a8833b0d-d075-5f0c-a10e-9c1c9b9e6889,https://arxiv.org/abs/2608.13433,canonical_paper_url,1.0,https://arxiv.org/abs/2608.13433,arXiv canonical paper URL is the deterministic identity key.
research_paper,research-papers-csv:row:171,https://arxiv.org/abs/2608.13430,1960f18f-430a-5030-88e3-55c4951c1842,https://arxiv.org/abs/2608.13430,canonical_paper_url,1.0,https://arxiv.org/abs/2608.13430,arXiv canonical paper URL is the deterministic identity key.
research_paper,research-papers-csv:row:172,https://arxiv.org/abs/2608.13428,22d3d562-d7cb-5230-9ded-7432af56b87c,https://arxiv.org/abs/2608.13428,canonical_paper_url,1.0,https://arxiv.org/abs/2608.13428,arXiv canonical paper URL is the deterministic identity key.
research_paper,research-papers-csv:row:173,https://arxiv.org/abs/2608.13426,c162cb7e-f17a-5d0b-b592-d80fafcdb7c7,https://arxiv.org/abs/2608.13426,canonical_paper_url,1.0,https://arxiv.org/abs/2608.13426,arXiv canonical paper URL is the deterministic identity key.
research_paper,research-papers-csv:row:174,https://arxiv.org/abs/2608.13420,8a55c79f-313c-54b4-a9d0-9c000c8d085f,https://arxiv.org/abs/2608.13420,canonical_paper_url,1.0,https://arxiv.org/abs/2608.13420,arXiv canonical paper URL is the deterministic identity key.
research_paper,research-papers-csv:row:175,https://arxiv.org/abs/2608.13417,a3e3acd2-e48c-59ee-a066-5400e1b148bb,https://arxiv.org/abs/2608.13417,canonical_paper_url,1.0,https://arxiv.org/abs/2608.13417,arXiv canonical paper URL is the deterministic identity key.
research_paper,research-papers-csv:row:176,https://arxiv.org/abs/2608.13415,d0cb5a16-9c82-5734-872b-3ce31aacfecc,https://arxiv.org/abs/2608.13415,canonical_paper_url,1.0,https://arxiv.org/abs/2608.13415,arXiv canonical paper URL is the deterministic identity key.
research_paper,research-papers-csv:row:177,https://arxiv.org/abs/2608.13410,2a3f9970-a064-556d-b3a0-36492a9e2b9d,https://arxiv.org/abs/2608.13410,canonical_paper_url,1.0,https://arxiv.org/abs/2608.13410,arXiv canonical paper URL is the deterministic identity key.
research_paper,research-papers-csv:row:178,https://arxiv.org/abs/2608.13409,8ce8c3de-ea4e-5e88-a80d-a4e9465ca9d6,https://arxiv.org/abs/2608.13409,canonical_paper_url,1.0,https://arxiv.org/abs/2608.13409,arXiv canonical paper URL is the deterministic identity key.
research_paper,research-papers-csv:row:179,https://arxiv.org/abs/2608.13394,ab13b48c-be57-5db9-bdea-1cd038ffca65,https://arxiv.org/abs/2608.13394,canonical_paper_url,1.0,https://arxiv.org/abs/2608.13394,arXiv canonical paper URL is the deterministic identity key.
research_paper,research-papers-csv:row:180,https://arxiv.org/abs/2608.13389,f5969a3d-f293-545a-9a5c-42d5b6ea26ab,https://arxiv.org/abs/2608.13389,canonical_paper_url,1.0,https://arxiv.org/abs/2608.13389,arXiv canonical paper URL is the deterministic identity key.
research_paper,research-papers-csv:row:181,https://arxiv.org/abs/2608.13368,642272f0-a9ab-584a-afa7-83ecb3099c23,https://arxiv.org/abs/2608.13368,canonical_paper_url,1.0,https://arxiv.org/abs/2608.13368,arXiv canonical paper URL is the deterministic identity key.
research_paper,research-papers-csv:row:182,https://arxiv.org/abs/2608.13345,f459ee00-c1a0-59a9-9b04-cab2d1bb9a95,https://arxiv.org/abs/2608.13345,canonical_paper_url,1.0,https://arxiv.org/abs/2608.13345,arXiv canonical paper URL is the deterministic identity key.
research_paper,research-papers-csv:row:183,https://arxiv.org/abs/2608.13344,347b4ec4-0a09-5ec7-97f2-3bbb5fb83669,https://arxiv.org/abs/2608.13344,canonical_paper_url,1.0,https://arxiv.org/abs/2608.13344,arXiv canonical paper URL is the deterministic identity key.
research_paper,research-papers-csv:row:184,https://arxiv.org/abs/2608.13341,9f876289-f74e-5f62-beb4-a458549693a1,https://arxiv.org/abs/2608.13341,canonical_paper_url,1.0,https://arxiv.org/abs/2608.13341,arXiv canonical paper URL is the deterministic identity key.
research_paper,research-papers-csv:row:185,https://arxiv.org/abs/2608.13333,17cc2202-99b1-5644-b1f2-eb7bbc9c6997,https://arxiv.org/abs/2608.13333,canonical_paper_url,1.0,https://arxiv.org/abs/2608.13333,arXiv canonical paper URL is the deterministic identity key.
research_paper,research-papers-csv:row:186,https://arxiv.org/abs/2608.13331,a347efcd-4cf8-5f7c-99dd-c8bd06589ffe,https://arxiv.org/abs/2608.13331,canonical_paper_url,1.0,https://arxiv.org/abs/2608.13331,arXiv canonical paper URL is the deterministic identity key.
research_paper,research-papers-csv:row:187,https://arxiv.org/abs/2608.13328,22678327-d336-51e6-8da2-413bf5d83f98,https://arxiv.org/abs/2608.13328,canonical_paper_url,1.0,https://arxiv.org/abs/2608.13328,arXiv canonical paper URL is the deterministic identity key.
research_paper,research-papers-csv:row:188,https://arxiv.org/abs/2608.13317,9821f704-90e0-5399-bf40-75b3a0a978a2,https://arxiv.org/abs/2608.13317,canonical_paper_url,1.0,https://arxiv.org/abs/2608.13317,arXiv canonical paper URL is the deterministic identity key.
research_paper,research-papers-csv:row:189,https://arxiv.org/abs/2608.13315,8719cf8a-157c-5b39-97cb-80baadab7795,https://arxiv.org/abs/2608.13315,canonical_paper_url,1.0,https://arxiv.org/abs/2608.13315,arXiv canonical paper URL is the deterministic identity key.
research_paper,research-papers-csv:row:190,https://arxiv.org/abs/2608.13305,d8f4a8f5-06a8-573e-b6bd-5d807afe9266,https://arxiv.org/abs/2608.13305,canonical_paper_url,1.0,https://arxiv.org/abs/2608.13305,arXiv canonical paper URL is the deterministic identity key.
research_paper,research-papers-csv:row:191,https://arxiv.org/abs/2608.13296,157b3e6f-3654-5382-9fb2-3ba4194f6cdf,https://arxiv.org/abs/2608.13296,canonical_paper_url,1.0,https://arxiv.org/abs/2608.13296,arXiv canonical paper URL is the deterministic identity key.
research_paper,research-papers-csv:row:192,https://arxiv.org/abs/2608.13293,f214efda-de34-5f07-b661-842decb22776,https://arxiv.org/abs/2608.13293,canonical_paper_url,1.0,https://arxiv.org/abs/2608.13293,arXiv canonical paper URL is the deterministic identity key.
research_paper,research-papers-csv:row:193,https://arxiv.org/abs/2608.13283,b1c4c22f-331d-599e-b1fc-d6f09b5d2414,https://arxiv.org/abs/2608.13283,canonical_paper_url,1.0,https://arxiv.org/abs/2608.13283,arXiv canonical paper URL is the deterministic identity key.
research_paper,research-papers-csv:row:194,https://arxiv.org/abs/2608.13277,493b57e3-dfcb-5f01-b7fb-0f1b2c03e347,https://arxiv.org/abs/2608.13277,canonical_paper_url,1.0,https://arxiv.org/abs/2608.13277,arXiv canonical paper URL is the deterministic identity key.
research_paper,research-papers-csv:row:195,https://arxiv.org/abs/2608.13272,04ddaaa9-9f83-5308-bd54-db192010bca1,https://arxiv.org/abs/2608.13272,canonical_paper_url,1.0,https://arxiv.org/abs/2608.13272,arXiv canonical paper URL is the deterministic identity key.
research_paper,research-papers-csv:row:196,https://arxiv.org/abs/2608.13267,bfe0cb5a-eb46-515f-9b4c-865a4990976c,https://arxiv.org/abs/2608.13267,canonical_paper_url,1.0,https://arxiv.org/abs/2608.13267,arXiv canonical paper URL is the deterministic identity key.
research_paper,research-papers-csv:row:197,https://arxiv.org/abs/2608.13263,de11ad54-f6de-5b05-b041-724a46cbef88,https://arxiv.org/abs/2608.13263,canonical_paper_url,1.0,https://arxiv.org/abs/2608.13263,arXiv canonical paper URL is the deterministic identity key.
research_paper,research-papers-csv:row:198,https://arxiv.org/abs/2608.13262,fcc05542-995c-505c-840a-6482d0150a3f,https://arxiv.org/abs/2608.13262,canonical_paper_url,1.0,https://arxiv.org/abs/2608.13262,arXiv canonical paper URL is the deterministic identity key.
research_paper,research-papers-csv:row:199,https://arxiv.org/abs/2608.13258,504fc6c4-6d3d-521b-b205-cbd92f8606e3,https://arxiv.org/abs/2608.13258,canonical_paper_url,1.0,https://arxiv.org/abs/2608.13258,arXiv canonical paper URL is the deterministic identity key.
research_paper,research-papers-csv:row:200,https://arxiv.org/abs/2608.13256,a492ace1-b977-5577-ac55-c7a59a91a0dc,https://arxiv.org/abs/2608.13256,canonical_paper_url,1.0,https://arxiv.org/abs/2608.13256,arXiv canonical paper URL is the deterministic identity key.
research_paper,research-papers-csv:row:201,https://arxiv.org/abs/2608.13255,9beb661d-045a-5348-a9f9-8ef41343d982,https://arxiv.org/abs/2608.13255,canonical_paper_url,1.0,https://arxiv.org/abs/2608.13255,arXiv canonical paper URL is the deterministic identity key.
research_paper,research-papers-csv:row:202,https://arxiv.org/abs/2608.13250,95e58369-deca-5bfd-a24a-a4031ebd318f,https://arxiv.org/abs/2608.13250,canonical_paper_url,1.0,https://arxiv.org/abs/2608.13250,arXiv canonical paper URL is the deterministic identity key.
research_paper,research-papers-csv:row:203,https://arxiv.org/abs/2608.13228,e1656aa7-3d77-595c-8df3-65cde113ada3,https://arxiv.org/abs/2608.13228,canonical_paper_url,1.0,https://arxiv.org/abs/2608.13228,arXiv canonical paper URL is the deterministic identity key.
research_paper,research-papers-csv:row:204,https://arxiv.org/abs/2608.13226,8b310407-5e6f-5e3d-a94b-01b85ee91cee,https://arxiv.org/abs/2608.13226,canonical_paper_url,1.0,https://arxiv.org/abs/2608.13226,arXiv canonical paper URL is the deterministic identity key.
research_paper,research-papers-csv:row:205,https://arxiv.org/abs/2608.13221,bc441a1c-ce10-5b5d-908e-6824dacc13f2,https://arxiv.org/abs/2608.13221,canonical_paper_url,1.0,https://arxiv.org/abs/2608.13221,arXiv canonical paper URL is the deterministic identity key.
research_paper,research-papers-csv:row:206,https://arxiv.org/abs/2608.13210,15012323-3ed8-5bd7-bfad-20ed5b9d998f,https://arxiv.org/abs/2608.13210,canonical_paper_url,1.0,https://arxiv.org/abs/2608.13210,arXiv canonical paper URL is the deterministic identity key.
research_paper,research-papers-csv:row:207,https://arxiv.org/abs/2608.13200,203dfbb5-1e80-523f-b21a-90ff3f9bba4e,https://arxiv.org/abs/2608.13200,canonical_paper_url,1.0,https://arxiv.org/abs/2608.13200,arXiv canonical paper URL is the deterministic identity key.
research_paper,research-papers-csv:row:208,https://arxiv.org/abs/2608.13179,04d94489-37bf-5aa4-bf9d-a40157d48255,https://arxiv.org/abs/2608.13179,canonical_paper_url,1.0,https://arxiv.org/abs/2608.13179,arXiv canonical paper URL is the deterministic identity key.
research_paper,research-papers-csv:row:209,https://arxiv.org/abs/2608.13173,e258026d-aa9e-51b4-b27f-fd939682af28,https://arxiv.org/abs/2608.13173,canonical_paper_url,1.0,https://arxiv.org/abs/2608.13173,arXiv canonical paper URL is the deterministic identity key.
research_paper,research-papers-csv:row:210,https://arxiv.org/abs/2608.13167,ba5a309c-f340-57c0-ba2f-03e7d2fe706a,https://arxiv.org/abs/2608.13167,canonical_paper_url,1.0,https://arxiv.org/abs/2608.13167,arXiv canonical paper URL is the deterministic identity key.
research_paper,research-papers-csv:row:211,https://arxiv.org/abs/2608.13160,538c90f7-3854-5ec6-8935-198f0108f0ac,https://arxiv.org/abs/2608.13160,canonical_paper_url,1.0,https://arxiv.org/abs/2608.13160,arXiv canonical paper URL is the deterministic identity key.
research_paper,research-papers-csv:row:212,https://arxiv.org/abs/2608.13156,5156fce1-bb54-515b-a473-03e9e4eb998d,https://arxiv.org/abs/2608.13156,canonical_paper_url,1.0,https://arxiv.org/abs/2608.13156,arXiv canonical paper URL is the deterministic identity key.
research_paper,research-papers-csv:row:213,https://arxiv.org/abs/2608.13144,7e1e2b99-6121-566e-b4b1-e12c568a16f4,https://arxiv.org/abs/2608.13144,canonical_paper_url,1.0,https://arxiv.org/abs/2608.13144,arXiv canonical paper URL is the deterministic identity key.
research_paper,research-papers-csv:row:214,https://arxiv.org/abs/2608.13136,c556265f-d230-5b3a-8bab-ec569365e153,https://arxiv.org/abs/2608.13136,canonical_paper_url,1.0,https://arxiv.org/abs/2608.13136,arXiv canonical paper URL is the deterministic identity key.
research_paper,research-papers-csv:row:215,https://arxiv.org/abs/2608.13129,5a5f0a9e-7acb-5953-a8ee-b0aa94a51654,https://arxiv.org/abs/2608.13129,canonical_paper_url,1.0,https://arxiv.org/abs/2608.13129,arXiv canonical paper URL is the deterministic identity key.
research_paper,research-papers-csv:row:216,https://arxiv.org/abs/2608.13120,cd6ed8f2-d67d-5b0f-8674-12259635f67f,https://arxiv.org/abs/2608.13120,canonical_paper_url,1.0,https://arxiv.org/abs/2608.13120,arXiv canonical paper URL is the deterministic identity key.
research_paper,research-papers-csv:row:217,https://arxiv.org/abs/2608.13113,08141d00-f2f2-5e65-a249-4e5afc3c948c,https://arxiv.org/abs/2608.13113,canonical_paper_url,1.0,https://arxiv.org/abs/2608.13113,arXiv canonical paper URL is the deterministic identity key.
research_paper,research-papers-csv:row:218,https://arxiv.org/abs/2608.13108,41a2622a-c484-5de8-bb06-c247fd6b08a3,https://arxiv.org/abs/2608.13108,canonical_paper_url,1.0,https://arxiv.org/abs/2608.13108,arXiv canonical paper URL is the deterministic identity key.
research_paper,research-papers-csv:row:219,https://arxiv.org/abs/2608.13100,20bb5cef-0606-5ed0-a6f9-3194a9b5c77a,https://arxiv.org/abs/2608.13100,canonical_paper_url,1.0,https://arxiv.org/abs/2608.13100,arXiv canonical paper URL is the deterministic identity key.
research_paper,research-papers-csv:row:220,https://arxiv.org/abs/2608.13087,9cfaf787-3dbb-576c-b9c1-e6c40e810697,https://arxiv.org/abs/2608.13087,canonical_paper_url,1.0,https://arxiv.org/abs/2608.13087,arXiv canonical paper URL is the deterministic identity key.
research_paper,research-papers-csv:row:221,https://arxiv.org/abs/2608.13082,608d650d-284e-578a-bbe9-2d5ad095ac83,https://arxiv.org/abs/2608.13082,canonical_paper_url,1.0,https://arxiv.org/abs/2608.13082,arXiv canonical paper URL is the deterministic identity key.
research_paper,research-papers-csv:row:222,https://arxiv.org/abs/2608.13076,80e732e5-262e-5352-923b-6957b6c992b3,https://arxiv.org/abs/2608.13076,canonical_paper_url,1.0,https://arxiv.org/abs/2608.13076,arXiv canonical paper URL is the deterministic identity key.
research_paper,research-papers-csv:row:223,https://arxiv.org/abs/2608.13072,c4fa6101-401f-59e8-9032-91cb64d4a7d1,https://arxiv.org/abs/2608.13072,canonical_paper_url,1.0,https://arxiv.org/abs/2608.13072,arXiv canonical paper URL is the deterministic identity key.
research_paper,research-papers-csv:row:224,https://arxiv.org/abs/2608.13069,6c779415-04c7-51a9-bdfa-7c0614b48062,https://arxiv.org/abs/2608.13069,canonical_paper_url,1.0,https://arxiv.org/abs/2608.13069,arXiv canonical paper URL is the deterministic identity key.
research_paper,research-papers-csv:row:225,https://arxiv.org/abs/2608.13063,6c90b28b-6de4-518d-84ca-3efc4c1289f4,https://arxiv.org/abs/2608.13063,canonical_paper_url,1.0,https://arxiv.org/abs/2608.13063,arXiv canonical paper URL is the deterministic identity key.
research_paper,research-papers-csv:row:226,https://arxiv.org/abs/2608.13061,394cba2c-c07b-58e2-a754-e8f0dc4280f4,https://arxiv.org/abs/2608.13061,canonical_paper_url,1.0,https://arxiv.org/abs/2608.13061,arXiv canonical paper URL is the deterministic identity key.
research_paper,research-papers-csv:row:227,https://arxiv.org/abs/2608.13060,3505a3ba-e19e-52a9-a736-a6e6ce10894c,https://arxiv.org/abs/2608.13060,canonical_paper_url,1.0,https://arxiv.org/abs/2608.13060,arXiv canonical paper URL is the deterministic identity key.
research_paper,research-papers-csv:row:228,https://arxiv.org/abs/2608.13057,860abefc-26fd-507b-b3ef-b28b905eb0df,https://arxiv.org/abs/2608.13057,canonical_paper_url,1.0,https://arxiv.org/abs/2608.13057,arXiv canonical paper URL is the deterministic identity key.
research_paper,research-papers-csv:row:229,https://arxiv.org/abs/2608.13050,8d6ed3ed-d9b0-545e-bb40-8ca7c252a83d,https://arxiv.org/abs/2608.13050,canonical_paper_url,1.0,https://arxiv.org/abs/2608.13050,arXiv canonical paper URL is the deterministic identity key.
research_paper,research-papers-csv:row:230,https://arxiv.org/abs/2608.13048,b73f401c-12e9-5334-87fa-9c9fc03c3c21,https://arxiv.org/abs/2608.13048,canonical_paper_url,1.0,https://arxiv.org/abs/2608.13048,arXiv canonical paper URL is the deterministic identity key.
research_paper,research-papers-csv:row:231,https://arxiv.org/abs/2608.13046,0d51a449-62c8-5e03-af8b-2607397194a7,https://arxiv.org/abs/2608.13046,canonical_paper_url,1.0,https://arxiv.org/abs/2608.13046,arXiv canonical paper URL is the deterministic identity key.
research_paper,research-papers-csv:row:232,https://arxiv.org/abs/2608.13043,19638418-23cc-52bc-826b-adad203f8f04,https://arxiv.org/abs/2608.13043,canonical_paper_url,1.0,https://arxiv.org/abs/2608.13043,arXiv canonical paper URL is the deterministic identity key.
research_paper,research-papers-csv:row:233,https://arxiv.org/abs/2608.13031,78939a71-55f9-5c44-9479-485ffc2554a6,https://arxiv.org/abs/2608.13031,canonical_paper_url,1.0,https://arxiv.org/abs/2608.13031,arXiv canonical paper URL is the deterministic identity key.
research_paper,research-papers-csv:row:234,https://arxiv.org/abs/2608.13029,f99dd7b3-b721-5ff2-aeae-d6d9f643945c,https://arxiv.org/abs/2608.13029,canonical_paper_url,1.0,https://arxiv.org/abs/2608.13029,arXiv canonical paper URL is the deterministic identity key.
research_paper,research-papers-csv:row:235,https://arxiv.org/abs/2608.13630,733e7f55-cd7d-5511-9a4b-2d0327492d76,https://arxiv.org/abs/2608.13630,canonical_paper_url,1.0,https://arxiv.org/abs/2608.13630,arXiv canonical paper URL is the deterministic identity key.
research_paper,research-papers-csv:row:236,https://arxiv.org/abs/2608.13018,1999abd1-4bfc-5e96-b4ea-358e1b6e48a8,https://arxiv.org/abs/2608.13018,canonical_paper_url,1.0,https://arxiv.org/abs/2608.13018,arXiv canonical paper URL is the deterministic identity key.
research_paper,research-papers-csv:row:237,https://arxiv.org/abs/2608.12995,9cd5c0da-1691-5a50-bcf4-f41c40a110f4,https://arxiv.org/abs/2608.12995,canonical_paper_url,1.0,https://arxiv.org/abs/2608.12995,arXiv canonical paper URL is the deterministic identity key.
research_paper,research-papers-csv:row:238,https://arxiv.org/abs/2608.12987,596c21dd-5e02-5eb4-9380-589736fb8476,https://arxiv.org/abs/2608.12987,canonical_paper_url,1.0,https://arxiv.org/abs/2608.12987,arXiv canonical paper URL is the deterministic identity key.
research_paper,research-papers-csv:row:239,https://arxiv.org/abs/2608.12977,0164987b-58ae-5876-8f40-e1891270331c,https://arxiv.org/abs/2608.12977,canonical_paper_url,1.0,https://arxiv.org/abs/2608.12977,arXiv canonical paper URL is the deterministic identity key.
research_paper,research-papers-csv:row:240,https://arxiv.org/abs/2608.12961,050de60c-d11d-5483-94bf-d931b5036955,https://arxiv.org/abs/2608.12961,canonical_paper_url,1.0,https://arxiv.org/abs/2608.12961,arXiv canonical paper URL is the deterministic identity key.
research_paper,research-papers-csv:row:241,https://arxiv.org/abs/2608.12959,7e2efbd2-6cae-5a7c-8e24-8576c65ffb16,https://arxiv.org/abs/2608.12959,canonical_paper_url,1.0,https://arxiv.org/abs/2608.12959,arXiv canonical paper URL is the deterministic identity key.
research_paper,research-papers-csv:row:242,https://arxiv.org/abs/2608.12936,158faac8-f4e9-5990-9c7a-98d8c430dab8,https://arxiv.org/abs/2608.12936,canonical_paper_url,1.0,https://arxiv.org/abs/2608.12936,arXiv canonical paper URL is the deterministic identity key.
research_paper,research-papers-csv:row:243,https://arxiv.org/abs/2608.12935,1bcf696c-f61a-5f18-841d-e3cba1c6c4db,https://arxiv.org/abs/2608.12935,canonical_paper_url,1.0,https://arxiv.org/abs/2608.12935,arXiv canonical paper URL is the deterministic identity key.
research_paper,research-papers-csv:row:244,https://arxiv.org/abs/2608.12932,0f94144b-e222-555e-a0e9-09fb41ee47fe,https://arxiv.org/abs/2608.12932,canonical_paper_url,1.0,https://arxiv.org/abs/2608.12932,arXiv canonical paper URL is the deterministic identity key.
research_paper,research-papers-csv:row:245,https://arxiv.org/abs/2608.12928,c8d3891d-f0f2-5e92-a657-6ecd3bdc0182,https://arxiv.org/abs/2608.12928,canonical_paper_url,1.0,https://arxiv.org/abs/2608.12928,arXiv canonical paper URL is the deterministic identity key.
research_paper,research-papers-csv:row:246,https://arxiv.org/abs/2608.12926,af81b96d-70ca-5c0f-ba03-046064dce8a1,https://arxiv.org/abs/2608.12926,canonical_paper_url,1.0,https://arxiv.org/abs/2608.12926,arXiv canonical paper URL is the deterministic identity key.
research_paper,research-papers-csv:row:247,https://arxiv.org/abs/2608.12921,50dedf58-2000-5c2d-b77a-7a9e2654ad4e,https://arxiv.org/abs/2608.12921,canonical_paper_url,1.0,https://arxiv.org/abs/2608.12921,arXiv canonical paper URL is the deterministic identity key.
research_paper,research-papers-csv:row:248,https://arxiv.org/abs/2608.12915,ea2d35e9-1cd3-5227-bfdc-7b33bda24c82,https://arxiv.org/abs/2608.12915,canonical_paper_url,1.0,https://arxiv.org/abs/2608.12915,arXiv canonical paper URL is the deterministic identity key.
research_paper,research-papers-csv:row:249,https://arxiv.org/abs/2608.12906,16894105-a799-543c-a65c-8a7d4cf54e17,https://arxiv.org/abs/2608.12906,canonical_paper_url,1.0,https://arxiv.org/abs/2608.12906,arXiv canonical paper URL is the deterministic identity key.
research_paper,research-papers-csv:row:250,https://arxiv.org/abs/2608.12898,0498f768-05a6-58d6-a51a-ef366cef504d,https://arxiv.org/abs/2608.12898,canonical_paper_url,1.0,https://arxiv.org/abs/2608.12898,arXiv canonical paper URL is the deterministic identity key.
research_paper,research-papers-csv:row:251,https://arxiv.org/abs/2608.12895,2f8fad16-0a13-5d56-9ca2-2584bb9aeb68,https://arxiv.org/abs/2608.12895,canonical_paper_url,1.0,https://arxiv.org/abs/2608.12895,arXiv canonical paper URL is the deterministic identity key.
research_paper,research-papers-csv:row:252,https://arxiv.org/abs/2608.12892,c5a63ab4-f0a3-5544-8f64-4775264a54cb,https://arxiv.org/abs/2608.12892,canonical_paper_url,1.0,https://arxiv.org/abs/2608.12892,arXiv canonical paper URL is the deterministic identity key.
research_paper,research-papers-csv:row:253,https://arxiv.org/abs/2608.12880,f167ba08-a15e-5340-bcc3-36a621112c9e,https://arxiv.org/abs/2608.12880,canonical_paper_url,1.0,https://arxiv.org/abs/2608.12880,arXiv canonical paper URL is the deterministic identity key.
research_paper,research-papers-csv:row:254,https://arxiv.org/abs/2608.12877,ad192247-5d5a-5565-a78c-25ea3f17551f,https://arxiv.org/abs/2608.12877,canonical_paper_url,1.0,https://arxiv.org/abs/2608.12877,arXiv canonical paper URL is the deterministic identity key.
research_paper,research-papers-csv:row:255,https://arxiv.org/abs/2608.12876,5999a33f-bc3d-5eb1-87e2-6679bc96ec69,https://arxiv.org/abs/2608.12876,canonical_paper_url,1.0,https://arxiv.org/abs/2608.12876,arXiv canonical paper URL is the deterministic identity key.
research_paper,research-papers-csv:row:256,https://arxiv.org/abs/2608.12869,42109bda-bf39-5edf-afbb-4e5694bd34d9,https://arxiv.org/abs/2608.12869,canonical_paper_url,1.0,https://arxiv.org/abs/2608.12869,arXiv canonical paper URL is the deterministic identity key.
research_paper,research-papers-csv:row:257,https://arxiv.org/abs/2608.12863,4c578d29-7dd2-5f93-b810-18a9f13a2256,https://arxiv.org/abs/2608.12863,canonical_paper_url,1.0,https://arxiv.org/abs/2608.12863,arXiv canonical paper URL is the deterministic identity key.
research_paper,research-papers-csv:row:258,https://arxiv.org/abs/2608.12854,31f3f89c-4b64-58f1-912f-5fb4c3f8a885,https://arxiv.org/abs/2608.12854,canonical_paper_url,1.0,https://arxiv.org/abs/2608.12854,arXiv canonical paper URL is the deterministic identity key.
research_paper,research-papers-csv:row:259,https://arxiv.org/abs/2608.12852,688d998b-4ec7-5795-8b37-be407f9b5b3e,https://arxiv.org/abs/2608.12852,canonical_paper_url,1.0,https://arxiv.org/abs/2608.12852,arXiv canonical paper URL is the deterministic identity key.
research_paper,research-papers-csv:row:260,https://arxiv.org/abs/2608.12851,aea5190e-10d8-5419-8810-68eae5ed8782,https://arxiv.org/abs/2608.12851,canonical_paper_url,1.0,https://arxiv.org/abs/2608.12851,arXiv canonical paper URL is the deterministic identity key.
research_paper,research-papers-csv:row:261,https://arxiv.org/abs/2608.13626,c51c3532-325c-57ed-b47a-e6c5b102d906,https://arxiv.org/abs/2608.13626,canonical_paper_url,1.0,https://arxiv.org/abs/2608.13626,arXiv canonical paper URL is the deterministic identity key.
research_paper,research-papers-csv:row:262,https://arxiv.org/abs/2608.12847,4c5bfda4-8c75-5171-a218-a1fad99f659d,https://arxiv.org/abs/2608.12847,canonical_paper_url,1.0,https://arxiv.org/abs/2608.12847,arXiv canonical paper URL is the deterministic identity key.
research_paper,research-papers-csv:row:263,https://arxiv.org/abs/2608.12845,3c242b52-b0bd-5ca2-ba06-0c3b1615b593,https://arxiv.org/abs/2608.12845,canonical_paper_url,1.0,https://arxiv.org/abs/2608.12845,arXiv canonical paper URL is the deterministic identity key.
research_paper,research-papers-csv:row:264,https://arxiv.org/abs/2608.12843,29ccd21c-5cb4-52dc-a83e-d42464489079,https://arxiv.org/abs/2608.12843,canonical_paper_url,1.0,https://arxiv.org/abs/2608.12843,arXiv canonical paper URL is the deterministic identity key.
research_paper,research-papers-csv:row:265,https://arxiv.org/abs/2608.12842,2fb1fc62-3a44-5d4e-8200-1a8b6af38244,https://arxiv.org/abs/2608.12842,canonical_paper_url,1.0,https://arxiv.org/abs/2608.12842,arXiv canonical paper URL is the deterministic identity key.
research_paper,research-papers-csv:row:266,https://arxiv.org/abs/2608.12841,da4abce3-2716-530e-9870-f06cacfed827,https://arxiv.org/abs/2608.12841,canonical_paper_url,1.0,https://arxiv.org/abs/2608.12841,arXiv canonical paper URL is the deterministic identity key.
research_paper,research-papers-csv:row:267,https://arxiv.org/abs/2608.12836,ba96e1ce-46c3-5d35-b08f-3556e3fe2fcd,https://arxiv.org/abs/2608.12836,canonical_paper_url,1.0,https://arxiv.org/abs/2608.12836,arXiv canonical paper URL is the deterministic identity key.
research_paper,research-papers-csv:row:268,https://arxiv.org/abs/2608.12831,3e43d4de-3a93-5539-aa78-59b1adf9927c,https://arxiv.org/abs/2608.12831,canonical_paper_url,1.0,https://arxiv.org/abs/2608.12831,arXiv canonical paper URL is the deterministic identity key.
research_paper,research-papers-csv:row:269,https://arxiv.org/abs/2608.12806,381f7f14-2eea-5d05-87b7-e648154b3d8a,https://arxiv.org/abs/2608.12806,canonical_paper_url,1.0,https://arxiv.org/abs/2608.12806,arXiv canonical paper URL is the deterministic identity key.
research_paper,research-papers-csv:row:270,https://arxiv.org/abs/2608.13625,6fe1e600-95a8-5cf1-9821-379db984664b,https://arxiv.org/abs/2608.13625,canonical_paper_url,1.0,https://arxiv.org/abs/2608.13625,arXiv canonical paper URL is the deterministic identity key.
research_paper,research-papers-csv:row:271,https://arxiv.org/abs/2608.12789,f2dd2dc8-a9e9-58ec-96de-748593db7b19,https://arxiv.org/abs/2608.12789,canonical_paper_url,1.0,https://arxiv.org/abs/2608.12789,arXiv canonical paper URL is the deterministic identity key.
research_paper,research-papers-csv:row:272,https://arxiv.org/abs/2608.12788,078d04bb-045f-5a2b-a128-372f0079ff28,https://arxiv.org/abs/2608.12788,canonical_paper_url,1.0,https://arxiv.org/abs/2608.12788,arXiv canonical paper URL is the deterministic identity key.
research_paper,research-papers-csv:row:273,https://arxiv.org/abs/2608.12779,c59f58f5-cbf3-5e6d-b838-f2fa3b55da5c,https://arxiv.org/abs/2608.12779,canonical_paper_url,1.0,https://arxiv.org/abs/2608.12779,arXiv canonical paper URL is the deterministic identity key.
research_paper,research-papers-csv:row:274,https://arxiv.org/abs/2608.12771,d2ccaa97-3c75-5600-b1fa-4d8c851f3c01,https://arxiv.org/abs/2608.12771,canonical_paper_url,1.0,https://arxiv.org/abs/2608.12771,arXiv canonical paper URL is the deterministic identity key.
research_paper,research-papers-csv:row:275,https://arxiv.org/abs/2608.13624,04787ad1-e36c-50ca-82fd-ea049b9fcb4b,https://arxiv.org/abs/2608.13624,canonical_paper_url,1.0,https://arxiv.org/abs/2608.13624,arXiv canonical paper URL is the deterministic identity key.
research_paper,research-papers-csv:row:276,https://arxiv.org/abs/2608.12764,7fea1ba1-f84e-5e1e-970e-b211d6bdf20e,https://arxiv.org/abs/2608.12764,canonical_paper_url,1.0,https://arxiv.org/abs/2608.12764,arXiv canonical paper URL is the deterministic identity key.
research_paper,research-papers-csv:row:277,https://arxiv.org/abs/2608.12762,2ed2e22b-37f7-53db-a834-756805816375,https://arxiv.org/abs/2608.12762,canonical_paper_url,1.0,https://arxiv.org/abs/2608.12762,arXiv canonical paper URL is the deterministic identity key.
research_paper,research-papers-csv:row:278,https://arxiv.org/abs/2608.12761,2186fde5-a829-53a8-9444-e97d580370bd,https://arxiv.org/abs/2608.12761,canonical_paper_url,1.0,https://arxiv.org/abs/2608.12761,arXiv canonical paper URL is the deterministic identity key.
research_paper,research-papers-csv:row:279,https://arxiv.org/abs/2608.12751,7624f9c6-e0b8-562e-84ec-fa1c8d2ac99b,https://arxiv.org/abs/2608.12751,canonical_paper_url,1.0,https://arxiv.org/abs/2608.12751,arXiv canonical paper URL is the deterministic identity key.
research_paper,research-papers-csv:row:280,https://arxiv.org/abs/2608.12750,bcaf5ac7-5040-5130-8ce8-5a173c61ae18,https://arxiv.org/abs/2608.12750,canonical_paper_url,1.0,https://arxiv.org/abs/2608.12750,arXiv canonical paper URL is the deterministic identity key.
research_paper,research-papers-csv:row:281,https://arxiv.org/abs/2608.12743,67a01635-b6ce-5090-a2aa-4f9e0ebaf6fa,https://arxiv.org/abs/2608.12743,canonical_paper_url,1.0,https://arxiv.org/abs/2608.12743,arXiv canonical paper URL is the deterministic identity key.
research_paper,research-papers-csv:row:282,https://arxiv.org/abs/2608.12720,a3ddf5b8-c6fe-5771-b4d6-b3e5d47e402a,https://arxiv.org/abs/2608.12720,canonical_paper_url,1.0,https://arxiv.org/abs/2608.12720,arXiv canonical paper URL is the deterministic identity key.
research_paper,research-papers-csv:row:283,https://arxiv.org/abs/2608.12719,743fe1d8-f1d2-5e80-83a4-0ac1032c3878,https://arxiv.org/abs/2608.12719,canonical_paper_url,1.0,https://arxiv.org/abs/2608.12719,arXiv canonical paper URL is the deterministic identity key.
research_paper,research-papers-csv:row:284,https://arxiv.org/abs/2608.12715,e1192ab4-cc33-58a8-bee9-c82a47d0cdbe,https://arxiv.org/abs/2608.12715,canonical_paper_url,1.0,https://arxiv.org/abs/2608.12715,arXiv canonical paper URL is the deterministic identity key.
research_paper,research-papers-csv:row:285,https://arxiv.org/abs/2608.12713,75e22805-0270-5b52-8600-18fe977c8164,https://arxiv.org/abs/2608.12713,canonical_paper_url,1.0,https://arxiv.org/abs/2608.12713,arXiv canonical paper URL is the deterministic identity key.
research_paper,research-papers-csv:row:286,https://arxiv.org/abs/2608.13622,0aab600a-d3ca-56ec-a180-6e39e8a9f36e,https://arxiv.org/abs/2608.13622,canonical_paper_url,1.0,https://arxiv.org/abs/2608.13622,arXiv canonical paper URL is the deterministic identity key.
research_paper,research-papers-csv:row:287,https://arxiv.org/abs/2608.13621,df9ae058-6de5-565a-a4c5-f66a576e5046,https://arxiv.org/abs/2608.13621,canonical_paper_url,1.0,https://arxiv.org/abs/2608.13621,arXiv canonical paper URL is the deterministic identity key.
research_paper,research-papers-csv:row:288,https://arxiv.org/abs/2608.12689,41100ccc-edbd-5527-a176-dba7c76fb348,https://arxiv.org/abs/2608.12689,canonical_paper_url,1.0,https://arxiv.org/abs/2608.12689,arXiv canonical paper URL is the deterministic identity key.
research_paper,research-papers-csv:row:289,https://arxiv.org/abs/2608.12680,aa48c8a2-3f1a-5865-b62a-aadc90bb5c65,https://arxiv.org/abs/2608.12680,canonical_paper_url,1.0,https://arxiv.org/abs/2608.12680,arXiv canonical paper URL is the deterministic identity key.
research_paper,research-papers-csv:row:290,https://arxiv.org/abs/2608.12679,dd1433c4-1616-54e9-828d-87daa7917427,https://arxiv.org/abs/2608.12679,canonical_paper_url,1.0,https://arxiv.org/abs/2608.12679,arXiv canonical paper URL is the deterministic identity key.
research_paper,research-papers-csv:row:291,https://arxiv.org/abs/2608.12677,a794f20a-4d78-5067-a50a-0b3c2abfec0f,https://arxiv.org/abs/2608.12677,canonical_paper_url,1.0,https://arxiv.org/abs/2608.12677,arXiv canonical paper URL is the deterministic identity key.
research_paper,research-papers-csv:row:292,https://arxiv.org/abs/2608.12675,ffd1a906-9e9d-5d7b-ac34-d5dd79428c21,https://arxiv.org/abs/2608.12675,canonical_paper_url,1.0,https://arxiv.org/abs/2608.12675,arXiv canonical paper URL is the deterministic identity key.
research_paper,research-papers-csv:row:293,https://arxiv.org/abs/2608.12674,7186295e-8b97-5e3b-93cd-da46bcee5370,https://arxiv.org/abs/2608.12674,canonical_paper_url,1.0,https://arxiv.org/abs/2608.12674,arXiv canonical paper URL is the deterministic identity key.
research_paper,research-papers-csv:row:294,https://arxiv.org/abs/2608.12671,5052ed5d-fdb8-5ec9-bfb7-bdf539b8cfe0,https://arxiv.org/abs/2608.12671,canonical_paper_url,1.0,https://arxiv.org/abs/2608.12671,arXiv canonical paper URL is the deterministic identity key.
research_paper,research-papers-csv:row:295,https://arxiv.org/abs/2608.12670,8ab5033d-46e8-5387-ad36-9eac293b79d6,https://arxiv.org/abs/2608.12670,canonical_paper_url,1.0,https://arxiv.org/abs/2608.12670,arXiv canonical paper URL is the deterministic identity key.
research_paper,research-papers-csv:row:296,https://arxiv.org/abs/2608.12657,b2fdb001-0649-5ded-acda-d6864454dea0,https://arxiv.org/abs/2608.12657,canonical_paper_url,1.0,https://arxiv.org/abs/2608.12657,arXiv canonical paper URL is the deterministic identity key.
research_paper,research-papers-csv:row:297,https://arxiv.org/abs/2608.12654,f1d60aec-ccd8-5f3b-a5f8-82e4d025b73f,https://arxiv.org/abs/2608.12654,canonical_paper_url,1.0,https://arxiv.org/abs/2608.12654,arXiv canonical paper URL is the deterministic identity key.
research_paper,research-papers-csv:row:298,https://arxiv.org/abs/2608.12645,aa437d02-d746-56cd-9323-5a0906a4146c,https://arxiv.org/abs/2608.12645,canonical_paper_url,1.0,https://arxiv.org/abs/2608.12645,arXiv canonical paper URL is the deterministic identity key.
research_paper,research-papers-csv:row:299,https://arxiv.org/abs/2608.12640,f98642ae-1993-5a19-979f-6ed4faa8eb1d,https://arxiv.org/abs/2608.12640,canonical_paper_url,1.0,https://arxiv.org/abs/2608.12640,arXiv canonical paper URL is the deterministic identity key.
research_paper,research-papers-csv:row:300,https://arxiv.org/abs/2608.12630,16e7f6ff-2bf6-5368-91b8-bcd47f66f025,https://arxiv.org/abs/2608.12630,canonical_paper_url,1.0,https://arxiv.org/abs/2608.12630,arXiv canonical paper URL is the deterministic identity key.
research_paper,research-papers-csv:row:301,https://arxiv.org/abs/2608.12627,d3475249-074c-5733-a92f-1764b61b093a,https://arxiv.org/abs/2608.12627,canonical_paper_url,1.0,https://arxiv.org/abs/2608.12627,arXiv canonical paper URL is the deterministic identity key.
research_paper,research-papers-csv:row:302,https://arxiv.org/abs/2608.12626,3b128b3f-d9c8-55d4-8d40-d5d8e02bac46,https://arxiv.org/abs/2608.12626,canonical_paper_url,1.0,https://arxiv.org/abs/2608.12626,arXiv canonical paper URL is the deterministic identity key.
research_paper,research-papers-csv:row:303,https://arxiv.org/abs/2608.12610,b7a34e42-3e9f-53f9-96dc-edf744516ad1,https://arxiv.org/abs/2608.12610,canonical_paper_url,1.0,https://arxiv.org/abs/2608.12610,arXiv canonical paper URL is the deterministic identity key.
research_paper,research-papers-csv:row:304,https://arxiv.org/abs/2608.12600,c18ccd9c-3adf-5861-8dd7-46c26ce1a030,https://arxiv.org/abs/2608.12600,canonical_paper_url,1.0,https://arxiv.org/abs/2608.12600,arXiv canonical paper URL is the deterministic identity key.
research_paper,research-papers-csv:row:305,https://arxiv.org/abs/2608.12599,84b20a21-8dd9-5eda-8aa0-8e7f1b8b89a3,https://arxiv.org/abs/2608.12599,canonical_paper_url,1.0,https://arxiv.org/abs/2608.12599,arXiv canonical paper URL is the deterministic identity key.
research_paper,research-papers-csv:row:306,https://arxiv.org/abs/2608.12597,971c7236-dcbd-55dc-afc3-6aad789a028a,https://arxiv.org/abs/2608.12597,canonical_paper_url,1.0,https://arxiv.org/abs/2608.12597,arXiv canonical paper URL is the deterministic identity key.
research_paper,research-papers-csv:row:307,https://arxiv.org/abs/2608.13618,f868e63e-ba24-5172-890d-4fbac45a0d8b,https://arxiv.org/abs/2608.13618,canonical_paper_url,1.0,https://arxiv.org/abs/2608.13618,arXiv canonical paper URL is the deterministic identity key.
research_paper,research-papers-csv:row:308,https://arxiv.org/abs/2608.12594,f31c51c2-f48e-5ead-90a6-2d4f502a89b6,https://arxiv.org/abs/2608.12594,canonical_paper_url,1.0,https://arxiv.org/abs/2608.12594,arXiv canonical paper URL is the deterministic identity key.
research_paper,research-papers-csv:row:309,https://arxiv.org/abs/2608.12593,c239cb64-462f-5a58-80e8-b4cdae486456,https://arxiv.org/abs/2608.12593,canonical_paper_url,1.0,https://arxiv.org/abs/2608.12593,arXiv canonical paper URL is the deterministic identity key.
research_paper,research-papers-csv:row:310,https://arxiv.org/abs/2608.12590,5021534f-ab4b-50c4-9542-b55fc84dd8b9,https://arxiv.org/abs/2608.12590,canonical_paper_url,1.0,https://arxiv.org/abs/2608.12590,arXiv canonical paper URL is the deterministic identity key.
research_paper,research-papers-csv:row:311,https://arxiv.org/abs/2608.12585,36456f0f-f957-513a-8b64-9b57f413fcca,https://arxiv.org/abs/2608.12585,canonical_paper_url,1.0,https://arxiv.org/abs/2608.12585,arXiv canonical paper URL is the deterministic identity key.
research_paper,research-papers-csv:row:312,https://arxiv.org/abs/2608.12582,21d7aed0-77b4-5a15-bda1-a85cc51bd383,https://arxiv.org/abs/2608.12582,canonical_paper_url,1.0,https://arxiv.org/abs/2608.12582,arXiv canonical paper URL is the deterministic identity key.
research_paper,research-papers-csv:row:313,https://arxiv.org/abs/2608.13617,ba0fe167-7995-5bd4-92cb-3c7226f690c4,https://arxiv.org/abs/2608.13617,canonical_paper_url,1.0,https://arxiv.org/abs/2608.13617,arXiv canonical paper URL is the deterministic identity key.
research_paper,research-papers-csv:row:314,https://arxiv.org/abs/2608.12574,e70bd9a5-f85a-5d15-9d5d-33d70ff8f0bb,https://arxiv.org/abs/2608.12574,canonical_paper_url,1.0,https://arxiv.org/abs/2608.12574,arXiv canonical paper URL is the deterministic identity key.
research_paper,research-papers-csv:row:315,https://arxiv.org/abs/2608.12555,7fa08868-8757-5f1c-accc-47f190e0949c,https://arxiv.org/abs/2608.12555,canonical_paper_url,1.0,https://arxiv.org/abs/2608.12555,arXiv canonical paper URL is the deterministic identity key.
research_paper,research-papers-csv:row:316,https://arxiv.org/abs/2608.12529,5dcac204-2eff-56e3-8534-945c4ae3317e,https://arxiv.org/abs/2608.12529,canonical_paper_url,1.0,https://arxiv.org/abs/2608.12529,arXiv canonical paper URL is the deterministic identity key.
research_paper,research-papers-csv:row:317,https://arxiv.org/abs/2608.12522,ac824408-db9c-5da5-ba72-317e109a7b9a,https://arxiv.org/abs/2608.12522,canonical_paper_url,1.0,https://arxiv.org/abs/2608.12522,arXiv canonical paper URL is the deterministic identity key.
research_paper,research-papers-csv:row:318,https://arxiv.org/abs/2608.12476,a7f2d9cf-8b24-59ed-afb1-7824a3aadfe2,https://arxiv.org/abs/2608.12476,canonical_paper_url,1.0,https://arxiv.org/abs/2608.12476,arXiv canonical paper URL is the deterministic identity key.
research_paper,research-papers-csv:row:319,https://arxiv.org/abs/2608.12308,231f82fc-272e-5638-be1a-6c6aa14837ed,https://arxiv.org/abs/2608.12308,canonical_paper_url,1.0,https://arxiv.org/abs/2608.12308,arXiv canonical paper URL is the deterministic identity key.
research_paper,research-papers-csv:row:320,https://arxiv.org/abs/2608.12307,247a962e-b850-549c-a0e5-19cc7f74731d,https://arxiv.org/abs/2608.12307,canonical_paper_url,1.0,https://arxiv.org/abs/2608.12307,arXiv canonical paper URL is the deterministic identity key.
research_paper,research-papers-csv:row:321,https://arxiv.org/abs/2608.12306,f9ce00e5-151a-5292-b25a-b702924ccb89,https://arxiv.org/abs/2608.12306,canonical_paper_url,1.0,https://arxiv.org/abs/2608.12306,arXiv canonical paper URL is the deterministic identity key.
research_paper,research-papers-csv:row:322,https://arxiv.org/abs/2608.12304,08474795-8403-59eb-a94a-49e814ab673d,https://arxiv.org/abs/2608.12304,canonical_paper_url,1.0,https://arxiv.org/abs/2608.12304,arXiv canonical paper URL is the deterministic identity key.
research_paper,research-papers-csv:row:323,https://arxiv.org/abs/2608.12299,1f2d57b6-f917-53f7-98ae-b06f5ffa2deb,https://arxiv.org/abs/2608.12299,canonical_paper_url,1.0,https://arxiv.org/abs/2608.12299,arXiv canonical paper URL is the deterministic identity key.
research_paper,research-papers-csv:row:324,https://arxiv.org/abs/2608.12290,bc110f54-d0c0-5282-8308-0b2aceb960b1,https://arxiv.org/abs/2608.12290,canonical_paper_url,1.0,https://arxiv.org/abs/2608.12290,arXiv canonical paper URL is the deterministic identity key.
research_paper,research-papers-csv:row:325,https://arxiv.org/abs/2608.12446,26972de4-523a-5d1a-a808-89575909cf79,https://arxiv.org/abs/2608.12446,canonical_paper_url,1.0,https://arxiv.org/abs/2608.12446,arXiv canonical paper URL is the deterministic identity key.
research_paper,research-papers-csv:row:326,https://arxiv.org/abs/2608.12282,5e81859d-4a8a-5b22-80ac-b8ea9c19216d,https://arxiv.org/abs/2608.12282,canonical_paper_url,1.0,https://arxiv.org/abs/2608.12282,arXiv canonical paper URL is the deterministic identity key.
research_paper,research-papers-csv:row:327,https://arxiv.org/abs/2608.12278,e080b446-8c36-52e3-8f1c-64a00926ae1f,https://arxiv.org/abs/2608.12278,canonical_paper_url,1.0,https://arxiv.org/abs/2608.12278,arXiv canonical paper URL is the deterministic identity key.
research_paper,research-papers-csv:row:328,https://arxiv.org/abs/2608.12274,e3a1a1c6-1004-5986-a45d-7f342ebef858,https://arxiv.org/abs/2608.12274,canonical_paper_url,1.0,https://arxiv.org/abs/2608.12274,arXiv canonical paper URL is the deterministic identity key.
research_paper,research-papers-csv:row:329,https://arxiv.org/abs/2608.12273,2e75b4ca-a0a3-52b6-b962-0fd106e92237,https://arxiv.org/abs/2608.12273,canonical_paper_url,1.0,https://arxiv.org/abs/2608.12273,arXiv canonical paper URL is the deterministic identity key.
research_paper,research-papers-csv:row:330,https://arxiv.org/abs/2608.12262,3d0d4f8d-d026-5a32-ae3d-08953f2f826f,https://arxiv.org/abs/2608.12262,canonical_paper_url,1.0,https://arxiv.org/abs/2608.12262,arXiv canonical paper URL is the deterministic identity key.
research_paper,research-papers-csv:row:331,https://arxiv.org/abs/2608.12253,c290fe89-8410-5b5b-8e26-287ec988659f,https://arxiv.org/abs/2608.12253,canonical_paper_url,1.0,https://arxiv.org/abs/2608.12253,arXiv canonical paper URL is the deterministic identity key.
research_paper,research-papers-csv:row:332,https://arxiv.org/abs/2608.12249,94949ba0-862e-570e-8041-20997f4ab66b,https://arxiv.org/abs/2608.12249,canonical_paper_url,1.0,https://arxiv.org/abs/2608.12249,arXiv canonical paper URL is the deterministic identity key.
research_paper,research-papers-csv:row:333,https://arxiv.org/abs/2608.12246,3ffcde82-9bbe-5953-9237-65731338a29e,https://arxiv.org/abs/2608.12246,canonical_paper_url,1.0,https://arxiv.org/abs/2608.12246,arXiv canonical paper URL is the deterministic identity key.
research_paper,research-papers-csv:row:334,https://arxiv.org/abs/2608.12239,78a2f800-a9ff-51be-a920-5c876b7f5f14,https://arxiv.org/abs/2608.12239,canonical_paper_url,1.0,https://arxiv.org/abs/2608.12239,arXiv canonical paper URL is the deterministic identity key.
research_paper,research-papers-csv:row:335,https://arxiv.org/abs/2608.12236,7ac134ba-4670-54e0-ae95-7a011e4c79b8,https://arxiv.org/abs/2608.12236,canonical_paper_url,1.0,https://arxiv.org/abs/2608.12236,arXiv canonical paper URL is the deterministic identity key.
research_paper,research-papers-csv:row:336,https://arxiv.org/abs/2608.12230,1ff7f475-0316-5c5c-8914-7742602147c7,https://arxiv.org/abs/2608.12230,canonical_paper_url,1.0,https://arxiv.org/abs/2608.12230,arXiv canonical paper URL is the deterministic identity key.
research_paper,research-papers-csv:row:337,https://arxiv.org/abs/2608.12227,da85425d-f26c-5869-a123-1e5a346a0245,https://arxiv.org/abs/2608.12227,canonical_paper_url,1.0,https://arxiv.org/abs/2608.12227,arXiv canonical paper URL is the deterministic identity key.
research_paper,research-papers-csv:row:338,https://arxiv.org/abs/2608.12220,a3f37d0b-7e23-51ca-995c-d27e25aef77e,https://arxiv.org/abs/2608.12220,canonical_paper_url,1.0,https://arxiv.org/abs/2608.12220,arXiv canonical paper URL is the deterministic identity key.
research_paper,research-papers-csv:row:339,https://arxiv.org/abs/2608.12218,0873ff46-f605-5da8-8830-792c57858255,https://arxiv.org/abs/2608.12218,canonical_paper_url,1.0,https://arxiv.org/abs/2608.12218,arXiv canonical paper URL is the deterministic identity key.
research_paper,research-papers-csv:row:340,https://arxiv.org/abs/2608.12443,0efa1c63-a3d5-526a-a4d0-54b239c14d4c,https://arxiv.org/abs/2608.12443,canonical_paper_url,1.0,https://arxiv.org/abs/2608.12443,arXiv canonical paper URL is the deterministic identity key.
research_paper,research-papers-csv:row:341,https://arxiv.org/abs/2608.12441,e2475175-bf53-5fac-9437-193952a062c6,https://arxiv.org/abs/2608.12441,canonical_paper_url,1.0,https://arxiv.org/abs/2608.12441,arXiv canonical paper URL is the deterministic identity key.
research_paper,research-papers-csv:row:342,https://arxiv.org/abs/2608.12198,07cae41b-93a4-5a42-81f3-60b3136ec31a,https://arxiv.org/abs/2608.12198,canonical_paper_url,1.0,https://arxiv.org/abs/2608.12198,arXiv canonical paper URL is the deterministic identity key.
research_paper,research-papers-csv:row:343,https://arxiv.org/abs/2608.12197,7464b84b-c1a7-5669-b30c-43d94ef2ee2f,https://arxiv.org/abs/2608.12197,canonical_paper_url,1.0,https://arxiv.org/abs/2608.12197,arXiv canonical paper URL is the deterministic identity key.
research_paper,research-papers-csv:row:344,https://arxiv.org/abs/2608.12196,e5dc9bfe-cbbe-5549-9a91-200ac2658fdb,https://arxiv.org/abs/2608.12196,canonical_paper_url,1.0,https://arxiv.org/abs/2608.12196,arXiv canonical paper URL is the deterministic identity key.
research_paper,research-papers-csv:row:345,https://arxiv.org/abs/2608.12194,fb45b885-e9d3-545a-b1ef-2d6537e165c5,https://arxiv.org/abs/2608.12194,canonical_paper_url,1.0,https://arxiv.org/abs/2608.12194,arXiv canonical paper URL is the deterministic identity key.
research_paper,research-papers-csv:row:346,https://arxiv.org/abs/2608.12192,e9cc72fb-d322-5f2f-a3a5-2655667c1ec7,https://arxiv.org/abs/2608.12192,canonical_paper_url,1.0,https://arxiv.org/abs/2608.12192,arXiv canonical paper URL is the deterministic identity key.
research_paper,research-papers-csv:row:347,https://arxiv.org/abs/2608.12190,353c5b8a-2ebe-5be7-bc23-91273bb72b9b,https://arxiv.org/abs/2608.12190,canonical_paper_url,1.0,https://arxiv.org/abs/2608.12190,arXiv canonical paper URL is the deterministic identity key.
research_paper,research-papers-csv:row:348,https://arxiv.org/abs/2608.12187,1c16054a-3ddc-5018-96d1-c62228d9c670,https://arxiv.org/abs/2608.12187,canonical_paper_url,1.0,https://arxiv.org/abs/2608.12187,arXiv canonical paper URL is the deterministic identity key.
research_paper,research-papers-csv:row:349,https://arxiv.org/abs/2608.12440,365dca6b-7d0a-57a8-8488-c0c72cb6394c,https://arxiv.org/abs/2608.12440,canonical_paper_url,1.0,https://arxiv.org/abs/2608.12440,arXiv canonical paper URL is the deterministic identity key.
research_paper,research-papers-csv:row:350,https://arxiv.org/abs/2608.13612,69d4ed17-f629-5239-b429-6c57b5a6e509,https://arxiv.org/abs/2608.13612,canonical_paper_url,1.0,https://arxiv.org/abs/2608.13612,arXiv canonical paper URL is the deterministic identity key.
research_paper,research-papers-csv:row:351,https://arxiv.org/abs/2608.12166,89ddc3be-f8ae-5bfa-aae6-d62e87a41482,https://arxiv.org/abs/2608.12166,canonical_paper_url,1.0,https://arxiv.org/abs/2608.12166,arXiv canonical paper URL is the deterministic identity key.
research_paper,research-papers-csv:row:352,https://arxiv.org/abs/2608.12150,8fb0d070-750a-51ba-8fbf-61303574cd07,https://arxiv.org/abs/2608.12150,canonical_paper_url,1.0,https://arxiv.org/abs/2608.12150,arXiv canonical paper URL is the deterministic identity key.
research_paper,research-papers-csv:row:353,https://arxiv.org/abs/2608.12138,b3444424-227f-5842-8ec1-28d7f723bb24,https://arxiv.org/abs/2608.12138,canonical_paper_url,1.0,https://arxiv.org/abs/2608.12138,arXiv canonical paper URL is the deterministic identity key.
research_paper,research-papers-csv:row:354,https://arxiv.org/abs/2608.12134,93bff9cd-b6b5-5f55-b1c4-984a93cbfb0b,https://arxiv.org/abs/2608.12134,canonical_paper_url,1.0,https://arxiv.org/abs/2608.12134,arXiv canonical paper URL is the deterministic identity key.
research_paper,research-papers-csv:row:355,https://arxiv.org/abs/2608.12133,91f74be6-5aec-546e-a2f8-a01aa79762a8,https://arxiv.org/abs/2608.12133,canonical_paper_url,1.0,https://arxiv.org/abs/2608.12133,arXiv canonical paper URL is the deterministic identity key.
research_paper,research-papers-csv:row:356,https://arxiv.org/abs/2608.12125,1c52df23-b989-5c6b-85f1-fd0b4e4c1257,https://arxiv.org/abs/2608.12125,canonical_paper_url,1.0,https://arxiv.org/abs/2608.12125,arXiv canonical paper URL is the deterministic identity key.
research_paper,research-papers-csv:row:357,https://arxiv.org/abs/2608.12123,d6addc38-5292-5168-b20a-43e633f175a3,https://arxiv.org/abs/2608.12123,canonical_paper_url,1.0,https://arxiv.org/abs/2608.12123,arXiv canonical paper URL is the deterministic identity key.
research_paper,research-papers-csv:row:358,https://arxiv.org/abs/2608.12121,612c0b3c-5445-58ae-bb22-e95ad77139fa,https://arxiv.org/abs/2608.12121,canonical_paper_url,1.0,https://arxiv.org/abs/2608.12121,arXiv canonical paper URL is the deterministic identity key.
research_paper,research-papers-csv:row:359,https://arxiv.org/abs/2608.12104,a06806db-dbe5-5c47-a7d4-1a0976f7c2a0,https://arxiv.org/abs/2608.12104,canonical_paper_url,1.0,https://arxiv.org/abs/2608.12104,arXiv canonical paper URL is the deterministic identity key.
research_paper,research-papers-csv:row:360,https://arxiv.org/abs/2608.12100,6fa419d8-56dd-5ae5-a0e2-64880957aad7,https://arxiv.org/abs/2608.12100,canonical_paper_url,1.0,https://arxiv.org/abs/2608.12100,arXiv canonical paper URL is the deterministic identity key.
research_paper,research-papers-csv:row:361,https://arxiv.org/abs/2608.12097,13e4cb51-7065-5133-85e2-b0cf9ebe04f6,https://arxiv.org/abs/2608.12097,canonical_paper_url,1.0,https://arxiv.org/abs/2608.12097,arXiv canonical paper URL is the deterministic identity key.
research_paper,research-papers-csv:row:362,https://arxiv.org/abs/2608.12083,23a8b1a8-19d7-5abd-a422-472e49b94fdc,https://arxiv.org/abs/2608.12083,canonical_paper_url,1.0,https://arxiv.org/abs/2608.12083,arXiv canonical paper URL is the deterministic identity key.
research_paper,research-papers-csv:row:363,https://arxiv.org/abs/2608.12078,33a805d8-26a5-5285-a66f-653de9648822,https://arxiv.org/abs/2608.12078,canonical_paper_url,1.0,https://arxiv.org/abs/2608.12078,arXiv canonical paper URL is the deterministic identity key.
research_paper,research-papers-csv:row:364,https://arxiv.org/abs/2608.12063,7b6e4afd-42c5-5df9-a572-6c601eecad9a,https://arxiv.org/abs/2608.12063,canonical_paper_url,1.0,https://arxiv.org/abs/2608.12063,arXiv canonical paper URL is the deterministic identity key.
research_paper,research-papers-csv:row:365,https://arxiv.org/abs/2608.12062,f8b575f2-7fde-531b-83e6-9a4cd958bce1,https://arxiv.org/abs/2608.12062,canonical_paper_url,1.0,https://arxiv.org/abs/2608.12062,arXiv canonical paper URL is the deterministic identity key.
research_paper,research-papers-csv:row:366,https://arxiv.org/abs/2608.12036,eb46f495-fcf1-56eb-825f-45dc0e5cd9fa,https://arxiv.org/abs/2608.12036,canonical_paper_url,1.0,https://arxiv.org/abs/2608.12036,arXiv canonical paper URL is the deterministic identity key.
research_paper,research-papers-csv:row:367,https://arxiv.org/abs/2608.12035,f7be6af2-846d-59c1-ba77-8dd1c82c5de8,https://arxiv.org/abs/2608.12035,canonical_paper_url,1.0,https://arxiv.org/abs/2608.12035,arXiv canonical paper URL is the deterministic identity key.
research_paper,research-papers-csv:row:368,https://arxiv.org/abs/2608.12032,07791c0f-2534-5de5-9351-c8af5a0cf775,https://arxiv.org/abs/2608.12032,canonical_paper_url,1.0,https://arxiv.org/abs/2608.12032,arXiv canonical paper URL is the deterministic identity key.
research_paper,research-papers-csv:row:369,https://arxiv.org/abs/2608.12027,9e3a540e-8a29-56d9-9259-6639227cfe47,https://arxiv.org/abs/2608.12027,canonical_paper_url,1.0,https://arxiv.org/abs/2608.12027,arXiv canonical paper URL is the deterministic identity key.
research_paper,research-papers-csv:row:370,https://arxiv.org/abs/2608.12025,0c6244a2-6a15-536d-9710-50ee874195a1,https://arxiv.org/abs/2608.12025,canonical_paper_url,1.0,https://arxiv.org/abs/2608.12025,arXiv canonical paper URL is the deterministic identity key.
research_paper,research-papers-csv:row:371,https://arxiv.org/abs/2608.12007,0772e88c-e118-5748-9c5c-b11374c9f05d,https://arxiv.org/abs/2608.12007,canonical_paper_url,1.0,https://arxiv.org/abs/2608.12007,arXiv canonical paper URL is the deterministic identity key.
research_paper,research-papers-csv:row:372,https://arxiv.org/abs/2608.12004,f477d661-3ce9-56d9-a9f1-8a535c7e9746,https://arxiv.org/abs/2608.12004,canonical_paper_url,1.0,https://arxiv.org/abs/2608.12004,arXiv canonical paper URL is the deterministic identity key.
research_paper,research-papers-csv:row:373,https://arxiv.org/abs/2608.12002,0ca2e249-a116-50bc-8fa3-4b0ecc82edab,https://arxiv.org/abs/2608.12002,canonical_paper_url,1.0,https://arxiv.org/abs/2608.12002,arXiv canonical paper URL is the deterministic identity key.
research_paper,research-papers-csv:row:374,https://arxiv.org/abs/2608.12001,eb0cce9f-b107-5925-9047-9f3480d4c1f4,https://arxiv.org/abs/2608.12001,canonical_paper_url,1.0,https://arxiv.org/abs/2608.12001,arXiv canonical paper URL is the deterministic identity key.
research_paper,research-papers-csv:row:375,https://arxiv.org/abs/2608.11994,19354006-23b8-5e28-9ce4-3c03dcca4557,https://arxiv.org/abs/2608.11994,canonical_paper_url,1.0,https://arxiv.org/abs/2608.11994,arXiv canonical paper URL is the deterministic identity key.
research_paper,research-papers-csv:row:376,https://arxiv.org/abs/2608.11980,44795f65-a790-5de5-9e05-796204e438ae,https://arxiv.org/abs/2608.11980,canonical_paper_url,1.0,https://arxiv.org/abs/2608.11980,arXiv canonical paper URL is the deterministic identity key.
research_paper,research-papers-csv:row:377,https://arxiv.org/abs/2608.11977,a8ed9537-d141-5cbc-850d-da5722db2826,https://arxiv.org/abs/2608.11977,canonical_paper_url,1.0,https://arxiv.org/abs/2608.11977,arXiv canonical paper URL is the deterministic identity key.
research_paper,research-papers-csv:row:378,https://arxiv.org/abs/2608.12429,36e4132b-b4ff-562d-b67d-f6ac7b774cf8,https://arxiv.org/abs/2608.12429,canonical_paper_url,1.0,https://arxiv.org/abs/2608.12429,arXiv canonical paper URL is the deterministic identity key.
research_paper,research-papers-csv:row:379,https://arxiv.org/abs/2608.11967,d1f961e5-fe04-5403-b3a0-2b6ecebb4d6f,https://arxiv.org/abs/2608.11967,canonical_paper_url,1.0,https://arxiv.org/abs/2608.11967,arXiv canonical paper URL is the deterministic identity key.
research_paper,research-papers-csv:row:380,https://arxiv.org/abs/2608.11954,208d2732-cc64-5d75-80e5-89adfdee55aa,https://arxiv.org/abs/2608.11954,canonical_paper_url,1.0,https://arxiv.org/abs/2608.11954,arXiv canonical paper URL is the deterministic identity key.
research_paper,research-papers-csv:row:381,https://arxiv.org/abs/2608.11951,78f7b740-8688-547c-9f55-d89e40ffa8c3,https://arxiv.org/abs/2608.11951,canonical_paper_url,1.0,https://arxiv.org/abs/2608.11951,arXiv canonical paper URL is the deterministic identity key.
research_paper,research-papers-csv:row:382,https://arxiv.org/abs/2608.11949,5c6b4891-d316-5438-92fd-b6ead19e9a35,https://arxiv.org/abs/2608.11949,canonical_paper_url,1.0,https://arxiv.org/abs/2608.11949,arXiv canonical paper URL is the deterministic identity key.
research_paper,research-papers-csv:row:383,https://arxiv.org/abs/2608.11947,cd8cf516-cce0-5be9-9148-d9f9d24de827,https://arxiv.org/abs/2608.11947,canonical_paper_url,1.0,https://arxiv.org/abs/2608.11947,arXiv canonical paper URL is the deterministic identity key.
research_paper,research-papers-csv:row:384,https://arxiv.org/abs/2608.12428,9b271e56-dc19-558c-a27e-7394218b0819,https://arxiv.org/abs/2608.12428,canonical_paper_url,1.0,https://arxiv.org/abs/2608.12428,arXiv canonical paper URL is the deterministic identity key.
research_paper,research-papers-csv:row:385,https://arxiv.org/abs/2608.11941,ef6e93f0-7af0-5bd3-9e35-811fbf332b48,https://arxiv.org/abs/2608.11941,canonical_paper_url,1.0,https://arxiv.org/abs/2608.11941,arXiv canonical paper URL is the deterministic identity key.
research_paper,research-papers-csv:row:386,https://arxiv.org/abs/2608.12426,82171e13-586b-5d34-bd6e-06810846710c,https://arxiv.org/abs/2608.12426,canonical_paper_url,1.0,https://arxiv.org/abs/2608.12426,arXiv canonical paper URL is the deterministic identity key.
research_paper,research-papers-csv:row:387,https://arxiv.org/abs/2608.11911,d9e2154e-9ac1-5bbc-9a32-18cf578a1717,https://arxiv.org/abs/2608.11911,canonical_paper_url,1.0,https://arxiv.org/abs/2608.11911,arXiv canonical paper URL is the deterministic identity key.
research_paper,research-papers-csv:row:388,https://arxiv.org/abs/2608.11907,93ad8b66-6c93-5b02-8ea7-961dfe444b14,https://arxiv.org/abs/2608.11907,canonical_paper_url,1.0,https://arxiv.org/abs/2608.11907,arXiv canonical paper URL is the deterministic identity key.
research_paper,research-papers-csv:row:389,https://arxiv.org/abs/2608.11905,709f2ece-c0c4-5940-87eb-320829b5454a,https://arxiv.org/abs/2608.11905,canonical_paper_url,1.0,https://arxiv.org/abs/2608.11905,arXiv canonical paper URL is the deterministic identity key.
research_paper,research-papers-csv:row:390,https://arxiv.org/abs/2608.11891,4c261872-554b-528a-88fc-5e9b1b8fc306,https://arxiv.org/abs/2608.11891,canonical_paper_url,1.0,https://arxiv.org/abs/2608.11891,arXiv canonical paper URL is the deterministic identity key.
research_paper,research-papers-csv:row:391,https://arxiv.org/abs/2608.11889,d617ac27-e9f2-5083-988a-f14c73ee17e3,https://arxiv.org/abs/2608.11889,canonical_paper_url,1.0,https://arxiv.org/abs/2608.11889,arXiv canonical paper URL is the deterministic identity key.
research_paper,research-papers-csv:row:392,https://arxiv.org/abs/2608.11888,3ecb2bc7-9c7b-5d64-8f8a-fcbf1d15872c,https://arxiv.org/abs/2608.11888,canonical_paper_url,1.0,https://arxiv.org/abs/2608.11888,arXiv canonical paper URL is the deterministic identity key.
research_paper,research-papers-csv:row:393,https://arxiv.org/abs/2608.11884,658082b7-24ac-59b4-bfd1-ab778ff72b53,https://arxiv.org/abs/2608.11884,canonical_paper_url,1.0,https://arxiv.org/abs/2608.11884,arXiv canonical paper URL is the deterministic identity key.
research_paper,research-papers-csv:row:394,https://arxiv.org/abs/2608.11860,1c5caf04-f9ac-5c1a-86bf-a0731373b1a0,https://arxiv.org/abs/2608.11860,canonical_paper_url,1.0,https://arxiv.org/abs/2608.11860,arXiv canonical paper URL is the deterministic identity key.
research_paper,research-papers-csv:row:395,https://arxiv.org/abs/2608.11847,64ab9213-ec76-52b2-b7ad-b3f0d47a227f,https://arxiv.org/abs/2608.11847,canonical_paper_url,1.0,https://arxiv.org/abs/2608.11847,arXiv canonical paper URL is the deterministic identity key.
research_paper,research-papers-csv:row:396,https://arxiv.org/abs/2608.11840,5840ebd0-ec84-5f2b-9761-2b92c1879fff,https://arxiv.org/abs/2608.11840,canonical_paper_url,1.0,https://arxiv.org/abs/2608.11840,arXiv canonical paper URL is the deterministic identity key.
research_paper,research-papers-csv:row:397,https://arxiv.org/abs/2608.11816,464f98df-502f-5986-a6e2-1fba518c68c7,https://arxiv.org/abs/2608.11816,canonical_paper_url,1.0,https://arxiv.org/abs/2608.11816,arXiv canonical paper URL is the deterministic identity key.
research_paper,research-papers-csv:row:398,https://arxiv.org/abs/2608.11802,3b315eb3-7ffb-5cfe-9da6-d5fbd7bde336,https://arxiv.org/abs/2608.11802,canonical_paper_url,1.0,https://arxiv.org/abs/2608.11802,arXiv canonical paper URL is the deterministic identity key.
research_paper,research-papers-csv:row:399,https://arxiv.org/abs/2608.11794,a51c5cb5-e88a-5ec8-a73f-108c257c9945,https://arxiv.org/abs/2608.11794,canonical_paper_url,1.0,https://arxiv.org/abs/2608.11794,arXiv canonical paper URL is the deterministic identity key.
research_paper,research-papers-csv:row:400,https://arxiv.org/abs/2608.11788,fecb7f26-b96f-5f8e-a251-6f5974a29597,https://arxiv.org/abs/2608.11788,canonical_paper_url,1.0,https://arxiv.org/abs/2608.11788,arXiv canonical paper URL is the deterministic identity key.
research_paper,research-papers-csv:row:401,https://arxiv.org/abs/2608.11787,52df37a4-2158-53d5-a02f-02f103ea087a,https://arxiv.org/abs/2608.11787,canonical_paper_url,1.0,https://arxiv.org/abs/2608.11787,arXiv canonical paper URL is the deterministic identity key.
research_paper,research-papers-csv:row:402,https://arxiv.org/abs/2608.11775,b37887ac-6ec5-5b7a-ae3b-6a5773db0dde,https://arxiv.org/abs/2608.11775,canonical_paper_url,1.0,https://arxiv.org/abs/2608.11775,arXiv canonical paper URL is the deterministic identity key.
research_paper,research-papers-csv:row:403,https://arxiv.org/abs/2608.11768,16a38884-838f-52ea-b4b1-36e18a6e7471,https://arxiv.org/abs/2608.11768,canonical_paper_url,1.0,https://arxiv.org/abs/2608.11768,arXiv canonical paper URL is the deterministic identity key.
research_paper,research-papers-csv:row:404,https://arxiv.org/abs/2608.11766,0d2a1ba7-9b3d-5a2b-af8c-b28b8af6764d,https://arxiv.org/abs/2608.11766,canonical_paper_url,1.0,https://arxiv.org/abs/2608.11766,arXiv canonical paper URL is the deterministic identity key.
research_paper,research-papers-csv:row:405,https://arxiv.org/abs/2608.11749,d035dca7-3d5d-5260-85bc-47e28c888627,https://arxiv.org/abs/2608.11749,canonical_paper_url,1.0,https://arxiv.org/abs/2608.11749,arXiv canonical paper URL is the deterministic identity key.
research_paper,research-papers-csv:row:406,https://arxiv.org/abs/2608.11741,a24829ba-41aa-568b-8590-4b45708d04e9,https://arxiv.org/abs/2608.11741,canonical_paper_url,1.0,https://arxiv.org/abs/2608.11741,arXiv canonical paper URL is the deterministic identity key.
research_paper,research-papers-csv:row:407,https://arxiv.org/abs/2608.11739,c9e6de04-1f87-5a82-a43c-1b770a449174,https://arxiv.org/abs/2608.11739,canonical_paper_url,1.0,https://arxiv.org/abs/2608.11739,arXiv canonical paper URL is the deterministic identity key.
research_paper,research-papers-csv:row:408,https://arxiv.org/abs/2608.11738,e957d17b-83b4-55d5-9261-d77ec567b2b7,https://arxiv.org/abs/2608.11738,canonical_paper_url,1.0,https://arxiv.org/abs/2608.11738,arXiv canonical paper URL is the deterministic identity key.
research_paper,research-papers-csv:row:409,https://arxiv.org/abs/2608.11735,06057287-8c03-579b-bf5b-c1536e577a56,https://arxiv.org/abs/2608.11735,canonical_paper_url,1.0,https://arxiv.org/abs/2608.11735,arXiv canonical paper URL is the deterministic identity key.
research_paper,research-papers-csv:row:410,https://arxiv.org/abs/2608.11733,a1d3b264-6968-5474-926f-d808ba1b0fd8,https://arxiv.org/abs/2608.11733,canonical_paper_url,1.0,https://arxiv.org/abs/2608.11733,arXiv canonical paper URL is the deterministic identity key.
research_paper,research-papers-csv:row:411,https://arxiv.org/abs/2608.11732,be63b053-b7b8-5b2e-9d4b-01d9943488e5,https://arxiv.org/abs/2608.11732,canonical_paper_url,1.0,https://arxiv.org/abs/2608.11732,arXiv canonical paper URL is the deterministic identity key.
research_paper,research-papers-csv:row:412,https://arxiv.org/abs/2608.11727,46c590ff-ef10-52cb-9f44-7059472d7604,https://arxiv.org/abs/2608.11727,canonical_paper_url,1.0,https://arxiv.org/abs/2608.11727,arXiv canonical paper URL is the deterministic identity key.
research_paper,research-papers-csv:row:413,https://arxiv.org/abs/2608.11724,3c9ad7c7-21e0-5afd-b3a5-b1657012e624,https://arxiv.org/abs/2608.11724,canonical_paper_url,1.0,https://arxiv.org/abs/2608.11724,arXiv canonical paper URL is the deterministic identity key.
research_paper,research-papers-csv:row:414,https://arxiv.org/abs/2608.11715,41ebd1be-deb8-5c94-8457-6f8cc9287fe0,https://arxiv.org/abs/2608.11715,canonical_paper_url,1.0,https://arxiv.org/abs/2608.11715,arXiv canonical paper URL is the deterministic identity key.
research_paper,research-papers-csv:row:415,https://arxiv.org/abs/2608.11713,82bfdecd-e775-5550-a4ae-130d27c5de30,https://arxiv.org/abs/2608.11713,canonical_paper_url,1.0,https://arxiv.org/abs/2608.11713,arXiv canonical paper URL is the deterministic identity key.
research_paper,research-papers-csv:row:416,https://arxiv.org/abs/2608.11705,7f4c8e38-4630-5768-8d2a-9c9ed02712ec,https://arxiv.org/abs/2608.11705,canonical_paper_url,1.0,https://arxiv.org/abs/2608.11705,arXiv canonical paper URL is the deterministic identity key.
research_paper,research-papers-csv:row:417,https://arxiv.org/abs/2608.11704,92c7e027-ffbe-5f11-baeb-2e611e7e2c1e,https://arxiv.org/abs/2608.11704,canonical_paper_url,1.0,https://arxiv.org/abs/2608.11704,arXiv canonical paper URL is the deterministic identity key.
research_paper,research-papers-csv:row:418,https://arxiv.org/abs/2608.11701,b6709eb8-eac5-5867-9ff4-daa2230151f7,https://arxiv.org/abs/2608.11701,canonical_paper_url,1.0,https://arxiv.org/abs/2608.11701,arXiv canonical paper URL is the deterministic identity key.
research_paper,research-papers-csv:row:419,https://arxiv.org/abs/2608.11698,a7476bdb-eacb-5a1f-9da8-86a1bc6d7716,https://arxiv.org/abs/2608.11698,canonical_paper_url,1.0,https://arxiv.org/abs/2608.11698,arXiv canonical paper URL is the deterministic identity key.
research_paper,research-papers-csv:row:420,https://arxiv.org/abs/2608.11694,508bbda6-99aa-5d15-8d23-49d41c270818,https://arxiv.org/abs/2608.11694,canonical_paper_url,1.0,https://arxiv.org/abs/2608.11694,arXiv canonical paper URL is the deterministic identity key.
research_paper,research-papers-csv:row:421,https://arxiv.org/abs/2608.11692,8f6ef462-f31d-5f8d-89ed-7f69442ef129,https://arxiv.org/abs/2608.11692,canonical_paper_url,1.0,https://arxiv.org/abs/2608.11692,arXiv canonical paper URL is the deterministic identity key.
research_paper,research-papers-csv:row:422,https://arxiv.org/abs/2608.11688,080ea0b4-d6a5-59ec-aa85-5a83298b3442,https://arxiv.org/abs/2608.11688,canonical_paper_url,1.0,https://arxiv.org/abs/2608.11688,arXiv canonical paper URL is the deterministic identity key.
research_paper,research-papers-csv:row:423,https://arxiv.org/abs/2608.11683,7295d2d7-f753-5e74-83ba-3389309d61ac,https://arxiv.org/abs/2608.11683,canonical_paper_url,1.0,https://arxiv.org/abs/2608.11683,arXiv canonical paper URL is the deterministic identity key.
research_paper,research-papers-csv:row:424,https://arxiv.org/abs/2608.11681,d1ba034f-25fb-5c03-99aa-e2ed59ae35f5,https://arxiv.org/abs/2608.11681,canonical_paper_url,1.0,https://arxiv.org/abs/2608.11681,arXiv canonical paper URL is the deterministic identity key.
research_paper,research-papers-csv:row:425,https://arxiv.org/abs/2608.11679,ab04d3c0-c434-5212-b155-52284ee29178,https://arxiv.org/abs/2608.11679,canonical_paper_url,1.0,https://arxiv.org/abs/2608.11679,arXiv canonical paper URL is the deterministic identity key.
research_paper,research-papers-csv:row:426,https://arxiv.org/abs/2608.11676,6c6bb7ab-0c1d-54b2-b987-118741db7071,https://arxiv.org/abs/2608.11676,canonical_paper_url,1.0,https://arxiv.org/abs/2608.11676,arXiv canonical paper URL is the deterministic identity key.
research_paper,research-papers-csv:row:427,https://arxiv.org/abs/2608.11674,58d56b46-2030-51e3-b344-bb16d4806cc0,https://arxiv.org/abs/2608.11674,canonical_paper_url,1.0,https://arxiv.org/abs/2608.11674,arXiv canonical paper URL is the deterministic identity key.
research_paper,research-papers-csv:row:428,https://arxiv.org/abs/2608.11669,561ead5c-b049-56f1-aa86-625e5f1dc024,https://arxiv.org/abs/2608.11669,canonical_paper_url,1.0,https://arxiv.org/abs/2608.11669,arXiv canonical paper URL is the deterministic identity key.
research_paper,research-papers-csv:row:429,https://arxiv.org/abs/2608.11661,62e9d182-5681-50ad-a82b-37a769889cef,https://arxiv.org/abs/2608.11661,canonical_paper_url,1.0,https://arxiv.org/abs/2608.11661,arXiv canonical paper URL is the deterministic identity key.
research_paper,research-papers-csv:row:430,https://arxiv.org/abs/2608.11660,034fc5a5-6ee0-5107-8849-27b73b5a847f,https://arxiv.org/abs/2608.11660,canonical_paper_url,1.0,https://arxiv.org/abs/2608.11660,arXiv canonical paper URL is the deterministic identity key.
research_paper,research-papers-csv:row:431,https://arxiv.org/abs/2608.11658,3ef7414f-f6d7-5aed-907a-757154519732,https://arxiv.org/abs/2608.11658,canonical_paper_url,1.0,https://arxiv.org/abs/2608.11658,arXiv canonical paper URL is the deterministic identity key.
research_paper,research-papers-csv:row:432,https://arxiv.org/abs/2608.11657,c61a87ed-4dde-590e-acf3-70085b8ef485,https://arxiv.org/abs/2608.11657,canonical_paper_url,1.0,https://arxiv.org/abs/2608.11657,arXiv canonical paper URL is the deterministic identity key.
research_paper,research-papers-csv:row:433,https://arxiv.org/abs/2608.11655,ef35604b-24cd-5373-abc7-7b6b91aa2ff4,https://arxiv.org/abs/2608.11655,canonical_paper_url,1.0,https://arxiv.org/abs/2608.11655,arXiv canonical paper URL is the deterministic identity key.
research_paper,research-papers-csv:row:434,https://arxiv.org/abs/2608.11632,9853a09c-ff03-5d6d-ba66-87a8dcacc199,https://arxiv.org/abs/2608.11632,canonical_paper_url,1.0,https://arxiv.org/abs/2608.11632,arXiv canonical paper URL is the deterministic identity key.
research_paper,research-papers-csv:row:435,https://arxiv.org/abs/2608.11631,46d232ad-d917-5340-a45b-ca96a8d909ed,https://arxiv.org/abs/2608.11631,canonical_paper_url,1.0,https://arxiv.org/abs/2608.11631,arXiv canonical paper URL is the deterministic identity key.
research_paper,research-papers-csv:row:436,https://arxiv.org/abs/2608.11627,b2209b98-5178-5ca7-b39e-62ef46947afd,https://arxiv.org/abs/2608.11627,canonical_paper_url,1.0,https://arxiv.org/abs/2608.11627,arXiv canonical paper URL is the deterministic identity key.
research_paper,research-papers-csv:row:437,https://arxiv.org/abs/2608.11625,e7e7fd95-0013-5ca1-a6c5-edcba97726f8,https://arxiv.org/abs/2608.11625,canonical_paper_url,1.0,https://arxiv.org/abs/2608.11625,arXiv canonical paper URL is the deterministic identity key.
research_paper,research-papers-csv:row:438,https://arxiv.org/abs/2608.11624,b1132355-72eb-5954-bc3c-9553ffb7e4ce,https://arxiv.org/abs/2608.11624,canonical_paper_url,1.0,https://arxiv.org/abs/2608.11624,arXiv canonical paper URL is the deterministic identity key.
research_paper,research-papers-csv:row:439,https://arxiv.org/abs/2608.11623,e5018a1e-fbb7-5a7c-9d6a-b0261e05c20a,https://arxiv.org/abs/2608.11623,canonical_paper_url,1.0,https://arxiv.org/abs/2608.11623,arXiv canonical paper URL is the deterministic identity key.
research_paper,research-papers-csv:row:440,https://arxiv.org/abs/2608.11616,f725fd7c-c4d7-5d4c-b089-013feca2bd0d,https://arxiv.org/abs/2608.11616,canonical_paper_url,1.0,https://arxiv.org/abs/2608.11616,arXiv canonical paper URL is the deterministic identity key.
research_paper,research-papers-csv:row:441,https://arxiv.org/abs/2608.11612,200491a0-c160-5428-8b5b-5581481ee83a,https://arxiv.org/abs/2608.11612,canonical_paper_url,1.0,https://arxiv.org/abs/2608.11612,arXiv canonical paper URL is the deterministic identity key.
research_paper,research-papers-csv:row:442,https://arxiv.org/abs/2608.11605,05c81303-fa06-5e77-b542-2499a0111074,https://arxiv.org/abs/2608.11605,canonical_paper_url,1.0,https://arxiv.org/abs/2608.11605,arXiv canonical paper URL is the deterministic identity key.
research_paper,research-papers-csv:row:443,https://arxiv.org/abs/2608.11604,d33a2038-7fba-594f-9233-6088a7d0c0e4,https://arxiv.org/abs/2608.11604,canonical_paper_url,1.0,https://arxiv.org/abs/2608.11604,arXiv canonical paper URL is the deterministic identity key.
research_paper,research-papers-csv:row:444,https://arxiv.org/abs/2608.11588,bf5e0de5-72f7-5b71-8c0b-fa7ec3dd20ee,https://arxiv.org/abs/2608.11588,canonical_paper_url,1.0,https://arxiv.org/abs/2608.11588,arXiv canonical paper URL is the deterministic identity key.
research_paper,research-papers-csv:row:445,https://arxiv.org/abs/2608.11584,e95a4e43-3b25-5d29-a423-50a6902de43c,https://arxiv.org/abs/2608.11584,canonical_paper_url,1.0,https://arxiv.org/abs/2608.11584,arXiv canonical paper URL is the deterministic identity key.
research_paper,research-papers-csv:row:446,https://arxiv.org/abs/2608.11583,8aae5d6b-f766-5dc9-b2b1-712276b31932,https://arxiv.org/abs/2608.11583,canonical_paper_url,1.0,https://arxiv.org/abs/2608.11583,arXiv canonical paper URL is the deterministic identity key.
research_paper,research-papers-csv:row:447,https://arxiv.org/abs/2608.11582,ecb9fe41-0a63-580a-a708-feaed74ae01d,https://arxiv.org/abs/2608.11582,canonical_paper_url,1.0,https://arxiv.org/abs/2608.11582,arXiv canonical paper URL is the deterministic identity key.
research_paper,research-papers-csv:row:448,https://arxiv.org/abs/2608.11580,3705c14b-a0db-59c0-9d2b-aff09859c7a1,https://arxiv.org/abs/2608.11580,canonical_paper_url,1.0,https://arxiv.org/abs/2608.11580,arXiv canonical paper URL is the deterministic identity key.
research_paper,research-papers-csv:row:449,https://arxiv.org/abs/2608.11573,de5def98-a90c-5065-9f52-fa03afd8a906,https://arxiv.org/abs/2608.11573,canonical_paper_url,1.0,https://arxiv.org/abs/2608.11573,arXiv canonical paper URL is the deterministic identity key.
research_paper,research-papers-csv:row:450,https://arxiv.org/abs/2608.11562,d163036b-9839-5ca9-b651-4818e6718528,https://arxiv.org/abs/2608.11562,canonical_paper_url,1.0,https://arxiv.org/abs/2608.11562,arXiv canonical paper URL is the deterministic identity key.
research_paper,research-papers-csv:row:451,https://arxiv.org/abs/2608.11552,03da0bbc-2355-5c0a-af3a-fbe38a3eb436,https://arxiv.org/abs/2608.11552,canonical_paper_url,1.0,https://arxiv.org/abs/2608.11552,arXiv canonical paper URL is the deterministic identity key.
research_paper,research-papers-csv:row:452,https://arxiv.org/abs/2608.11540,10e53ac3-ec3a-5f9f-84e6-3becf0490f71,https://arxiv.org/abs/2608.11540,canonical_paper_url,1.0,https://arxiv.org/abs/2608.11540,arXiv canonical paper URL is the deterministic identity key.
research_paper,research-papers-csv:row:453,https://arxiv.org/abs/2608.11537,1c57c485-4840-56c6-be54-b5f1bbba9d0e,https://arxiv.org/abs/2608.11537,canonical_paper_url,1.0,https://arxiv.org/abs/2608.11537,arXiv canonical paper URL is the deterministic identity key.
research_paper,research-papers-csv:row:454,https://arxiv.org/abs/2608.11532,64aa6d4c-50c3-51d3-899f-583644966a3e,https://arxiv.org/abs/2608.11532,canonical_paper_url,1.0,https://arxiv.org/abs/2608.11532,arXiv canonical paper URL is the deterministic identity key.
research_paper,research-papers-csv:row:455,https://arxiv.org/abs/2608.11521,7f39bf88-983a-5f5d-b7a9-e6aeab123854,https://arxiv.org/abs/2608.11521,canonical_paper_url,1.0,https://arxiv.org/abs/2608.11521,arXiv canonical paper URL is the deterministic identity key.
research_paper,research-papers-csv:row:456,https://arxiv.org/abs/2608.11513,2e593543-aae1-5a17-a336-241f49c5ddab,https://arxiv.org/abs/2608.11513,canonical_paper_url,1.0,https://arxiv.org/abs/2608.11513,arXiv canonical paper URL is the deterministic identity key.
research_paper,research-papers-csv:row:457,https://arxiv.org/abs/2608.11511,ad8bee6c-e0ec-55d1-a8bc-1e1134c31581,https://arxiv.org/abs/2608.11511,canonical_paper_url,1.0,https://arxiv.org/abs/2608.11511,arXiv canonical paper URL is the deterministic identity key.
research_paper,research-papers-csv:row:458,https://arxiv.org/abs/2608.11510,f96a360f-ba58-5116-abd1-a6eee8c2f360,https://arxiv.org/abs/2608.11510,canonical_paper_url,1.0,https://arxiv.org/abs/2608.11510,arXiv canonical paper URL is the deterministic identity key.
research_paper,research-papers-csv:row:459,https://arxiv.org/abs/2608.11500,89b87b83-3202-5bcc-8d20-4a036643a589,https://arxiv.org/abs/2608.11500,canonical_paper_url,1.0,https://arxiv.org/abs/2608.11500,arXiv canonical paper URL is the deterministic identity key.
research_paper,research-papers-csv:row:460,https://arxiv.org/abs/2608.11499,19b8bfc6-f56e-5b74-bba1-6ac28aaa13a6,https://arxiv.org/abs/2608.11499,canonical_paper_url,1.0,https://arxiv.org/abs/2608.11499,arXiv canonical paper URL is the deterministic identity key.
research_paper,research-papers-csv:row:461,https://arxiv.org/abs/2608.11493,5d0e23f7-9d7f-5f26-b1bd-f52a6f5fb62d,https://arxiv.org/abs/2608.11493,canonical_paper_url,1.0,https://arxiv.org/abs/2608.11493,arXiv canonical paper URL is the deterministic identity key.
research_paper,research-papers-csv:row:462,https://arxiv.org/abs/2608.11483,9f62cd6c-e1f0-5cdc-947f-3426f05f16ba,https://arxiv.org/abs/2608.11483,canonical_paper_url,1.0,https://arxiv.org/abs/2608.11483,arXiv canonical paper URL is the deterministic identity key.
research_paper,research-papers-csv:row:463,https://arxiv.org/abs/2608.11469,c7d8a8db-3e3e-53b4-a622-12bd566db021,https://arxiv.org/abs/2608.11469,canonical_paper_url,1.0,https://arxiv.org/abs/2608.11469,arXiv canonical paper URL is the deterministic identity key.
research_paper,research-papers-csv:row:464,https://arxiv.org/abs/2608.11465,11451354-2be0-55ae-9707-2f470a309c43,https://arxiv.org/abs/2608.11465,canonical_paper_url,1.0,https://arxiv.org/abs/2608.11465,arXiv canonical paper URL is the deterministic identity key.
research_paper,research-papers-csv:row:465,https://arxiv.org/abs/2608.11452,0171cc06-7fc7-5564-a0cf-87dd821a9210,https://arxiv.org/abs/2608.11452,canonical_paper_url,1.0,https://arxiv.org/abs/2608.11452,arXiv canonical paper URL is the deterministic identity key.
research_paper,research-papers-csv:row:466,https://arxiv.org/abs/2608.11451,dce2b9e8-6c75-5252-aa5f-c46fab98ec39,https://arxiv.org/abs/2608.11451,canonical_paper_url,1.0,https://arxiv.org/abs/2608.11451,arXiv canonical paper URL is the deterministic identity key.
research_paper,research-papers-csv:row:467,https://arxiv.org/abs/2608.11434,65efb5d3-7d92-5aac-9097-834c8b891921,https://arxiv.org/abs/2608.11434,canonical_paper_url,1.0,https://arxiv.org/abs/2608.11434,arXiv canonical paper URL is the deterministic identity key.
research_paper,research-papers-csv:row:468,https://arxiv.org/abs/2608.11420,8601e3f9-4235-556c-9637-3cf10bff5cbf,https://arxiv.org/abs/2608.11420,canonical_paper_url,1.0,https://arxiv.org/abs/2608.11420,arXiv canonical paper URL is the deterministic identity key.
research_paper,research-papers-csv:row:469,https://arxiv.org/abs/2608.11415,dae74441-84c2-522f-8d64-0cfef476b837,https://arxiv.org/abs/2608.11415,canonical_paper_url,1.0,https://arxiv.org/abs/2608.11415,arXiv canonical paper URL is the deterministic identity key.
research_paper,research-papers-csv:row:470,https://arxiv.org/abs/2608.11403,9c889156-2875-56e9-884f-99cc7bf327b8,https://arxiv.org/abs/2608.11403,canonical_paper_url,1.0,https://arxiv.org/abs/2608.11403,arXiv canonical paper URL is the deterministic identity key.
research_paper,research-papers-csv:row:471,https://arxiv.org/abs/2608.11392,55761513-a436-54ee-96d6-9865e0d7920e,https://arxiv.org/abs/2608.11392,canonical_paper_url,1.0,https://arxiv.org/abs/2608.11392,arXiv canonical paper URL is the deterministic identity key.
research_paper,research-papers-csv:row:472,https://arxiv.org/abs/2608.11381,e1c2933b-ec21-5590-9432-8882d9634a39,https://arxiv.org/abs/2608.11381,canonical_paper_url,1.0,https://arxiv.org/abs/2608.11381,arXiv canonical paper URL is the deterministic identity key.
research_paper,research-papers-csv:row:473,https://arxiv.org/abs/2608.11367,c855c966-bf6b-55aa-907d-8b02528d7059,https://arxiv.org/abs/2608.11367,canonical_paper_url,1.0,https://arxiv.org/abs/2608.11367,arXiv canonical paper URL is the deterministic identity key.
research_paper,research-papers-csv:row:474,https://arxiv.org/abs/2608.11354,8007c88c-95f0-5385-afe7-f1b16c407c37,https://arxiv.org/abs/2608.11354,canonical_paper_url,1.0,https://arxiv.org/abs/2608.11354,arXiv canonical paper URL is the deterministic identity key.
research_paper,research-papers-csv:row:475,https://arxiv.org/abs/2608.11349,1dee3ede-c7ad-528c-bb99-fd2ea5c3f6dc,https://arxiv.org/abs/2608.11349,canonical_paper_url,1.0,https://arxiv.org/abs/2608.11349,arXiv canonical paper URL is the deterministic identity key.
research_paper,research-papers-csv:row:476,https://arxiv.org/abs/2608.11344,c4307020-5540-5b05-9610-b2b2de8780e9,https://arxiv.org/abs/2608.11344,canonical_paper_url,1.0,https://arxiv.org/abs/2608.11344,arXiv canonical paper URL is the deterministic identity key.
research_paper,research-papers-csv:row:477,https://arxiv.org/abs/2608.11343,200b2140-977d-5f82-a0ca-9db694f7ec7a,https://arxiv.org/abs/2608.11343,canonical_paper_url,1.0,https://arxiv.org/abs/2608.11343,arXiv canonical paper URL is the deterministic identity key.
research_paper,research-papers-csv:row:478,https://arxiv.org/abs/2608.11341,4d6de835-3805-59cf-8abf-8203092ae608,https://arxiv.org/abs/2608.11341,canonical_paper_url,1.0,https://arxiv.org/abs/2608.11341,arXiv canonical paper URL is the deterministic identity key.
research_paper,research-papers-csv:row:479,https://arxiv.org/abs/2608.11340,9498f92c-004a-509f-b2e7-7dfdec95b714,https://arxiv.org/abs/2608.11340,canonical_paper_url,1.0,https://arxiv.org/abs/2608.11340,arXiv canonical paper URL is the deterministic identity key.
research_paper,research-papers-csv:row:480,https://arxiv.org/abs/2608.11335,981f4fda-a404-5f27-8425-ce2ebc2206b2,https://arxiv.org/abs/2608.11335,canonical_paper_url,1.0,https://arxiv.org/abs/2608.11335,arXiv canonical paper URL is the deterministic identity key.
research_paper,research-papers-csv:row:481,https://arxiv.org/abs/2608.11324,b1c77d5a-c8ec-56a8-aef3-e58ace9c9f89,https://arxiv.org/abs/2608.11324,canonical_paper_url,1.0,https://arxiv.org/abs/2608.11324,arXiv canonical paper URL is the deterministic identity key.
research_paper,research-papers-csv:row:482,https://arxiv.org/abs/2608.11323,83661ab8-22fe-50bd-a373-5d34e30a6310,https://arxiv.org/abs/2608.11323,canonical_paper_url,1.0,https://arxiv.org/abs/2608.11323,arXiv canonical paper URL is the deterministic identity key.
research_paper,research-papers-csv:row:483,https://arxiv.org/abs/2608.11322,718f4d81-6866-5484-a477-427f415ed6db,https://arxiv.org/abs/2608.11322,canonical_paper_url,1.0,https://arxiv.org/abs/2608.11322,arXiv canonical paper URL is the deterministic identity key.
research_paper,research-papers-csv:row:484,https://arxiv.org/abs/2608.11318,75b363a4-a73c-59e4-96c6-c505c26a130d,https://arxiv.org/abs/2608.11318,canonical_paper_url,1.0,https://arxiv.org/abs/2608.11318,arXiv canonical paper URL is the deterministic identity key.
research_paper,research-papers-csv:row:485,https://arxiv.org/abs/2608.11317,97ba9e43-6ab0-51c4-b76f-d0d1c633f90e,https://arxiv.org/abs/2608.11317,canonical_paper_url,1.0,https://arxiv.org/abs/2608.11317,arXiv canonical paper URL is the deterministic identity key.
research_paper,research-papers-csv:row:486,https://arxiv.org/abs/2608.11204,99b8684f-a35f-52f8-b971-4341cc6b2994,https://arxiv.org/abs/2608.11204,canonical_paper_url,1.0,https://arxiv.org/abs/2608.11204,arXiv canonical paper URL is the deterministic identity key.
research_paper,research-papers-csv:row:487,https://arxiv.org/abs/2608.11200,775a71cf-826f-55f9-b577-6adbb730f797,https://arxiv.org/abs/2608.11200,canonical_paper_url,1.0,https://arxiv.org/abs/2608.11200,arXiv canonical paper URL is the deterministic identity key.
research_paper,research-papers-csv:row:488,https://arxiv.org/abs/2608.11295,65f13ce6-21de-54d2-8aed-02782c4a58d2,https://arxiv.org/abs/2608.11295,canonical_paper_url,1.0,https://arxiv.org/abs/2608.11295,arXiv canonical paper URL is the deterministic identity key.
research_paper,research-papers-csv:row:489,https://arxiv.org/abs/2608.11195,832f96a4-1faf-5923-b32f-2355c13634f1,https://arxiv.org/abs/2608.11195,canonical_paper_url,1.0,https://arxiv.org/abs/2608.11195,arXiv canonical paper URL is the deterministic identity key.
research_paper,research-papers-csv:row:490,https://arxiv.org/abs/2608.11191,8f6d0e57-d45e-5e65-82f0-6e50f106bf9f,https://arxiv.org/abs/2608.11191,canonical_paper_url,1.0,https://arxiv.org/abs/2608.11191,arXiv canonical paper URL is the deterministic identity key.
research_paper,research-papers-csv:row:491,https://arxiv.org/abs/2608.11181,3e3c5c28-76c6-5b47-afad-355fbb356886,https://arxiv.org/abs/2608.11181,canonical_paper_url,1.0,https://arxiv.org/abs/2608.11181,arXiv canonical paper URL is the deterministic identity key.
research_paper,research-papers-csv:row:492,https://arxiv.org/abs/2608.11171,45d766fd-c835-5327-98d6-06b73d3821eb,https://arxiv.org/abs/2608.11171,canonical_paper_url,1.0,https://arxiv.org/abs/2608.11171,arXiv canonical paper URL is the deterministic identity key.
research_paper,research-papers-csv:row:493,https://arxiv.org/abs/2608.11138,0911d074-d15f-59d7-83a6-62d3f6eacc8c,https://arxiv.org/abs/2608.11138,canonical_paper_url,1.0,https://arxiv.org/abs/2608.11138,arXiv canonical paper URL is the deterministic identity key.
research_paper,research-papers-csv:row:494,https://arxiv.org/abs/2608.11136,9e8865cb-1036-503c-9034-6847ff2ca5dd,https://arxiv.org/abs/2608.11136,canonical_paper_url,1.0,https://arxiv.org/abs/2608.11136,arXiv canonical paper URL is the deterministic identity key.
research_paper,research-papers-csv:row:495,https://arxiv.org/abs/2608.11114,c9dbbe24-4155-5f14-8824-0f7579b1472f,https://arxiv.org/abs/2608.11114,canonical_paper_url,1.0,https://arxiv.org/abs/2608.11114,arXiv canonical paper URL is the deterministic identity key.
research_paper,research-papers-csv:row:496,https://arxiv.org/abs/2608.11095,f729f1d8-0dfe-5bf4-bf46-2ad276db36b0,https://arxiv.org/abs/2608.11095,canonical_paper_url,1.0,https://arxiv.org/abs/2608.11095,arXiv canonical paper URL is the deterministic identity key.
research_paper,research-papers-csv:row:497,https://arxiv.org/abs/2608.13608,976c7579-b7b6-57e3-a9c5-41ba9d357dff,https://arxiv.org/abs/2608.13608,canonical_paper_url,1.0,https://arxiv.org/abs/2608.13608,arXiv canonical paper URL is the deterministic identity key.
research_paper,research-papers-csv:row:498,https://arxiv.org/abs/2608.11287,601836e9-1327-57b4-b1e0-5c7a89e8f536,https://arxiv.org/abs/2608.11287,canonical_paper_url,1.0,https://arxiv.org/abs/2608.11287,arXiv canonical paper URL is the deterministic identity key.
research_paper,research-papers-csv:row:499,https://arxiv.org/abs/2608.11080,b2537277-3caf-513d-af6c-132cd02bf265,https://arxiv.org/abs/2608.11080,canonical_paper_url,1.0,https://arxiv.org/abs/2608.11080,arXiv canonical paper URL is the deterministic identity key.
research_paper,research-papers-csv:row:500,https://arxiv.org/abs/2608.11079,6501d941-8c6f-57be-9ee6-6ceffc821eec,https://arxiv.org/abs/2608.11079,canonical_paper_url,1.0,https://arxiv.org/abs/2608.11079,arXiv canonical paper URL is the deterministic identity key.
research_paper,research-papers-csv:row:501,https://arxiv.org/abs/2608.11066,1916cfee-21db-5e3a-95b6-cf37375a95e6,https://arxiv.org/abs/2608.11066,canonical_paper_url,1.0,https://arxiv.org/abs/2608.11066,arXiv canonical paper URL is the deterministic identity key.
research_paper,research-papers-csv:row:502,https://arxiv.org/abs/2608.11064,6912dc01-3eff-5a6b-bd6c-5585a8b3d9ae,https://arxiv.org/abs/2608.11064,canonical_paper_url,1.0,https://arxiv.org/abs/2608.11064,arXiv canonical paper URL is the deterministic identity key.
research_paper,research-papers-csv:row:503,https://arxiv.org/abs/2608.11053,850c1081-98dc-50a1-a098-5636714e37dd,https://arxiv.org/abs/2608.11053,canonical_paper_url,1.0,https://arxiv.org/abs/2608.11053,arXiv canonical paper URL is the deterministic identity key.
research_paper,research-papers-csv:row:504,https://arxiv.org/abs/2608.11050,6c698540-f19a-56fd-ad6c-1856a55a3059,https://arxiv.org/abs/2608.11050,canonical_paper_url,1.0,https://arxiv.org/abs/2608.11050,arXiv canonical paper URL is the deterministic identity key.
research_paper,research-papers-csv:row:505,https://arxiv.org/abs/2608.11049,cd81a4ab-527b-5ccb-af54-f389556a567a,https://arxiv.org/abs/2608.11049,canonical_paper_url,1.0,https://arxiv.org/abs/2608.11049,arXiv canonical paper URL is the deterministic identity key.
research_paper,research-papers-csv:row:506,https://arxiv.org/abs/2608.11047,88214322-68a8-5ed3-a225-c9c88df8e264,https://arxiv.org/abs/2608.11047,canonical_paper_url,1.0,https://arxiv.org/abs/2608.11047,arXiv canonical paper URL is the deterministic identity key.
research_paper,research-papers-csv:row:507,https://arxiv.org/abs/2608.13607,4cae5f82-3983-5b59-8860-a6d2bc4f9355,https://arxiv.org/abs/2608.13607,canonical_paper_url,1.0,https://arxiv.org/abs/2608.13607,arXiv canonical paper URL is the deterministic identity key.
research_paper,research-papers-csv:row:508,https://arxiv.org/abs/2608.11022,2fdb29dc-4a72-5fcd-95dc-a1904fde88a9,https://arxiv.org/abs/2608.11022,canonical_paper_url,1.0,https://arxiv.org/abs/2608.11022,arXiv canonical paper URL is the deterministic identity key.
research_paper,research-papers-csv:row:509,https://arxiv.org/abs/2608.11017,e4739fa9-e266-51cc-bb91-2cb0a1685bd0,https://arxiv.org/abs/2608.11017,canonical_paper_url,1.0,https://arxiv.org/abs/2608.11017,arXiv canonical paper URL is the deterministic identity key.
research_paper,research-papers-csv:row:510,https://arxiv.org/abs/2608.11006,63e32a94-f41a-59e8-b974-2e236a9a642f,https://arxiv.org/abs/2608.11006,canonical_paper_url,1.0,https://arxiv.org/abs/2608.11006,arXiv canonical paper URL is the deterministic identity key.
research_paper,research-papers-csv:row:511,https://arxiv.org/abs/2608.11002,8293371b-7949-527e-9f77-747de2a1f0b8,https://arxiv.org/abs/2608.11002,canonical_paper_url,1.0,https://arxiv.org/abs/2608.11002,arXiv canonical paper URL is the deterministic identity key.
research_paper,research-papers-csv:row:512,https://arxiv.org/abs/2608.11285,f4209131-0485-5524-ab48-0e9ff993cbbe,https://arxiv.org/abs/2608.11285,canonical_paper_url,1.0,https://arxiv.org/abs/2608.11285,arXiv canonical paper URL is the deterministic identity key.
research_paper,research-papers-csv:row:513,https://arxiv.org/abs/2608.10989,1006013a-0b0e-5189-9cbf-d251fcd89dbd,https://arxiv.org/abs/2608.10989,canonical_paper_url,1.0,https://arxiv.org/abs/2608.10989,arXiv canonical paper URL is the deterministic identity key.
research_paper,research-papers-csv:row:514,https://arxiv.org/abs/2608.10983,493c00a7-220e-5984-a3ac-cdcf4bf4711b,https://arxiv.org/abs/2608.10983,canonical_paper_url,1.0,https://arxiv.org/abs/2608.10983,arXiv canonical paper URL is the deterministic identity key.
research_paper,research-papers-csv:row:515,https://arxiv.org/abs/2608.10976,cf5494ae-5226-5037-8a85-46bc929a9c72,https://arxiv.org/abs/2608.10976,canonical_paper_url,1.0,https://arxiv.org/abs/2608.10976,arXiv canonical paper URL is the deterministic identity key.
research_paper,research-papers-csv:row:516,https://arxiv.org/abs/2608.10970,0cb89c6b-2af1-5c3b-bb4e-0eff3c0182de,https://arxiv.org/abs/2608.10970,canonical_paper_url,1.0,https://arxiv.org/abs/2608.10970,arXiv canonical paper URL is the deterministic identity key.
research_paper,research-papers-csv:row:517,https://arxiv.org/abs/2608.10964,246c33cc-71c2-5d9d-a22c-d06619444557,https://arxiv.org/abs/2608.10964,canonical_paper_url,1.0,https://arxiv.org/abs/2608.10964,arXiv canonical paper URL is the deterministic identity key.
research_paper,research-papers-csv:row:518,https://arxiv.org/abs/2608.10954,12035629-f70e-5272-ab65-60f988502150,https://arxiv.org/abs/2608.10954,canonical_paper_url,1.0,https://arxiv.org/abs/2608.10954,arXiv canonical paper URL is the deterministic identity key.
research_paper,research-papers-csv:row:519,https://arxiv.org/abs/2608.13606,9cfbfd91-a068-5609-acbd-ae975c006f40,https://arxiv.org/abs/2608.13606,canonical_paper_url,1.0,https://arxiv.org/abs/2608.13606,arXiv canonical paper URL is the deterministic identity key.
research_paper,research-papers-csv:row:520,https://arxiv.org/abs/2608.10939,86077d4c-bb8c-5790-9a76-973eba7ba5b9,https://arxiv.org/abs/2608.10939,canonical_paper_url,1.0,https://arxiv.org/abs/2608.10939,arXiv canonical paper URL is the deterministic identity key.
research_paper,research-papers-csv:row:521,https://arxiv.org/abs/2608.10932,b11eb6b2-2b30-5bf7-ab2e-654e3609c600,https://arxiv.org/abs/2608.10932,canonical_paper_url,1.0,https://arxiv.org/abs/2608.10932,arXiv canonical paper URL is the deterministic identity key.
research_paper,research-papers-csv:row:522,https://arxiv.org/abs/2608.10929,18694c3e-e7d3-533a-ae6f-72bd7decf7d0,https://arxiv.org/abs/2608.10929,canonical_paper_url,1.0,https://arxiv.org/abs/2608.10929,arXiv canonical paper URL is the deterministic identity key.
research_paper,research-papers-csv:row:523,https://arxiv.org/abs/2608.10928,6acfd1bd-447e-52f2-8444-0de460534379,https://arxiv.org/abs/2608.10928,canonical_paper_url,1.0,https://arxiv.org/abs/2608.10928,arXiv canonical paper URL is the deterministic identity key.
research_paper,research-papers-csv:row:524,https://arxiv.org/abs/2608.10920,f9408557-d8f3-5078-97da-91380f8519ee,https://arxiv.org/abs/2608.10920,canonical_paper_url,1.0,https://arxiv.org/abs/2608.10920,arXiv canonical paper URL is the deterministic identity key.
research_paper,research-papers-csv:row:525,https://arxiv.org/abs/2608.10916,c02b0553-4087-5769-9d18-70be32332945,https://arxiv.org/abs/2608.10916,canonical_paper_url,1.0,https://arxiv.org/abs/2608.10916,arXiv canonical paper URL is the deterministic identity key.
research_paper,research-papers-csv:row:526,https://arxiv.org/abs/2608.10915,042f4bcf-33a5-5dd4-bbde-27806386368a,https://arxiv.org/abs/2608.10915,canonical_paper_url,1.0,https://arxiv.org/abs/2608.10915,arXiv canonical paper URL is the deterministic identity key.
research_paper,research-papers-csv:row:527,https://arxiv.org/abs/2608.10906,82e42e15-109a-5a7a-84b6-e897c7668788,https://arxiv.org/abs/2608.10906,canonical_paper_url,1.0,https://arxiv.org/abs/2608.10906,arXiv canonical paper URL is the deterministic identity key.
research_paper,research-papers-csv:row:528,https://arxiv.org/abs/2608.10881,d98a9647-7233-526d-b274-263e7eda40ea,https://arxiv.org/abs/2608.10881,canonical_paper_url,1.0,https://arxiv.org/abs/2608.10881,arXiv canonical paper URL is the deterministic identity key.
research_paper,research-papers-csv:row:529,https://arxiv.org/abs/2608.10875,6e6ca7c5-e6fc-5117-b5d0-f989361ba75b,https://arxiv.org/abs/2608.10875,canonical_paper_url,1.0,https://arxiv.org/abs/2608.10875,arXiv canonical paper URL is the deterministic identity key.
research_paper,research-papers-csv:row:530,https://arxiv.org/abs/2608.11283,d7e38eb9-1068-5a1b-a5d7-622153aba08c,https://arxiv.org/abs/2608.11283,canonical_paper_url,1.0,https://arxiv.org/abs/2608.11283,arXiv canonical paper URL is the deterministic identity key.
research_paper,research-papers-csv:row:531,https://arxiv.org/abs/2608.10843,94cf017f-7464-5249-97ab-e9cf60f9a93b,https://arxiv.org/abs/2608.10843,canonical_paper_url,1.0,https://arxiv.org/abs/2608.10843,arXiv canonical paper URL is the deterministic identity key.
research_paper,research-papers-csv:row:532,https://arxiv.org/abs/2608.10837,0c55b754-44d4-54e7-b213-e34bbe708cbe,https://arxiv.org/abs/2608.10837,canonical_paper_url,1.0,https://arxiv.org/abs/2608.10837,arXiv canonical paper URL is the deterministic identity key.
research_paper,research-papers-csv:row:533,https://arxiv.org/abs/2608.10836,8482f3d8-4945-5f00-875f-661c9c31b75f,https://arxiv.org/abs/2608.10836,canonical_paper_url,1.0,https://arxiv.org/abs/2608.10836,arXiv canonical paper URL is the deterministic identity key.
research_paper,research-papers-csv:row:534,https://arxiv.org/abs/2608.10827,e987162b-a046-5f0a-b805-294cd4eaeae8,https://arxiv.org/abs/2608.10827,canonical_paper_url,1.0,https://arxiv.org/abs/2608.10827,arXiv canonical paper URL is the deterministic identity key.
research_paper,research-papers-csv:row:535,https://arxiv.org/abs/2608.10812,5a601372-1f9f-57f1-8835-83194643a09c,https://arxiv.org/abs/2608.10812,canonical_paper_url,1.0,https://arxiv.org/abs/2608.10812,arXiv canonical paper URL is the deterministic identity key.
research_paper,research-papers-csv:row:536,https://arxiv.org/abs/2608.10810,427ba3d0-4a6b-500b-9bd9-8b789d71d6c4,https://arxiv.org/abs/2608.10810,canonical_paper_url,1.0,https://arxiv.org/abs/2608.10810,arXiv canonical paper URL is the deterministic identity key.
research_paper,research-papers-csv:row:537,https://arxiv.org/abs/2608.10807,e2473645-2ded-52e7-8459-b8e0b2e882f8,https://arxiv.org/abs/2608.10807,canonical_paper_url,1.0,https://arxiv.org/abs/2608.10807,arXiv canonical paper URL is the deterministic identity key.
research_paper,research-papers-csv:row:538,https://arxiv.org/abs/2608.11282,9b31a4fa-ec34-5c83-8ac0-7f45d1740b35,https://arxiv.org/abs/2608.11282,canonical_paper_url,1.0,https://arxiv.org/abs/2608.11282,arXiv canonical paper URL is the deterministic identity key.
research_paper,research-papers-csv:row:539,https://arxiv.org/abs/2608.11281,06a36408-2fcf-5b44-af83-e82571129d37,https://arxiv.org/abs/2608.11281,canonical_paper_url,1.0,https://arxiv.org/abs/2608.11281,arXiv canonical paper URL is the deterministic identity key.
research_paper,research-papers-csv:row:540,https://arxiv.org/abs/2608.10805,d9872560-3e39-5772-9073-08d8cd174dc5,https://arxiv.org/abs/2608.10805,canonical_paper_url,1.0,https://arxiv.org/abs/2608.10805,arXiv canonical paper URL is the deterministic identity key.
research_paper,research-papers-csv:row:541,https://arxiv.org/abs/2608.10804,d485e3af-6df5-53d8-8793-c239d9409c69,https://arxiv.org/abs/2608.10804,canonical_paper_url,1.0,https://arxiv.org/abs/2608.10804,arXiv canonical paper URL is the deterministic identity key.
research_paper,research-papers-csv:row:542,https://arxiv.org/abs/2608.10798,b68b0c75-56c7-56f1-b749-86b2dd46d08a,https://arxiv.org/abs/2608.10798,canonical_paper_url,1.0,https://arxiv.org/abs/2608.10798,arXiv canonical paper URL is the deterministic identity key.
research_paper,research-papers-csv:row:543,https://arxiv.org/abs/2608.10795,1ab3aa1b-60b5-5790-ad68-7d65abb39024,https://arxiv.org/abs/2608.10795,canonical_paper_url,1.0,https://arxiv.org/abs/2608.10795,arXiv canonical paper URL is the deterministic identity key.
research_paper,research-papers-csv:row:544,https://arxiv.org/abs/2608.11280,a861e3e5-98f7-5305-9db5-610da3824845,https://arxiv.org/abs/2608.11280,canonical_paper_url,1.0,https://arxiv.org/abs/2608.11280,arXiv canonical paper URL is the deterministic identity key.
research_paper,research-papers-csv:row:545,https://arxiv.org/abs/2608.10792,14d7620b-e105-5fac-95df-56b9f25abbb4,https://arxiv.org/abs/2608.10792,canonical_paper_url,1.0,https://arxiv.org/abs/2608.10792,arXiv canonical paper URL is the deterministic identity key.
research_paper,research-papers-csv:row:546,https://arxiv.org/abs/2608.10790,a5b661d6-c8d0-5132-83d1-c49f6b7017a4,https://arxiv.org/abs/2608.10790,canonical_paper_url,1.0,https://arxiv.org/abs/2608.10790,arXiv canonical paper URL is the deterministic identity key.
research_paper,research-papers-csv:row:547,https://arxiv.org/abs/2608.10775,9530b3dc-9c83-54ee-a11f-e595a8aa2bdd,https://arxiv.org/abs/2608.10775,canonical_paper_url,1.0,https://arxiv.org/abs/2608.10775,arXiv canonical paper URL is the deterministic identity key.
research_paper,research-papers-csv:row:548,https://arxiv.org/abs/2608.10773,4168eeb5-3298-51cc-b392-b2097619a38f,https://arxiv.org/abs/2608.10773,canonical_paper_url,1.0,https://arxiv.org/abs/2608.10773,arXiv canonical paper URL is the deterministic identity key.
research_paper,research-papers-csv:row:549,https://arxiv.org/abs/2608.10766,375c6c18-2e4d-52e4-aa4b-6418acacdd13,https://arxiv.org/abs/2608.10766,canonical_paper_url,1.0,https://arxiv.org/abs/2608.10766,arXiv canonical paper URL is the deterministic identity key.
research_paper,research-papers-csv:row:550,https://arxiv.org/abs/2608.10765,9cc53479-308f-5b82-997c-a8dd486072b9,https://arxiv.org/abs/2608.10765,canonical_paper_url,1.0,https://arxiv.org/abs/2608.10765,arXiv canonical paper URL is the deterministic identity key.
research_paper,research-papers-csv:row:551,https://arxiv.org/abs/2608.10760,f5d0c23a-5aa6-50ce-a726-c8e9197dc758,https://arxiv.org/abs/2608.10760,canonical_paper_url,1.0,https://arxiv.org/abs/2608.10760,arXiv canonical paper URL is the deterministic identity key.
research_paper,research-papers-csv:row:552,https://arxiv.org/abs/2608.10740,2e8606af-0efe-52c2-85c5-fbdc277f0f6a,https://arxiv.org/abs/2608.10740,canonical_paper_url,1.0,https://arxiv.org/abs/2608.10740,arXiv canonical paper URL is the deterministic identity key.
research_paper,research-papers-csv:row:553,https://arxiv.org/abs/2608.13605,b8b4c418-513c-56ac-aef6-75820b315cad,https://arxiv.org/abs/2608.13605,canonical_paper_url,1.0,https://arxiv.org/abs/2608.13605,arXiv canonical paper URL is the deterministic identity key.
research_paper,research-papers-csv:row:554,https://arxiv.org/abs/2608.10730,f42b4890-cb8a-5e6a-82f9-1e9da2b7b5ab,https://arxiv.org/abs/2608.10730,canonical_paper_url,1.0,https://arxiv.org/abs/2608.10730,arXiv canonical paper URL is the deterministic identity key.
research_paper,research-papers-csv:row:555,https://arxiv.org/abs/2608.10729,b5fa17ef-51bd-5f33-835c-5fc0ff589df3,https://arxiv.org/abs/2608.10729,canonical_paper_url,1.0,https://arxiv.org/abs/2608.10729,arXiv canonical paper URL is the deterministic identity key.
research_paper,research-papers-csv:row:556,https://arxiv.org/abs/2608.10720,6d95878e-d2f5-5383-abc4-facb34be9fd6,https://arxiv.org/abs/2608.10720,canonical_paper_url,1.0,https://arxiv.org/abs/2608.10720,arXiv canonical paper URL is the deterministic identity key.
research_paper,research-papers-csv:row:557,https://arxiv.org/abs/2608.10716,3c7b0f6b-a88e-5e97-abe5-4b6d608c70bd,https://arxiv.org/abs/2608.10716,canonical_paper_url,1.0,https://arxiv.org/abs/2608.10716,arXiv canonical paper URL is the deterministic identity key.
research_paper,research-papers-csv:row:558,https://arxiv.org/abs/2608.10715,5653d7e7-b153-5f90-a334-7cd6c89ec502,https://arxiv.org/abs/2608.10715,canonical_paper_url,1.0,https://arxiv.org/abs/2608.10715,arXiv canonical paper URL is the deterministic identity key.
research_paper,research-papers-csv:row:559,https://arxiv.org/abs/2608.10714,0c3c80f3-4123-5a7d-a8a5-6538ab69d76e,https://arxiv.org/abs/2608.10714,canonical_paper_url,1.0,https://arxiv.org/abs/2608.10714,arXiv canonical paper URL is the deterministic identity key.
research_paper,research-papers-csv:row:560,https://arxiv.org/abs/2608.10703,6899e7cc-4e1e-5984-9c34-e5356eb9188d,https://arxiv.org/abs/2608.10703,canonical_paper_url,1.0,https://arxiv.org/abs/2608.10703,arXiv canonical paper URL is the deterministic identity key.
research_paper,research-papers-csv:row:561,https://arxiv.org/abs/2608.10699,9d5957f8-6c67-5500-a57b-3b0ed626a0d9,https://arxiv.org/abs/2608.10699,canonical_paper_url,1.0,https://arxiv.org/abs/2608.10699,arXiv canonical paper URL is the deterministic identity key.
research_paper,research-papers-csv:row:562,https://arxiv.org/abs/2608.10694,290d0417-70c4-5231-aea6-4a6e1dd278cc,https://arxiv.org/abs/2608.10694,canonical_paper_url,1.0,https://arxiv.org/abs/2608.10694,arXiv canonical paper URL is the deterministic identity key.
research_paper,research-papers-csv:row:563,https://arxiv.org/abs/2608.10692,829ecfcc-faf8-5fca-ab23-4f230fe1714f,https://arxiv.org/abs/2608.10692,canonical_paper_url,1.0,https://arxiv.org/abs/2608.10692,arXiv canonical paper URL is the deterministic identity key.
research_paper,research-papers-csv:row:564,https://arxiv.org/abs/2608.10679,333ee4d9-84cf-50dc-a268-dedbb106f977,https://arxiv.org/abs/2608.10679,canonical_paper_url,1.0,https://arxiv.org/abs/2608.10679,arXiv canonical paper URL is the deterministic identity key.
research_paper,research-papers-csv:row:565,https://arxiv.org/abs/2608.10678,054f1b68-51ac-537b-9f7a-bb9e379be46a,https://arxiv.org/abs/2608.10678,canonical_paper_url,1.0,https://arxiv.org/abs/2608.10678,arXiv canonical paper URL is the deterministic identity key.
research_paper,research-papers-csv:row:566,https://arxiv.org/abs/2608.10676,6a6109a0-5281-5f31-bc6a-ca18ec783b68,https://arxiv.org/abs/2608.10676,canonical_paper_url,1.0,https://arxiv.org/abs/2608.10676,arXiv canonical paper URL is the deterministic identity key.
research_paper,research-papers-csv:row:567,https://arxiv.org/abs/2608.10672,1f08a0a5-d200-5b07-9244-d301d1ffaa68,https://arxiv.org/abs/2608.10672,canonical_paper_url,1.0,https://arxiv.org/abs/2608.10672,arXiv canonical paper URL is the deterministic identity key.
research_paper,research-papers-csv:row:568,https://arxiv.org/abs/2608.10669,de346644-c113-5659-88d3-864ee6342fc6,https://arxiv.org/abs/2608.10669,canonical_paper_url,1.0,https://arxiv.org/abs/2608.10669,arXiv canonical paper URL is the deterministic identity key.
research_paper,research-papers-csv:row:569,https://arxiv.org/abs/2608.10668,1cb07670-9ee4-5cbd-8d19-e51399c78f7e,https://arxiv.org/abs/2608.10668,canonical_paper_url,1.0,https://arxiv.org/abs/2608.10668,arXiv canonical paper URL is the deterministic identity key.
research_paper,research-papers-csv:row:570,https://arxiv.org/abs/2608.10665,f663052f-a376-5adc-a537-854d2ee59449,https://arxiv.org/abs/2608.10665,canonical_paper_url,1.0,https://arxiv.org/abs/2608.10665,arXiv canonical paper URL is the deterministic identity key.
research_paper,research-papers-csv:row:571,https://arxiv.org/abs/2608.10664,ddb8d148-8c78-53e4-8889-45112a7dd7f5,https://arxiv.org/abs/2608.10664,canonical_paper_url,1.0,https://arxiv.org/abs/2608.10664,arXiv canonical paper URL is the deterministic identity key.
research_paper,research-papers-csv:row:572,https://arxiv.org/abs/2608.10660,0c3ef8a0-2534-598e-866e-c05b510bdf06,https://arxiv.org/abs/2608.10660,canonical_paper_url,1.0,https://arxiv.org/abs/2608.10660,arXiv canonical paper URL is the deterministic identity key.
research_paper,research-papers-csv:row:573,https://arxiv.org/abs/2608.10650,d6fb933d-30b0-5dde-a992-5e3fc3e92e60,https://arxiv.org/abs/2608.10650,canonical_paper_url,1.0,https://arxiv.org/abs/2608.10650,arXiv canonical paper URL is the deterministic identity key.
research_paper,research-papers-csv:row:574,https://arxiv.org/abs/2608.10644,671d6e30-ff47-5a18-8581-d9cd154d8fd8,https://arxiv.org/abs/2608.10644,canonical_paper_url,1.0,https://arxiv.org/abs/2608.10644,arXiv canonical paper URL is the deterministic identity key.
research_paper,research-papers-csv:row:575,https://arxiv.org/abs/2608.10635,0b2d708a-e491-5ba8-9af3-b80286aab3dc,https://arxiv.org/abs/2608.10635,canonical_paper_url,1.0,https://arxiv.org/abs/2608.10635,arXiv canonical paper URL is the deterministic identity key.
research_paper,research-papers-csv:row:576,https://arxiv.org/abs/2608.11275,9ed33b72-06ed-5891-93a9-ec4b1fd028d2,https://arxiv.org/abs/2608.11275,canonical_paper_url,1.0,https://arxiv.org/abs/2608.11275,arXiv canonical paper URL is the deterministic identity key.
research_paper,research-papers-csv:row:577,https://arxiv.org/abs/2608.11274,bd803817-189f-5689-9e0b-46afc6fe6d5e,https://arxiv.org/abs/2608.11274,canonical_paper_url,1.0,https://arxiv.org/abs/2608.11274,arXiv canonical paper URL is the deterministic identity key.
research_paper,research-papers-csv:row:578,https://arxiv.org/abs/2608.10605,1a1affb8-27db-5735-b42a-1bf6cbc4cae9,https://arxiv.org/abs/2608.10605,canonical_paper_url,1.0,https://arxiv.org/abs/2608.10605,arXiv canonical paper URL is the deterministic identity key.
research_paper,research-papers-csv:row:579,https://arxiv.org/abs/2608.10601,d26702bb-dcf0-504b-9265-b7caad4107d8,https://arxiv.org/abs/2608.10601,canonical_paper_url,1.0,https://arxiv.org/abs/2608.10601,arXiv canonical paper URL is the deterministic identity key.
research_paper,research-papers-csv:row:580,https://arxiv.org/abs/2608.10595,60efe472-a75a-5431-aa54-b568a0a6f31f,https://arxiv.org/abs/2608.10595,canonical_paper_url,1.0,https://arxiv.org/abs/2608.10595,arXiv canonical paper URL is the deterministic identity key.
research_paper,research-papers-csv:row:581,https://arxiv.org/abs/2608.10589,71045879-2cbe-565d-a499-c95346b99adb,https://arxiv.org/abs/2608.10589,canonical_paper_url,1.0,https://arxiv.org/abs/2608.10589,arXiv canonical paper URL is the deterministic identity key.
research_paper,research-papers-csv:row:582,https://arxiv.org/abs/2608.10588,35ecfe97-5470-517f-bc1e-4b35ca4090d3,https://arxiv.org/abs/2608.10588,canonical_paper_url,1.0,https://arxiv.org/abs/2608.10588,arXiv canonical paper URL is the deterministic identity key.
research_paper,research-papers-csv:row:583,https://arxiv.org/abs/2608.10584,ddba2291-7ddb-5e8a-82d1-6c57caeea4a2,https://arxiv.org/abs/2608.10584,canonical_paper_url,1.0,https://arxiv.org/abs/2608.10584,arXiv canonical paper URL is the deterministic identity key.
research_paper,research-papers-csv:row:584,https://arxiv.org/abs/2608.10579,2cf965ef-12c5-532b-b70d-25b79a027631,https://arxiv.org/abs/2608.10579,canonical_paper_url,1.0,https://arxiv.org/abs/2608.10579,arXiv canonical paper URL is the deterministic identity key.
research_paper,research-papers-csv:row:585,https://arxiv.org/abs/2608.10567,423e215c-b408-5c74-bf4a-7e8ab47fc457,https://arxiv.org/abs/2608.10567,canonical_paper_url,1.0,https://arxiv.org/abs/2608.10567,arXiv canonical paper URL is the deterministic identity key.
research_paper,research-papers-csv:row:586,https://arxiv.org/abs/2608.10553,9321b46b-cfdc-5283-a49a-8e1cd83eae5a,https://arxiv.org/abs/2608.10553,canonical_paper_url,1.0,https://arxiv.org/abs/2608.10553,arXiv canonical paper URL is the deterministic identity key.
research_paper,research-papers-csv:row:587,https://arxiv.org/abs/2608.10549,9abb35d0-5cda-58df-a446-1925405c6f1d,https://arxiv.org/abs/2608.10549,canonical_paper_url,1.0,https://arxiv.org/abs/2608.10549,arXiv canonical paper URL is the deterministic identity key.
research_paper,research-papers-csv:row:588,https://arxiv.org/abs/2608.10544,21433f2f-1aa8-5b5f-9f47-046655dc29dc,https://arxiv.org/abs/2608.10544,canonical_paper_url,1.0,https://arxiv.org/abs/2608.10544,arXiv canonical paper URL is the deterministic identity key.
research_paper,research-papers-csv:row:589,https://arxiv.org/abs/2608.10545,3b900d1f-93b2-55e0-a804-26a83571a9b5,https://arxiv.org/abs/2608.10545,canonical_paper_url,1.0,https://arxiv.org/abs/2608.10545,arXiv canonical paper URL is the deterministic identity key.
research_paper,research-papers-csv:row:590,https://arxiv.org/abs/2608.10538,ea137d46-e2e5-5c29-adcc-7d55dd57c015,https://arxiv.org/abs/2608.10538,canonical_paper_url,1.0,https://arxiv.org/abs/2608.10538,arXiv canonical paper URL is the deterministic identity key.
research_paper,research-papers-csv:row:591,https://arxiv.org/abs/2608.10537,cd314a15-6f63-58d6-93a3-ba0b992f5278,https://arxiv.org/abs/2608.10537,canonical_paper_url,1.0,https://arxiv.org/abs/2608.10537,arXiv canonical paper URL is the deterministic identity key.
research_paper,research-papers-csv:row:592,https://arxiv.org/abs/2608.10530,6ffa4658-cbed-5aae-bcb9-de1cd27fd360,https://arxiv.org/abs/2608.10530,canonical_paper_url,1.0,https://arxiv.org/abs/2608.10530,arXiv canonical paper URL is the deterministic identity key.
research_paper,research-papers-csv:row:593,https://arxiv.org/abs/2608.10529,7cea7b9f-7d1c-5f4d-b8b4-bd4d4a977c53,https://arxiv.org/abs/2608.10529,canonical_paper_url,1.0,https://arxiv.org/abs/2608.10529,arXiv canonical paper URL is the deterministic identity key.
research_paper,research-papers-csv:row:594,https://arxiv.org/abs/2608.10526,21f6b6f4-9119-512d-803f-1ef3e39eec1c,https://arxiv.org/abs/2608.10526,canonical_paper_url,1.0,https://arxiv.org/abs/2608.10526,arXiv canonical paper URL is the deterministic identity key.
research_paper,research-papers-csv:row:595,https://arxiv.org/abs/2608.10525,b0e3ee8c-09ef-5422-8297-88cd8a326c79,https://arxiv.org/abs/2608.10525,canonical_paper_url,1.0,https://arxiv.org/abs/2608.10525,arXiv canonical paper URL is the deterministic identity key.
research_paper,research-papers-csv:row:596,https://arxiv.org/abs/2608.10524,d9e088a2-28b7-5d98-88e5-01746b4531a1,https://arxiv.org/abs/2608.10524,canonical_paper_url,1.0,https://arxiv.org/abs/2608.10524,arXiv canonical paper URL is the deterministic identity key.
research_paper,research-papers-csv:row:597,https://arxiv.org/abs/2608.10523,6821f1d1-2a63-57a3-82ee-2faf8aa8d4a6,https://arxiv.org/abs/2608.10523,canonical_paper_url,1.0,https://arxiv.org/abs/2608.10523,arXiv canonical paper URL is the deterministic identity key.
research_paper,research-papers-csv:row:598,https://arxiv.org/abs/2608.10522,d2de5949-c19b-5929-b1f8-124df2cc21fe,https://arxiv.org/abs/2608.10522,canonical_paper_url,1.0,https://arxiv.org/abs/2608.10522,arXiv canonical paper URL is the deterministic identity key.
research_paper,research-papers-csv:row:599,https://arxiv.org/abs/2608.13604,5f1808a3-7c81-5b93-8051-9a3e7759d8e8,https://arxiv.org/abs/2608.13604,canonical_paper_url,1.0,https://arxiv.org/abs/2608.13604,arXiv canonical paper URL is the deterministic identity key.
research_paper,research-papers-csv:row:600,https://arxiv.org/abs/2608.10513,2350419b-8b94-5ca4-b778-1cea383c2c89,https://arxiv.org/abs/2608.10513,canonical_paper_url,1.0,https://arxiv.org/abs/2608.10513,arXiv canonical paper URL is the deterministic identity key.
research_paper,research-papers-csv:row:601,https://arxiv.org/abs/2608.10509,c8e56a3a-0701-5fa2-a242-2e6273c37134,https://arxiv.org/abs/2608.10509,canonical_paper_url,1.0,https://arxiv.org/abs/2608.10509,arXiv canonical paper URL is the deterministic identity key.
research_paper,research-papers-csv:row:602,https://arxiv.org/abs/2608.10505,a38f6c8a-1b91-507d-ae86-475956ba6113,https://arxiv.org/abs/2608.10505,canonical_paper_url,1.0,https://arxiv.org/abs/2608.10505,arXiv canonical paper URL is the deterministic identity key.
research_paper,research-papers-csv:row:603,https://arxiv.org/abs/2608.10504,d3db2956-f799-5f95-8f78-94fbff54dac8,https://arxiv.org/abs/2608.10504,canonical_paper_url,1.0,https://arxiv.org/abs/2608.10504,arXiv canonical paper URL is the deterministic identity key.
research_paper,research-papers-csv:row:604,https://arxiv.org/abs/2608.10502,43f4f036-5738-5c72-a370-e24368e6427f,https://arxiv.org/abs/2608.10502,canonical_paper_url,1.0,https://arxiv.org/abs/2608.10502,arXiv canonical paper URL is the deterministic identity key.
research_paper,research-papers-csv:row:605,https://arxiv.org/abs/2608.10499,05909f22-664e-5909-9274-5f2edba2750a,https://arxiv.org/abs/2608.10499,canonical_paper_url,1.0,https://arxiv.org/abs/2608.10499,arXiv canonical paper URL is the deterministic identity key.
research_paper,research-papers-csv:row:606,https://arxiv.org/abs/2608.10494,f81d9fc4-703d-59e7-b6aa-7faf07e778ae,https://arxiv.org/abs/2608.10494,canonical_paper_url,1.0,https://arxiv.org/abs/2608.10494,arXiv canonical paper URL is the deterministic identity key.
research_paper,research-papers-csv:row:607,https://arxiv.org/abs/2608.10492,801a2217-606a-5f56-820b-5a0c6c4fdd04,https://arxiv.org/abs/2608.10492,canonical_paper_url,1.0,https://arxiv.org/abs/2608.10492,arXiv canonical paper URL is the deterministic identity key.
research_paper,research-papers-csv:row:608,https://arxiv.org/abs/2608.10484,c37e1052-baba-5f9d-8513-35ba30e94ab7,https://arxiv.org/abs/2608.10484,canonical_paper_url,1.0,https://arxiv.org/abs/2608.10484,arXiv canonical paper URL is the deterministic identity key.
research_paper,research-papers-csv:row:609,https://arxiv.org/abs/2608.10483,8110d636-46df-5a06-b26d-c9d402cf4b40,https://arxiv.org/abs/2608.10483,canonical_paper_url,1.0,https://arxiv.org/abs/2608.10483,arXiv canonical paper URL is the deterministic identity key.
research_paper,research-papers-csv:row:610,https://arxiv.org/abs/2608.10480,4d5a0191-8274-56c0-8c72-c260c3bc2e9b,https://arxiv.org/abs/2608.10480,canonical_paper_url,1.0,https://arxiv.org/abs/2608.10480,arXiv canonical paper URL is the deterministic identity key.
research_paper,research-papers-csv:row:611,https://arxiv.org/abs/2608.10475,d9919f1f-5ef0-5671-9cda-aecd17ea150b,https://arxiv.org/abs/2608.10475,canonical_paper_url,1.0,https://arxiv.org/abs/2608.10475,arXiv canonical paper URL is the deterministic identity key.
research_paper,research-papers-csv:row:612,https://arxiv.org/abs/2608.10473,61e82b66-8bbc-5d2f-8d3d-bbe132e84f5b,https://arxiv.org/abs/2608.10473,canonical_paper_url,1.0,https://arxiv.org/abs/2608.10473,arXiv canonical paper URL is the deterministic identity key.
research_paper,research-papers-csv:row:613,https://arxiv.org/abs/2608.10471,3a8ab041-caea-5c2b-a9b0-dfcf5365c8dd,https://arxiv.org/abs/2608.10471,canonical_paper_url,1.0,https://arxiv.org/abs/2608.10471,arXiv canonical paper URL is the deterministic identity key.
research_paper,research-papers-csv:row:614,https://arxiv.org/abs/2608.10464,62b1effd-bd31-5001-b0b9-6ba9fed6e43c,https://arxiv.org/abs/2608.10464,canonical_paper_url,1.0,https://arxiv.org/abs/2608.10464,arXiv canonical paper URL is the deterministic identity key.
research_paper,research-papers-csv:row:615,https://arxiv.org/abs/2608.10459,6afa2cf0-d50e-5024-a46e-018902ceca5a,https://arxiv.org/abs/2608.10459,canonical_paper_url,1.0,https://arxiv.org/abs/2608.10459,arXiv canonical paper URL is the deterministic identity key.
research_paper,research-papers-csv:row:616,https://arxiv.org/abs/2608.10450,3236c21e-54d0-506d-ada0-64219365285b,https://arxiv.org/abs/2608.10450,canonical_paper_url,1.0,https://arxiv.org/abs/2608.10450,arXiv canonical paper URL is the deterministic identity key.
research_paper,research-papers-csv:row:617,https://arxiv.org/abs/2608.10448,9474fc40-80b1-5c0f-bf39-6169ead18917,https://arxiv.org/abs/2608.10448,canonical_paper_url,1.0,https://arxiv.org/abs/2608.10448,arXiv canonical paper URL is the deterministic identity key.
research_paper,research-papers-csv:row:618,https://arxiv.org/abs/2608.10447,5b8bc19a-c44d-5ed6-b102-b1a778d07efe,https://arxiv.org/abs/2608.10447,canonical_paper_url,1.0,https://arxiv.org/abs/2608.10447,arXiv canonical paper URL is the deterministic identity key.
research_paper,research-papers-csv:row:619,https://arxiv.org/abs/2608.10444,d28dcd76-f066-54da-809c-2e8bc2cd33fa,https://arxiv.org/abs/2608.10444,canonical_paper_url,1.0,https://arxiv.org/abs/2608.10444,arXiv canonical paper URL is the deterministic identity key.
research_paper,research-papers-csv:row:620,https://arxiv.org/abs/2608.10442,48c630aa-f9e5-5a79-966a-e8808a341ac0,https://arxiv.org/abs/2608.10442,canonical_paper_url,1.0,https://arxiv.org/abs/2608.10442,arXiv canonical paper URL is the deterministic identity key.
research_paper,research-papers-csv:row:621,https://arxiv.org/abs/2608.10438,15a16871-c64a-507a-865d-8e9ab7687cfc,https://arxiv.org/abs/2608.10438,canonical_paper_url,1.0,https://arxiv.org/abs/2608.10438,arXiv canonical paper URL is the deterministic identity key.
research_paper,research-papers-csv:row:622,https://arxiv.org/abs/2608.10434,f50d3a4e-6760-5133-affb-bfd465fd50b0,https://arxiv.org/abs/2608.10434,canonical_paper_url,1.0,https://arxiv.org/abs/2608.10434,arXiv canonical paper URL is the deterministic identity key.
research_paper,research-papers-csv:row:623,https://arxiv.org/abs/2608.10431,84db8c1c-2ede-5544-a789-ab7c65f61f82,https://arxiv.org/abs/2608.10431,canonical_paper_url,1.0,https://arxiv.org/abs/2608.10431,arXiv canonical paper URL is the deterministic identity key.
research_paper,research-papers-csv:row:624,https://arxiv.org/abs/2608.10430,1acab04b-6b67-530a-990f-0d51d496c523,https://arxiv.org/abs/2608.10430,canonical_paper_url,1.0,https://arxiv.org/abs/2608.10430,arXiv canonical paper URL is the deterministic identity key.
research_paper,research-papers-csv:row:625,https://arxiv.org/abs/2608.10427,71c71a86-d191-579f-929f-6af73a195a0a,https://arxiv.org/abs/2608.10427,canonical_paper_url,1.0,https://arxiv.org/abs/2608.10427,arXiv canonical paper URL is the deterministic identity key.
research_paper,research-papers-csv:row:626,https://arxiv.org/abs/2608.10424,7bf21f6b-dfd5-5558-b472-607135e07dd9,https://arxiv.org/abs/2608.10424,canonical_paper_url,1.0,https://arxiv.org/abs/2608.10424,arXiv canonical paper URL is the deterministic identity key.
research_paper,research-papers-csv:row:627,https://arxiv.org/abs/2608.10420,085df422-85d0-58dc-a2f0-615deb357667,https://arxiv.org/abs/2608.10420,canonical_paper_url,1.0,https://arxiv.org/abs/2608.10420,arXiv canonical paper URL is the deterministic identity key.
research_paper,research-papers-csv:row:628,https://arxiv.org/abs/2608.10416,6e74db64-1ce8-5a48-9622-76cbc5bb15f4,https://arxiv.org/abs/2608.10416,canonical_paper_url,1.0,https://arxiv.org/abs/2608.10416,arXiv canonical paper URL is the deterministic identity key.
research_paper,research-papers-csv:row:629,https://arxiv.org/abs/2608.10405,1b833d0b-47f9-518a-830b-d7dadce53772,https://arxiv.org/abs/2608.10405,canonical_paper_url,1.0,https://arxiv.org/abs/2608.10405,arXiv canonical paper URL is the deterministic identity key.
research_paper,research-papers-csv:row:630,https://arxiv.org/abs/2608.10403,20e3991f-fe08-5e84-83d7-0627236bbd8e,https://arxiv.org/abs/2608.10403,canonical_paper_url,1.0,https://arxiv.org/abs/2608.10403,arXiv canonical paper URL is the deterministic identity key.
research_paper,research-papers-csv:row:631,https://arxiv.org/abs/2608.10398,27545551-96cf-5dd1-9d3b-db53fb36170b,https://arxiv.org/abs/2608.10398,canonical_paper_url,1.0,https://arxiv.org/abs/2608.10398,arXiv canonical paper URL is the deterministic identity key.
research_paper,research-papers-csv:row:632,https://arxiv.org/abs/2608.10393,bd37c1fc-0077-5046-a30d-26c78774137a,https://arxiv.org/abs/2608.10393,canonical_paper_url,1.0,https://arxiv.org/abs/2608.10393,arXiv canonical paper URL is the deterministic identity key.
research_paper,research-papers-csv:row:633,https://arxiv.org/abs/2608.10385,39cae181-1e77-5a69-9f25-4037d599ef01,https://arxiv.org/abs/2608.10385,canonical_paper_url,1.0,https://arxiv.org/abs/2608.10385,arXiv canonical paper URL is the deterministic identity key.
research_paper,research-papers-csv:row:634,https://arxiv.org/abs/2608.10382,c8ce556b-ec92-5df7-b39e-bc004e91a0ec,https://arxiv.org/abs/2608.10382,canonical_paper_url,1.0,https://arxiv.org/abs/2608.10382,arXiv canonical paper URL is the deterministic identity key.
research_paper,research-papers-csv:row:635,https://arxiv.org/abs/2608.10375,af26724a-92cb-5625-8be1-97822fe92df9,https://arxiv.org/abs/2608.10375,canonical_paper_url,1.0,https://arxiv.org/abs/2608.10375,arXiv canonical paper URL is the deterministic identity key.
research_paper,research-papers-csv:row:636,https://arxiv.org/abs/2608.10366,b9a432c4-3427-5df4-a79b-816c1568bd1c,https://arxiv.org/abs/2608.10366,canonical_paper_url,1.0,https://arxiv.org/abs/2608.10366,arXiv canonical paper URL is the deterministic identity key.
research_paper,research-papers-csv:row:637,https://arxiv.org/abs/2608.10363,4b1d61a4-dcaf-55ab-931e-d0932b69a77d,https://arxiv.org/abs/2608.10363,canonical_paper_url,1.0,https://arxiv.org/abs/2608.10363,arXiv canonical paper URL is the deterministic identity key.
research_paper,research-papers-csv:row:638,https://arxiv.org/abs/2608.10362,7ce858ba-b675-5bf4-bbfc-d889d581bf9d,https://arxiv.org/abs/2608.10362,canonical_paper_url,1.0,https://arxiv.org/abs/2608.10362,arXiv canonical paper URL is the deterministic identity key.
research_paper,research-papers-csv:row:639,https://arxiv.org/abs/2608.10360,919d67f6-e3f5-593c-84ef-20659cb5df30,https://arxiv.org/abs/2608.10360,canonical_paper_url,1.0,https://arxiv.org/abs/2608.10360,arXiv canonical paper URL is the deterministic identity key.
research_paper,research-papers-csv:row:640,https://arxiv.org/abs/2608.10357,b7a2e21a-78ca-5da1-905d-631baa838d15,https://arxiv.org/abs/2608.10357,canonical_paper_url,1.0,https://arxiv.org/abs/2608.10357,arXiv canonical paper URL is the deterministic identity key.
research_paper,research-papers-csv:row:641,https://arxiv.org/abs/2608.10346,335eff22-5fab-5015-b07a-22b5a864dd91,https://arxiv.org/abs/2608.10346,canonical_paper_url,1.0,https://arxiv.org/abs/2608.10346,arXiv canonical paper URL is the deterministic identity key.
research_paper,research-papers-csv:row:642,https://arxiv.org/abs/2608.10339,f4925ce6-9670-5704-8d4d-84d32288820a,https://arxiv.org/abs/2608.10339,canonical_paper_url,1.0,https://arxiv.org/abs/2608.10339,arXiv canonical paper URL is the deterministic identity key.
research_paper,research-papers-csv:row:643,https://arxiv.org/abs/2608.10337,b50cf007-b7a8-5dbf-b8a7-84a1c5d7c401,https://arxiv.org/abs/2608.10337,canonical_paper_url,1.0,https://arxiv.org/abs/2608.10337,arXiv canonical paper URL is the deterministic identity key.
research_paper,research-papers-csv:row:644,https://arxiv.org/abs/2608.10330,fd5fba3f-5d36-57e3-896e-2df7f2ea3ca9,https://arxiv.org/abs/2608.10330,canonical_paper_url,1.0,https://arxiv.org/abs/2608.10330,arXiv canonical paper URL is the deterministic identity key.
research_paper,research-papers-csv:row:645,https://arxiv.org/abs/2608.10327,9c5af5cf-88cd-54be-9ade-0c9526b97e27,https://arxiv.org/abs/2608.10327,canonical_paper_url,1.0,https://arxiv.org/abs/2608.10327,arXiv canonical paper URL is the deterministic identity key.
research_paper,research-papers-csv:row:646,https://arxiv.org/abs/2608.10323,6850cc5b-4fc2-52cb-bdc7-7ab10fae4b8b,https://arxiv.org/abs/2608.10323,canonical_paper_url,1.0,https://arxiv.org/abs/2608.10323,arXiv canonical paper URL is the deterministic identity key.
research_paper,research-papers-csv:row:647,https://arxiv.org/abs/2608.10319,57320a5a-004f-57d5-9ead-15db6439c35f,https://arxiv.org/abs/2608.10319,canonical_paper_url,1.0,https://arxiv.org/abs/2608.10319,arXiv canonical paper URL is the deterministic identity key.
research_paper,research-papers-csv:row:648,https://arxiv.org/abs/2608.10315,e0e6101f-0d0f-5d6f-9f35-a93362ff2a8c,https://arxiv.org/abs/2608.10315,canonical_paper_url,1.0,https://arxiv.org/abs/2608.10315,arXiv canonical paper URL is the deterministic identity key.
research_paper,research-papers-csv:row:649,https://arxiv.org/abs/2608.10300,dd0c354f-8c5e-5205-bedf-c691617d2226,https://arxiv.org/abs/2608.10300,canonical_paper_url,1.0,https://arxiv.org/abs/2608.10300,arXiv canonical paper URL is the deterministic identity key.
research_paper,research-papers-csv:row:650,https://arxiv.org/abs/2608.10295,d9a1e81c-7d29-5851-89ad-7444afa16b71,https://arxiv.org/abs/2608.10295,canonical_paper_url,1.0,https://arxiv.org/abs/2608.10295,arXiv canonical paper URL is the deterministic identity key.
research_paper,research-papers-csv:row:651,https://arxiv.org/abs/2608.10291,b832a7e5-3aa2-59b9-9c7f-b22a68e51500,https://arxiv.org/abs/2608.10291,canonical_paper_url,1.0,https://arxiv.org/abs/2608.10291,arXiv canonical paper URL is the deterministic identity key.
research_paper,research-papers-csv:row:652,https://arxiv.org/abs/2608.10290,ee25644f-0ac7-5b56-9dce-e157ec68c928,https://arxiv.org/abs/2608.10290,canonical_paper_url,1.0,https://arxiv.org/abs/2608.10290,arXiv canonical paper URL is the deterministic identity key.
research_paper,research-papers-csv:row:653,https://arxiv.org/abs/2608.10279,1353c445-2b7d-519b-a856-b075e32dd81c,https://arxiv.org/abs/2608.10279,canonical_paper_url,1.0,https://arxiv.org/abs/2608.10279,arXiv canonical paper URL is the deterministic identity key.
research_paper,research-papers-csv:row:654,https://arxiv.org/abs/2608.10273,7b942f43-c3c0-56d2-b620-cac96a9be8ad,https://arxiv.org/abs/2608.10273,canonical_paper_url,1.0,https://arxiv.org/abs/2608.10273,arXiv canonical paper URL is the deterministic identity key.
research_paper,research-papers-csv:row:655,https://arxiv.org/abs/2608.10268,bd6dc6dc-58fa-562e-966a-7278b26e1e0e,https://arxiv.org/abs/2608.10268,canonical_paper_url,1.0,https://arxiv.org/abs/2608.10268,arXiv canonical paper URL is the deterministic identity key.
research_paper,research-papers-csv:row:656,https://arxiv.org/abs/2608.10260,8ae57f79-aa29-598f-a1c3-3e87cd331270,https://arxiv.org/abs/2608.10260,canonical_paper_url,1.0,https://arxiv.org/abs/2608.10260,arXiv canonical paper URL is the deterministic identity key.
research_paper,research-papers-csv:row:657,https://arxiv.org/abs/2608.10258,fd16488d-a731-59b3-95fa-a1622cfc9484,https://arxiv.org/abs/2608.10258,canonical_paper_url,1.0,https://arxiv.org/abs/2608.10258,arXiv canonical paper URL is the deterministic identity key.
research_paper,research-papers-csv:row:658,https://arxiv.org/abs/2608.10239,64a89771-4d7b-5a46-8670-a58cfef7e8db,https://arxiv.org/abs/2608.10239,canonical_paper_url,1.0,https://arxiv.org/abs/2608.10239,arXiv canonical paper URL is the deterministic identity key.
research_paper,research-papers-csv:row:659,https://arxiv.org/abs/2608.10237,bb4c5aaa-2bb7-531e-b89d-1d90ccd4d80a,https://arxiv.org/abs/2608.10237,canonical_paper_url,1.0,https://arxiv.org/abs/2608.10237,arXiv canonical paper URL is the deterministic identity key.
research_paper,research-papers-csv:row:660,https://arxiv.org/abs/2608.10233,92bedd7f-4527-5054-96fd-6178186e9bed,https://arxiv.org/abs/2608.10233,canonical_paper_url,1.0,https://arxiv.org/abs/2608.10233,arXiv canonical paper URL is the deterministic identity key.
research_paper,research-papers-csv:row:661,https://arxiv.org/abs/2608.10232,9a982af0-dd2d-55c7-bbe5-16cad06e5023,https://arxiv.org/abs/2608.10232,canonical_paper_url,1.0,https://arxiv.org/abs/2608.10232,arXiv canonical paper URL is the deterministic identity key.
research_paper,research-papers-csv:row:662,https://arxiv.org/abs/2608.10224,a7f88224-c798-54ae-b01f-7718cd17c1d8,https://arxiv.org/abs/2608.10224,canonical_paper_url,1.0,https://arxiv.org/abs/2608.10224,arXiv canonical paper URL is the deterministic identity key.
research_paper,research-papers-csv:row:663,https://arxiv.org/abs/2608.10218,cbc0a0dc-239d-5365-9e48-258a9760786c,https://arxiv.org/abs/2608.10218,canonical_paper_url,1.0,https://arxiv.org/abs/2608.10218,arXiv canonical paper URL is the deterministic identity key.
research_paper,research-papers-csv:row:664,https://arxiv.org/abs/2608.10216,7d470ffa-0b37-5e6b-af35-e61939c3539c,https://arxiv.org/abs/2608.10216,canonical_paper_url,1.0,https://arxiv.org/abs/2608.10216,arXiv canonical paper URL is the deterministic identity key.
research_paper,research-papers-csv:row:665,https://arxiv.org/abs/2608.10214,31a31e5c-59cb-52f7-b1fe-0270049ddb5f,https://arxiv.org/abs/2608.10214,canonical_paper_url,1.0,https://arxiv.org/abs/2608.10214,arXiv canonical paper URL is the deterministic identity key.
research_paper,research-papers-csv:row:666,https://arxiv.org/abs/2608.10209,816d0986-b623-5f36-bcba-9cd8733828ce,https://arxiv.org/abs/2608.10209,canonical_paper_url,1.0,https://arxiv.org/abs/2608.10209,arXiv canonical paper URL is the deterministic identity key.
research_paper,research-papers-csv:row:667,https://arxiv.org/abs/2608.10207,7c51b802-0372-581a-8cd6-42cbbb15a2b1,https://arxiv.org/abs/2608.10207,canonical_paper_url,1.0,https://arxiv.org/abs/2608.10207,arXiv canonical paper URL is the deterministic identity key.
research_paper,research-papers-csv:row:668,https://arxiv.org/abs/2608.10206,c8ab4a4a-88ad-5b2d-8f13-85f58af2a5f3,https://arxiv.org/abs/2608.10206,canonical_paper_url,1.0,https://arxiv.org/abs/2608.10206,arXiv canonical paper URL is the deterministic identity key.
research_paper,research-papers-csv:row:669,https://arxiv.org/abs/2608.10198,64123fea-45b8-597d-9006-b5ca2290ee18,https://arxiv.org/abs/2608.10198,canonical_paper_url,1.0,https://arxiv.org/abs/2608.10198,arXiv canonical paper URL is the deterministic identity key.
research_paper,research-papers-csv:row:670,https://arxiv.org/abs/2608.10196,9ff019c7-273a-5c95-a777-fde588d1a5f2,https://arxiv.org/abs/2608.10196,canonical_paper_url,1.0,https://arxiv.org/abs/2608.10196,arXiv canonical paper URL is the deterministic identity key.
research_paper,research-papers-csv:row:671,https://arxiv.org/abs/2608.10186,52792694-c56a-5d5d-907b-ed55ad542f34,https://arxiv.org/abs/2608.10186,canonical_paper_url,1.0,https://arxiv.org/abs/2608.10186,arXiv canonical paper URL is the deterministic identity key.
research_paper,research-papers-csv:row:672,https://arxiv.org/abs/2608.10182,2126d997-bfd0-5ae7-a88b-a715e8074ac5,https://arxiv.org/abs/2608.10182,canonical_paper_url,1.0,https://arxiv.org/abs/2608.10182,arXiv canonical paper URL is the deterministic identity key.
research_paper,research-papers-csv:row:673,https://arxiv.org/abs/2608.10176,a1b39a15-48cf-5982-b1c1-e0c37f71798a,https://arxiv.org/abs/2608.10176,canonical_paper_url,1.0,https://arxiv.org/abs/2608.10176,arXiv canonical paper URL is the deterministic identity key.
research_paper,research-papers-csv:row:674,https://arxiv.org/abs/2608.10171,71a3c698-630c-5265-92a5-ac271ee2e9f9,https://arxiv.org/abs/2608.10171,canonical_paper_url,1.0,https://arxiv.org/abs/2608.10171,arXiv canonical paper URL is the deterministic identity key.
research_paper,research-papers-csv:row:675,https://arxiv.org/abs/2608.10166,c7067067-b4c5-50f7-be4e-3be3a081301b,https://arxiv.org/abs/2608.10166,canonical_paper_url,1.0,https://arxiv.org/abs/2608.10166,arXiv canonical paper URL is the deterministic identity key.
research_paper,research-papers-csv:row:676,https://arxiv.org/abs/2608.10157,7992e315-3ad9-57c3-8a26-9f39d7ba94bf,https://arxiv.org/abs/2608.10157,canonical_paper_url,1.0,https://arxiv.org/abs/2608.10157,arXiv canonical paper URL is the deterministic identity key.
research_paper,research-papers-csv:row:677,https://arxiv.org/abs/2608.10154,d6a38500-d32f-5fe6-bb6d-fa78c6f763d6,https://arxiv.org/abs/2608.10154,canonical_paper_url,1.0,https://arxiv.org/abs/2608.10154,arXiv canonical paper URL is the deterministic identity key.
research_paper,research-papers-csv:row:678,https://arxiv.org/abs/2608.10153,ebcaca36-ad46-55e7-8372-42d9c2e97ab0,https://arxiv.org/abs/2608.10153,canonical_paper_url,1.0,https://arxiv.org/abs/2608.10153,arXiv canonical paper URL is the deterministic identity key.
research_paper,research-papers-csv:row:679,https://arxiv.org/abs/2608.10126,8af7abb8-efa9-5fe0-bde4-185d0f5b4c10,https://arxiv.org/abs/2608.10126,canonical_paper_url,1.0,https://arxiv.org/abs/2608.10126,arXiv canonical paper URL is the deterministic identity key.
research_paper,research-papers-csv:row:680,https://arxiv.org/abs/2608.10108,34718302-03be-503c-bdc1-8ec811b36422,https://arxiv.org/abs/2608.10108,canonical_paper_url,1.0,https://arxiv.org/abs/2608.10108,arXiv canonical paper URL is the deterministic identity key.
research_paper,research-papers-csv:row:681,https://arxiv.org/abs/2608.10103,ca96d9bc-74e8-55aa-b258-77c55e210c6e,https://arxiv.org/abs/2608.10103,canonical_paper_url,1.0,https://arxiv.org/abs/2608.10103,arXiv canonical paper URL is the deterministic identity key.
research_paper,research-papers-csv:row:682,https://arxiv.org/abs/2608.10101,56f3e712-542e-58fb-b63a-24d69c39fc3f,https://arxiv.org/abs/2608.10101,canonical_paper_url,1.0,https://arxiv.org/abs/2608.10101,arXiv canonical paper URL is the deterministic identity key.
research_paper,research-papers-csv:row:683,https://arxiv.org/abs/2608.10090,eaa67521-8cee-5b97-862d-ed5f6e7f1c0e,https://arxiv.org/abs/2608.10090,canonical_paper_url,1.0,https://arxiv.org/abs/2608.10090,arXiv canonical paper URL is the deterministic identity key.
research_paper,research-papers-csv:row:684,https://arxiv.org/abs/2608.10089,62587b23-6dfc-5152-a1b8-28dcee5e2f86,https://arxiv.org/abs/2608.10089,canonical_paper_url,1.0,https://arxiv.org/abs/2608.10089,arXiv canonical paper URL is the deterministic identity key.
research_paper,research-papers-csv:row:685,https://arxiv.org/abs/2608.09930,b920f0d3-edfb-51a3-a7dd-852753d4932f,https://arxiv.org/abs/2608.09930,canonical_paper_url,1.0,https://arxiv.org/abs/2608.09930,arXiv canonical paper URL is the deterministic identity key.
research_paper,research-papers-csv:row:686,https://arxiv.org/abs/2608.09928,5d7d69dc-9a1b-5f22-abce-4a9d8e731e6d,https://arxiv.org/abs/2608.09928,canonical_paper_url,1.0,https://arxiv.org/abs/2608.09928,arXiv canonical paper URL is the deterministic identity key.
research_paper,research-papers-csv:row:687,https://arxiv.org/abs/2608.10056,b39162d4-e87d-560a-9cbd-2b16bed6ab1c,https://arxiv.org/abs/2608.10056,canonical_paper_url,1.0,https://arxiv.org/abs/2608.10056,arXiv canonical paper URL is the deterministic identity key.
research_paper,research-papers-csv:row:688,https://arxiv.org/abs/2608.09925,2dae39d1-6586-54cb-be4e-ea390f374fa0,https://arxiv.org/abs/2608.09925,canonical_paper_url,1.0,https://arxiv.org/abs/2608.09925,arXiv canonical paper URL is the deterministic identity key.
research_paper,research-papers-csv:row:689,https://arxiv.org/abs/2608.09921,948eac9b-980d-5f09-99da-6336cc9aab48,https://arxiv.org/abs/2608.09921,canonical_paper_url,1.0,https://arxiv.org/abs/2608.09921,arXiv canonical paper URL is the deterministic identity key.
research_paper,research-papers-csv:row:690,https://arxiv.org/abs/2608.09902,3c45a98b-43cf-5f7f-afce-565fcca369c2,https://arxiv.org/abs/2608.09902,canonical_paper_url,1.0,https://arxiv.org/abs/2608.09902,arXiv canonical paper URL is the deterministic identity key.
research_paper,research-papers-csv:row:691,https://arxiv.org/abs/2608.09893,b6426f42-da6d-5240-98e3-4b41b39c709f,https://arxiv.org/abs/2608.09893,canonical_paper_url,1.0,https://arxiv.org/abs/2608.09893,arXiv canonical paper URL is the deterministic identity key.
research_paper,research-papers-csv:row:692,https://arxiv.org/abs/2608.09888,db37b32b-b0ee-5710-bdee-54ed58f313d2,https://arxiv.org/abs/2608.09888,canonical_paper_url,1.0,https://arxiv.org/abs/2608.09888,arXiv canonical paper URL is the deterministic identity key.
research_paper,research-papers-csv:row:693,https://arxiv.org/abs/2608.09885,1c2f4391-f09b-554f-bba6-1be7d058baaf,https://arxiv.org/abs/2608.09885,canonical_paper_url,1.0,https://arxiv.org/abs/2608.09885,arXiv canonical paper URL is the deterministic identity key.
research_paper,research-papers-csv:row:694,https://arxiv.org/abs/2608.09876,89172721-4f68-5176-8531-7c87395e15c6,https://arxiv.org/abs/2608.09876,canonical_paper_url,1.0,https://arxiv.org/abs/2608.09876,arXiv canonical paper URL is the deterministic identity key.
research_paper,research-papers-csv:row:695,https://arxiv.org/abs/2608.09874,fd891145-47e5-5bf5-832a-b52574f5639c,https://arxiv.org/abs/2608.09874,canonical_paper_url,1.0,https://arxiv.org/abs/2608.09874,arXiv canonical paper URL is the deterministic identity key.
research_paper,research-papers-csv:row:696,https://arxiv.org/abs/2608.09873,2b9534be-c6b7-519f-9284-674fb30ebc9f,https://arxiv.org/abs/2608.09873,canonical_paper_url,1.0,https://arxiv.org/abs/2608.09873,arXiv canonical paper URL is the deterministic identity key.
research_paper,research-papers-csv:row:697,https://arxiv.org/abs/2608.09867,9cdbf082-b894-5470-b15d-b00afe7d6fdf,https://arxiv.org/abs/2608.09867,canonical_paper_url,1.0,https://arxiv.org/abs/2608.09867,arXiv canonical paper URL is the deterministic identity key.
research_paper,research-papers-csv:row:698,https://arxiv.org/abs/2608.09861,0bcba92a-a6f4-585b-999f-e47c751e58a1,https://arxiv.org/abs/2608.09861,canonical_paper_url,1.0,https://arxiv.org/abs/2608.09861,arXiv canonical paper URL is the deterministic identity key.
research_paper,research-papers-csv:row:699,https://arxiv.org/abs/2608.09857,adfd32e2-729a-5f63-9bd4-60ba839a2c49,https://arxiv.org/abs/2608.09857,canonical_paper_url,1.0,https://arxiv.org/abs/2608.09857,arXiv canonical paper URL is the deterministic identity key.
research_paper,research-papers-csv:row:700,https://arxiv.org/abs/2608.09855,e1d876ac-d664-53bf-b16e-3f87e72ce4a2,https://arxiv.org/abs/2608.09855,canonical_paper_url,1.0,https://arxiv.org/abs/2608.09855,arXiv canonical paper URL is the deterministic identity key.
research_paper,research-papers-csv:row:701,https://arxiv.org/abs/2608.09848,cf80ce8c-4ec8-5dc5-bc67-ce09b2859656,https://arxiv.org/abs/2608.09848,canonical_paper_url,1.0,https://arxiv.org/abs/2608.09848,arXiv canonical paper URL is the deterministic identity key.
research_paper,research-papers-csv:row:702,https://arxiv.org/abs/2608.09836,16c3a41d-7167-5921-8f78-dea96148b1c5,https://arxiv.org/abs/2608.09836,canonical_paper_url,1.0,https://arxiv.org/abs/2608.09836,arXiv canonical paper URL is the deterministic identity key.
research_paper,research-papers-csv:row:703,https://arxiv.org/abs/2608.09828,837d7ec6-b77f-5403-a0d1-9521acb08c99,https://arxiv.org/abs/2608.09828,canonical_paper_url,1.0,https://arxiv.org/abs/2608.09828,arXiv canonical paper URL is the deterministic identity key.
research_paper,research-papers-csv:row:704,https://arxiv.org/abs/2608.09826,0168f5f3-77de-5146-8516-533f60f8f3b7,https://arxiv.org/abs/2608.09826,canonical_paper_url,1.0,https://arxiv.org/abs/2608.09826,arXiv canonical paper URL is the deterministic identity key.
research_paper,research-papers-csv:row:705,https://arxiv.org/abs/2608.09818,c6ea35a1-148f-573e-baf4-4edca4b8846c,https://arxiv.org/abs/2608.09818,canonical_paper_url,1.0,https://arxiv.org/abs/2608.09818,arXiv canonical paper URL is the deterministic identity key.
research_paper,research-papers-csv:row:706,https://arxiv.org/abs/2608.09805,83fd3318-ed49-5ab5-be8b-88dd410a1fa2,https://arxiv.org/abs/2608.09805,canonical_paper_url,1.0,https://arxiv.org/abs/2608.09805,arXiv canonical paper URL is the deterministic identity key.
research_paper,research-papers-csv:row:707,https://arxiv.org/abs/2608.09801,bb1e43fe-6aa8-5b64-b3b5-e5ebea2f8e2c,https://arxiv.org/abs/2608.09801,canonical_paper_url,1.0,https://arxiv.org/abs/2608.09801,arXiv canonical paper URL is the deterministic identity key.
research_paper,research-papers-csv:row:708,https://arxiv.org/abs/2608.09790,b4c470fb-fc5f-56ab-adb1-8126fca9af2e,https://arxiv.org/abs/2608.09790,canonical_paper_url,1.0,https://arxiv.org/abs/2608.09790,arXiv canonical paper URL is the deterministic identity key.
research_paper,research-papers-csv:row:709,https://arxiv.org/abs/2608.09779,29c99ce5-ebb6-5435-aaa4-247ece94d356,https://arxiv.org/abs/2608.09779,canonical_paper_url,1.0,https://arxiv.org/abs/2608.09779,arXiv canonical paper URL is the deterministic identity key.
research_paper,research-papers-csv:row:710,https://arxiv.org/abs/2608.09775,1a04e525-f88b-5b41-9086-d46afac8b192,https://arxiv.org/abs/2608.09775,canonical_paper_url,1.0,https://arxiv.org/abs/2608.09775,arXiv canonical paper URL is the deterministic identity key.
research_paper,research-papers-csv:row:711,https://arxiv.org/abs/2608.09766,902169a2-41ed-56f9-b4b1-0cfda7ac18b3,https://arxiv.org/abs/2608.09766,canonical_paper_url,1.0,https://arxiv.org/abs/2608.09766,arXiv canonical paper URL is the deterministic identity key.
research_paper,research-papers-csv:row:712,https://arxiv.org/abs/2608.09764,aa508989-49d9-5d3d-93ca-9aaf7a888881,https://arxiv.org/abs/2608.09764,canonical_paper_url,1.0,https://arxiv.org/abs/2608.09764,arXiv canonical paper URL is the deterministic identity key.
research_paper,research-papers-csv:row:713,https://arxiv.org/abs/2608.09763,0132fac9-77b8-57e2-8541-07018c348dcc,https://arxiv.org/abs/2608.09763,canonical_paper_url,1.0,https://arxiv.org/abs/2608.09763,arXiv canonical paper URL is the deterministic identity key.
research_paper,research-papers-csv:row:714,https://arxiv.org/abs/2608.09748,69356b60-3bdb-59c7-b8d1-e09bea0f0a28,https://arxiv.org/abs/2608.09748,canonical_paper_url,1.0,https://arxiv.org/abs/2608.09748,arXiv canonical paper URL is the deterministic identity key.
research_paper,research-papers-csv:row:715,https://arxiv.org/abs/2608.09745,bdd48982-7a6b-57e9-8cf9-fe0b8b6ed2aa,https://arxiv.org/abs/2608.09745,canonical_paper_url,1.0,https://arxiv.org/abs/2608.09745,arXiv canonical paper URL is the deterministic identity key.
research_paper,research-papers-csv:row:716,https://arxiv.org/abs/2608.09742,5967000a-f733-5f79-9559-dc804f34d96a,https://arxiv.org/abs/2608.09742,canonical_paper_url,1.0,https://arxiv.org/abs/2608.09742,arXiv canonical paper URL is the deterministic identity key.
research_paper,research-papers-csv:row:717,https://arxiv.org/abs/2608.09732,22f161ef-1f64-5708-87b4-f44a33745cbf,https://arxiv.org/abs/2608.09732,canonical_paper_url,1.0,https://arxiv.org/abs/2608.09732,arXiv canonical paper URL is the deterministic identity key.
research_paper,research-papers-csv:row:718,https://arxiv.org/abs/2608.09717,42e899cd-b84a-5365-8e84-bb29e49458be,https://arxiv.org/abs/2608.09717,canonical_paper_url,1.0,https://arxiv.org/abs/2608.09717,arXiv canonical paper URL is the deterministic identity key.
research_paper,research-papers-csv:row:719,https://arxiv.org/abs/2608.09703,2df45726-141e-5fac-82b1-ea6284a4fa65,https://arxiv.org/abs/2608.09703,canonical_paper_url,1.0,https://arxiv.org/abs/2608.09703,arXiv canonical paper URL is the deterministic identity key.
research_paper,research-papers-csv:row:720,https://arxiv.org/abs/2608.09696,0b1a214e-3238-572e-9057-5825790c3a81,https://arxiv.org/abs/2608.09696,canonical_paper_url,1.0,https://arxiv.org/abs/2608.09696,arXiv canonical paper URL is the deterministic identity key.
research_paper,research-papers-csv:row:721,https://arxiv.org/abs/2608.09692,a99f6697-020c-5266-b80c-08a87593e35b,https://arxiv.org/abs/2608.09692,canonical_paper_url,1.0,https://arxiv.org/abs/2608.09692,arXiv canonical paper URL is the deterministic identity key.
research_paper,research-papers-csv:row:722,https://arxiv.org/abs/2608.09688,ce5a7e2b-961a-5657-9b67-4535ead1b2fc,https://arxiv.org/abs/2608.09688,canonical_paper_url,1.0,https://arxiv.org/abs/2608.09688,arXiv canonical paper URL is the deterministic identity key.
research_paper,research-papers-csv:row:723,https://arxiv.org/abs/2608.09685,3147134b-8dff-5f85-a638-51bea8022ebb,https://arxiv.org/abs/2608.09685,canonical_paper_url,1.0,https://arxiv.org/abs/2608.09685,arXiv canonical paper URL is the deterministic identity key.
research_paper,research-papers-csv:row:724,https://arxiv.org/abs/2608.09666,34a82ed9-0201-5cbf-81af-6fe04afd01b0,https://arxiv.org/abs/2608.09666,canonical_paper_url,1.0,https://arxiv.org/abs/2608.09666,arXiv canonical paper URL is the deterministic identity key.
research_paper,research-papers-csv:row:725,https://arxiv.org/abs/2608.09654,51bd970f-37b6-59fd-8db6-0fee0b856f9e,https://arxiv.org/abs/2608.09654,canonical_paper_url,1.0,https://arxiv.org/abs/2608.09654,arXiv canonical paper URL is the deterministic identity key.
research_paper,research-papers-csv:row:726,https://arxiv.org/abs/2608.09653,fc2cbb09-6401-5623-a643-f57aca0fc56a,https://arxiv.org/abs/2608.09653,canonical_paper_url,1.0,https://arxiv.org/abs/2608.09653,arXiv canonical paper URL is the deterministic identity key.
research_paper,research-papers-csv:row:727,https://arxiv.org/abs/2608.09638,d457079e-8fff-578e-b492-9c85b4d62233,https://arxiv.org/abs/2608.09638,canonical_paper_url,1.0,https://arxiv.org/abs/2608.09638,arXiv canonical paper URL is the deterministic identity key.
research_paper,research-papers-csv:row:728,https://arxiv.org/abs/2608.09637,759068d3-e652-5bfa-a02a-fb53f7af7204,https://arxiv.org/abs/2608.09637,canonical_paper_url,1.0,https://arxiv.org/abs/2608.09637,arXiv canonical paper URL is the deterministic identity key.
research_paper,research-papers-csv:row:729,https://arxiv.org/abs/2608.09636,df2495ca-0c20-5e1c-a641-ef0c46b24e91,https://arxiv.org/abs/2608.09636,canonical_paper_url,1.0,https://arxiv.org/abs/2608.09636,arXiv canonical paper URL is the deterministic identity key.
research_paper,research-papers-csv:row:730,https://arxiv.org/abs/2608.09629,981f3090-37e6-54ab-9a7c-cde3d1d04dfa,https://arxiv.org/abs/2608.09629,canonical_paper_url,1.0,https://arxiv.org/abs/2608.09629,arXiv canonical paper URL is the deterministic identity key.
research_paper,research-papers-csv:row:731,https://arxiv.org/abs/2608.09624,0f822a9a-21a0-50a4-83dd-34db5c60b440,https://arxiv.org/abs/2608.09624,canonical_paper_url,1.0,https://arxiv.org/abs/2608.09624,arXiv canonical paper URL is the deterministic identity key.
research_paper,research-papers-csv:row:732,https://arxiv.org/abs/2608.09622,14a1d956-5b47-59a3-9f1f-53ec9e0b9e45,https://arxiv.org/abs/2608.09622,canonical_paper_url,1.0,https://arxiv.org/abs/2608.09622,arXiv canonical paper URL is the deterministic identity key.
research_paper,research-papers-csv:row:733,https://arxiv.org/abs/2608.09610,412291ee-5c39-5f74-89b0-9d1435f3d8fb,https://arxiv.org/abs/2608.09610,canonical_paper_url,1.0,https://arxiv.org/abs/2608.09610,arXiv canonical paper URL is the deterministic identity key.
research_paper,research-papers-csv:row:734,https://arxiv.org/abs/2608.09605,650d38a2-35e0-5688-bc9f-8e5990ac359e,https://arxiv.org/abs/2608.09605,canonical_paper_url,1.0,https://arxiv.org/abs/2608.09605,arXiv canonical paper URL is the deterministic identity key.
research_paper,research-papers-csv:row:735,https://arxiv.org/abs/2608.09596,e6450b28-504c-588e-805a-b530a36c0cde,https://arxiv.org/abs/2608.09596,canonical_paper_url,1.0,https://arxiv.org/abs/2608.09596,arXiv canonical paper URL is the deterministic identity key.
research_paper,research-papers-csv:row:736,https://arxiv.org/abs/2608.09595,87103161-2a5d-58b9-827d-0a5d8d4c32e9,https://arxiv.org/abs/2608.09595,canonical_paper_url,1.0,https://arxiv.org/abs/2608.09595,arXiv canonical paper URL is the deterministic identity key.
research_paper,research-papers-csv:row:737,https://arxiv.org/abs/2608.09594,fb3e5997-51d5-500a-973a-d3ed2144f0bd,https://arxiv.org/abs/2608.09594,canonical_paper_url,1.0,https://arxiv.org/abs/2608.09594,arXiv canonical paper URL is the deterministic identity key.
research_paper,research-papers-csv:row:738,https://arxiv.org/abs/2608.09593,232f647a-c50e-5f02-b79f-5156596d5401,https://arxiv.org/abs/2608.09593,canonical_paper_url,1.0,https://arxiv.org/abs/2608.09593,arXiv canonical paper URL is the deterministic identity key.
research_paper,research-papers-csv:row:739,https://arxiv.org/abs/2608.09586,d1ff5c68-677d-53be-93e3-e5a2aac0e2c6,https://arxiv.org/abs/2608.09586,canonical_paper_url,1.0,https://arxiv.org/abs/2608.09586,arXiv canonical paper URL is the deterministic identity key.
research_paper,research-papers-csv:row:740,https://arxiv.org/abs/2608.10047,fd45f96c-c2a3-51b7-89e3-f5e8f5f51d3e,https://arxiv.org/abs/2608.10047,canonical_paper_url,1.0,https://arxiv.org/abs/2608.10047,arXiv canonical paper URL is the deterministic identity key.
research_paper,research-papers-csv:row:741,https://arxiv.org/abs/2608.09580,d5146465-f415-5935-b83b-0afb2790eee3,https://arxiv.org/abs/2608.09580,canonical_paper_url,1.0,https://arxiv.org/abs/2608.09580,arXiv canonical paper URL is the deterministic identity key.
research_paper,research-papers-csv:row:742,https://arxiv.org/abs/2608.09577,f5cfc58d-f0c3-5a50-b4f0-fd29f950f2f8,https://arxiv.org/abs/2608.09577,canonical_paper_url,1.0,https://arxiv.org/abs/2608.09577,arXiv canonical paper URL is the deterministic identity key.
research_paper,research-papers-csv:row:743,https://arxiv.org/abs/2608.09574,75e01adf-0dd5-56e1-afbf-8bdcabc111ff,https://arxiv.org/abs/2608.09574,canonical_paper_url,1.0,https://arxiv.org/abs/2608.09574,arXiv canonical paper URL is the deterministic identity key.
research_paper,research-papers-csv:row:744,https://arxiv.org/abs/2608.09565,44c6eaba-7de3-57c8-bdc0-41f342d3064d,https://arxiv.org/abs/2608.09565,canonical_paper_url,1.0,https://arxiv.org/abs/2608.09565,arXiv canonical paper URL is the deterministic identity key.
research_paper,research-papers-csv:row:745,https://arxiv.org/abs/2608.10045,4917aeab-61b4-5124-b884-7bb2ba079173,https://arxiv.org/abs/2608.10045,canonical_paper_url,1.0,https://arxiv.org/abs/2608.10045,arXiv canonical paper URL is the deterministic identity key.
research_paper,research-papers-csv:row:746,https://arxiv.org/abs/2608.09564,c15b751d-0083-59d9-b0e8-198a2bb3ab11,https://arxiv.org/abs/2608.09564,canonical_paper_url,1.0,https://arxiv.org/abs/2608.09564,arXiv canonical paper URL is the deterministic identity key.
research_paper,research-papers-csv:row:747,https://arxiv.org/abs/2608.09555,d9302536-5ccc-5b89-b8e3-454d341a7064,https://arxiv.org/abs/2608.09555,canonical_paper_url,1.0,https://arxiv.org/abs/2608.09555,arXiv canonical paper URL is the deterministic identity key.
research_paper,research-papers-csv:row:748,https://arxiv.org/abs/2608.09548,662e25d0-a6c8-5258-a6ee-3f0728e97776,https://arxiv.org/abs/2608.09548,canonical_paper_url,1.0,https://arxiv.org/abs/2608.09548,arXiv canonical paper URL is the deterministic identity key.
research_paper,research-papers-csv:row:749,https://arxiv.org/abs/2608.09542,6ed96578-be1f-5fef-b712-bdda878c654f,https://arxiv.org/abs/2608.09542,canonical_paper_url,1.0,https://arxiv.org/abs/2608.09542,arXiv canonical paper URL is the deterministic identity key.
research_paper,research-papers-csv:row:750,https://arxiv.org/abs/2608.09538,db55f46e-81ef-55b3-aca4-202c84e4f627,https://arxiv.org/abs/2608.09538,canonical_paper_url,1.0,https://arxiv.org/abs/2608.09538,arXiv canonical paper URL is the deterministic identity key.
research_paper,research-papers-csv:row:751,https://arxiv.org/abs/2608.09537,8141cf22-b52e-5984-bd83-15753c88c8d8,https://arxiv.org/abs/2608.09537,canonical_paper_url,1.0,https://arxiv.org/abs/2608.09537,arXiv canonical paper URL is the deterministic identity key.
research_paper,research-papers-csv:row:752,https://arxiv.org/abs/2608.09532,c0e2cc8c-1d16-5125-974c-117f4d835c54,https://arxiv.org/abs/2608.09532,canonical_paper_url,1.0,https://arxiv.org/abs/2608.09532,arXiv canonical paper URL is the deterministic identity key.
research_paper,research-papers-csv:row:753,https://arxiv.org/abs/2608.09526,6e5a73b4-a273-54a1-9f72-5aa9ca52699b,https://arxiv.org/abs/2608.09526,canonical_paper_url,1.0,https://arxiv.org/abs/2608.09526,arXiv canonical paper URL is the deterministic identity key.
research_paper,research-papers-csv:row:754,https://arxiv.org/abs/2608.09524,1eb446db-eebe-5203-872d-3e86df3fd77d,https://arxiv.org/abs/2608.09524,canonical_paper_url,1.0,https://arxiv.org/abs/2608.09524,arXiv canonical paper URL is the deterministic identity key.
research_paper,research-papers-csv:row:755,https://arxiv.org/abs/2608.09521,e2be8293-fd60-510e-b919-122db6c3133e,https://arxiv.org/abs/2608.09521,canonical_paper_url,1.0,https://arxiv.org/abs/2608.09521,arXiv canonical paper URL is the deterministic identity key.
research_paper,research-papers-csv:row:756,https://arxiv.org/abs/2608.09512,f590d311-2704-5f21-957c-07403de8edaf,https://arxiv.org/abs/2608.09512,canonical_paper_url,1.0,https://arxiv.org/abs/2608.09512,arXiv canonical paper URL is the deterministic identity key.
research_paper,research-papers-csv:row:757,https://arxiv.org/abs/2608.09510,809ef938-dead-5746-925b-32d177121377,https://arxiv.org/abs/2608.09510,canonical_paper_url,1.0,https://arxiv.org/abs/2608.09510,arXiv canonical paper URL is the deterministic identity key.
research_paper,research-papers-csv:row:758,https://arxiv.org/abs/2608.09507,559cf787-69d1-54a4-b242-e7cc7ee401a7,https://arxiv.org/abs/2608.09507,canonical_paper_url,1.0,https://arxiv.org/abs/2608.09507,arXiv canonical paper URL is the deterministic identity key.
research_paper,research-papers-csv:row:759,https://arxiv.org/abs/2608.09485,b3ed99af-0d2e-58ad-b1ea-48a171df674d,https://arxiv.org/abs/2608.09485,canonical_paper_url,1.0,https://arxiv.org/abs/2608.09485,arXiv canonical paper URL is the deterministic identity key.
research_paper,research-papers-csv:row:760,https://arxiv.org/abs/2608.09482,1a5f01d9-1e8a-57d0-852d-545708b55bf6,https://arxiv.org/abs/2608.09482,canonical_paper_url,1.0,https://arxiv.org/abs/2608.09482,arXiv canonical paper URL is the deterministic identity key.
research_paper,research-papers-csv:row:761,https://arxiv.org/abs/2608.09480,cb35e1ea-f365-574a-8c33-f69d966dc98e,https://arxiv.org/abs/2608.09480,canonical_paper_url,1.0,https://arxiv.org/abs/2608.09480,arXiv canonical paper URL is the deterministic identity key.
research_paper,research-papers-csv:row:762,https://arxiv.org/abs/2608.09476,5086867b-183a-548e-bfc9-d63f1f568d3c,https://arxiv.org/abs/2608.09476,canonical_paper_url,1.0,https://arxiv.org/abs/2608.09476,arXiv canonical paper URL is the deterministic identity key.
research_paper,research-papers-csv:row:763,https://arxiv.org/abs/2608.09468,c1eaf17c-94dc-5c2c-a617-df5ffdee3862,https://arxiv.org/abs/2608.09468,canonical_paper_url,1.0,https://arxiv.org/abs/2608.09468,arXiv canonical paper URL is the deterministic identity key.
research_paper,research-papers-csv:row:764,https://arxiv.org/abs/2608.09467,b4466504-da3d-5827-9159-bdf1a86b05aa,https://arxiv.org/abs/2608.09467,canonical_paper_url,1.0,https://arxiv.org/abs/2608.09467,arXiv canonical paper URL is the deterministic identity key.
research_paper,research-papers-csv:row:765,https://arxiv.org/abs/2608.09453,23023aa1-8572-54db-804a-ad12aae96b73,https://arxiv.org/abs/2608.09453,canonical_paper_url,1.0,https://arxiv.org/abs/2608.09453,arXiv canonical paper URL is the deterministic identity key.
research_paper,research-papers-csv:row:766,https://arxiv.org/abs/2608.09447,33b35c25-6441-5ea6-8652-a9f690b37889,https://arxiv.org/abs/2608.09447,canonical_paper_url,1.0,https://arxiv.org/abs/2608.09447,arXiv canonical paper URL is the deterministic identity key.
research_paper,research-papers-csv:row:767,https://arxiv.org/abs/2608.09443,4a2cdcf5-67d3-57bf-876d-0c2cf593d023,https://arxiv.org/abs/2608.09443,canonical_paper_url,1.0,https://arxiv.org/abs/2608.09443,arXiv canonical paper URL is the deterministic identity key.
research_paper,research-papers-csv:row:768,https://arxiv.org/abs/2608.09435,3c3a61b7-6b5f-5a49-95a8-5aeb0ab3b6f3,https://arxiv.org/abs/2608.09435,canonical_paper_url,1.0,https://arxiv.org/abs/2608.09435,arXiv canonical paper URL is the deterministic identity key.
research_paper,research-papers-csv:row:769,https://arxiv.org/abs/2608.09433,afa991b2-6ffb-504a-baf9-4326281bd3e2,https://arxiv.org/abs/2608.09433,canonical_paper_url,1.0,https://arxiv.org/abs/2608.09433,arXiv canonical paper URL is the deterministic identity key.
research_paper,research-papers-csv:row:770,https://arxiv.org/abs/2608.09432,c765713f-f17f-5a82-bc8a-a0e75bd78483,https://arxiv.org/abs/2608.09432,canonical_paper_url,1.0,https://arxiv.org/abs/2608.09432,arXiv canonical paper URL is the deterministic identity key.
research_paper,research-papers-csv:row:771,https://arxiv.org/abs/2608.09421,a57e1a85-e3c5-577d-a441-3402cdcb9b6d,https://arxiv.org/abs/2608.09421,canonical_paper_url,1.0,https://arxiv.org/abs/2608.09421,arXiv canonical paper URL is the deterministic identity key.
research_paper,research-papers-csv:row:772,https://arxiv.org/abs/2608.09412,03c25fd1-18c5-55ad-b784-bf83cd955174,https://arxiv.org/abs/2608.09412,canonical_paper_url,1.0,https://arxiv.org/abs/2608.09412,arXiv canonical paper URL is the deterministic identity key.
research_paper,research-papers-csv:row:773,https://arxiv.org/abs/2608.09400,1b3f57ee-4930-545c-b6be-2bbd3a1e82d8,https://arxiv.org/abs/2608.09400,canonical_paper_url,1.0,https://arxiv.org/abs/2608.09400,arXiv canonical paper URL is the deterministic identity key.
research_paper,research-papers-csv:row:774,https://arxiv.org/abs/2608.09398,5ddef86d-11fd-5c5e-acdc-8933c6026197,https://arxiv.org/abs/2608.09398,canonical_paper_url,1.0,https://arxiv.org/abs/2608.09398,arXiv canonical paper URL is the deterministic identity key.
research_paper,research-papers-csv:row:775,https://arxiv.org/abs/2608.09393,f4619091-956e-5bc3-aeae-567520ac6a66,https://arxiv.org/abs/2608.09393,canonical_paper_url,1.0,https://arxiv.org/abs/2608.09393,arXiv canonical paper URL is the deterministic identity key.
research_paper,research-papers-csv:row:776,https://arxiv.org/abs/2608.09385,52acd6c2-3b2e-5803-9e67-24e78eb4c936,https://arxiv.org/abs/2608.09385,canonical_paper_url,1.0,https://arxiv.org/abs/2608.09385,arXiv canonical paper URL is the deterministic identity key.
research_paper,research-papers-csv:row:777,https://arxiv.org/abs/2608.09380,b73ae601-4994-579d-ae30-49c71db6abd9,https://arxiv.org/abs/2608.09380,canonical_paper_url,1.0,https://arxiv.org/abs/2608.09380,arXiv canonical paper URL is the deterministic identity key.
research_paper,research-papers-csv:row:778,https://arxiv.org/abs/2608.09374,64de6e4d-edd9-53a8-90ba-a3490e45068f,https://arxiv.org/abs/2608.09374,canonical_paper_url,1.0,https://arxiv.org/abs/2608.09374,arXiv canonical paper URL is the deterministic identity key.
research_paper,research-papers-csv:row:779,https://arxiv.org/abs/2608.09369,50a3f158-5f0b-59ed-9c17-e507f318ad4f,https://arxiv.org/abs/2608.09369,canonical_paper_url,1.0,https://arxiv.org/abs/2608.09369,arXiv canonical paper URL is the deterministic identity key.
research_paper,research-papers-csv:row:780,https://arxiv.org/abs/2608.09360,5357b96d-9e11-5ad1-9bfc-f5aa81dc25c6,https://arxiv.org/abs/2608.09360,canonical_paper_url,1.0,https://arxiv.org/abs/2608.09360,arXiv canonical paper URL is the deterministic identity key.
research_paper,research-papers-csv:row:781,https://arxiv.org/abs/2608.10042,ae95a863-5f6a-53a2-8c55-53913df8219d,https://arxiv.org/abs/2608.10042,canonical_paper_url,1.0,https://arxiv.org/abs/2608.10042,arXiv canonical paper URL is the deterministic identity key.
research_paper,research-papers-csv:row:782,https://arxiv.org/abs/2608.09351,bf269896-a28b-5c47-8f29-2fb10784af6a,https://arxiv.org/abs/2608.09351,canonical_paper_url,1.0,https://arxiv.org/abs/2608.09351,arXiv canonical paper URL is the deterministic identity key.
research_paper,research-papers-csv:row:783,https://arxiv.org/abs/2608.09343,14793329-cf17-5fc5-a84c-344667fccdbe,https://arxiv.org/abs/2608.09343,canonical_paper_url,1.0,https://arxiv.org/abs/2608.09343,arXiv canonical paper URL is the deterministic identity key.
research_paper,research-papers-csv:row:784,https://arxiv.org/abs/2608.09335,b700ddab-d9ee-5353-907b-e4aa40614d91,https://arxiv.org/abs/2608.09335,canonical_paper_url,1.0,https://arxiv.org/abs/2608.09335,arXiv canonical paper URL is the deterministic identity key.
research_paper,research-papers-csv:row:785,https://arxiv.org/abs/2608.09331,b15d069b-f871-5d73-a277-a4b96b8e2749,https://arxiv.org/abs/2608.09331,canonical_paper_url,1.0,https://arxiv.org/abs/2608.09331,arXiv canonical paper URL is the deterministic identity key.
research_paper,research-papers-csv:row:786,https://arxiv.org/abs/2608.09325,9de85212-25d7-575b-a398-8d06d3837bc4,https://arxiv.org/abs/2608.09325,canonical_paper_url,1.0,https://arxiv.org/abs/2608.09325,arXiv canonical paper URL is the deterministic identity key.
research_paper,research-papers-csv:row:787,https://arxiv.org/abs/2608.09324,eda17f58-8c07-5c2a-be8f-44d01f84eafe,https://arxiv.org/abs/2608.09324,canonical_paper_url,1.0,https://arxiv.org/abs/2608.09324,arXiv canonical paper URL is the deterministic identity key.
research_paper,research-papers-csv:row:788,https://arxiv.org/abs/2608.09315,f104b6a2-c8ef-5369-a6b2-7585df2067fa,https://arxiv.org/abs/2608.09315,canonical_paper_url,1.0,https://arxiv.org/abs/2608.09315,arXiv canonical paper URL is the deterministic identity key.
research_paper,research-papers-csv:row:789,https://arxiv.org/abs/2608.09307,33924597-7e0b-52a7-b2b0-b63872a5030f,https://arxiv.org/abs/2608.09307,canonical_paper_url,1.0,https://arxiv.org/abs/2608.09307,arXiv canonical paper URL is the deterministic identity key.
research_paper,research-papers-csv:row:790,https://arxiv.org/abs/2608.09298,47409a0b-4ba2-583a-8bbd-10e73a8566e5,https://arxiv.org/abs/2608.09298,canonical_paper_url,1.0,https://arxiv.org/abs/2608.09298,arXiv canonical paper URL is the deterministic identity key.
research_paper,research-papers-csv:row:791,https://arxiv.org/abs/2608.09296,e5700fc0-0692-593d-8133-5b527f378914,https://arxiv.org/abs/2608.09296,canonical_paper_url,1.0,https://arxiv.org/abs/2608.09296,arXiv canonical paper URL is the deterministic identity key.
research_paper,research-papers-csv:row:792,https://arxiv.org/abs/2608.09288,9d82cc26-35b5-5ff3-ad4e-3f390acb8b4e,https://arxiv.org/abs/2608.09288,canonical_paper_url,1.0,https://arxiv.org/abs/2608.09288,arXiv canonical paper URL is the deterministic identity key.
research_paper,research-papers-csv:row:793,https://arxiv.org/abs/2608.09287,e1ae7178-d846-520f-be90-1184c7e028ac,https://arxiv.org/abs/2608.09287,canonical_paper_url,1.0,https://arxiv.org/abs/2608.09287,arXiv canonical paper URL is the deterministic identity key.
research_paper,research-papers-csv:row:794,https://arxiv.org/abs/2608.09286,2003ddb2-c589-5ab4-811c-f9bf965b90d1,https://arxiv.org/abs/2608.09286,canonical_paper_url,1.0,https://arxiv.org/abs/2608.09286,arXiv canonical paper URL is the deterministic identity key.
research_paper,research-papers-csv:row:795,https://arxiv.org/abs/2608.09285,465b84ed-0aaa-5493-af2b-84ef22316bb5,https://arxiv.org/abs/2608.09285,canonical_paper_url,1.0,https://arxiv.org/abs/2608.09285,arXiv canonical paper URL is the deterministic identity key.
research_paper,research-papers-csv:row:796,https://arxiv.org/abs/2608.09282,fb76f056-f863-5478-bd72-2f8b12d43f7c,https://arxiv.org/abs/2608.09282,canonical_paper_url,1.0,https://arxiv.org/abs/2608.09282,arXiv canonical paper URL is the deterministic identity key.
research_paper,research-papers-csv:row:797,https://arxiv.org/abs/2608.09281,1a263a3d-3a6a-57bc-96bb-a82d2365001a,https://arxiv.org/abs/2608.09281,canonical_paper_url,1.0,https://arxiv.org/abs/2608.09281,arXiv canonical paper URL is the deterministic identity key.
research_paper,research-papers-csv:row:798,https://arxiv.org/abs/2608.09278,31f184b8-22b7-5bbd-aaa0-00d880405824,https://arxiv.org/abs/2608.09278,canonical_paper_url,1.0,https://arxiv.org/abs/2608.09278,arXiv canonical paper URL is the deterministic identity key.
research_paper,research-papers-csv:row:799,https://arxiv.org/abs/2608.09277,e49f0e97-cf03-5cc0-a20c-5ab2e3d5e5d0,https://arxiv.org/abs/2608.09277,canonical_paper_url,1.0,https://arxiv.org/abs/2608.09277,arXiv canonical paper URL is the deterministic identity key.
research_paper,research-papers-csv:row:800,https://arxiv.org/abs/2608.09273,35444820-e53d-5f9f-8ae7-dd48d1b411da,https://arxiv.org/abs/2608.09273,canonical_paper_url,1.0,https://arxiv.org/abs/2608.09273,arXiv canonical paper URL is the deterministic identity key.
research_paper,research-papers-csv:row:801,https://arxiv.org/abs/2608.09271,6cd856ad-bbc6-5c41-97e3-d4a3210fb2c8,https://arxiv.org/abs/2608.09271,canonical_paper_url,1.0,https://arxiv.org/abs/2608.09271,arXiv canonical paper URL is the deterministic identity key.
research_paper,research-papers-csv:row:802,https://arxiv.org/abs/2608.09270,0ac9edd5-d082-5c0e-ae80-3930bd42a054,https://arxiv.org/abs/2608.09270,canonical_paper_url,1.0,https://arxiv.org/abs/2608.09270,arXiv canonical paper URL is the deterministic identity key.
research_paper,research-papers-csv:row:803,https://arxiv.org/abs/2608.09268,8cbfd53c-bab4-5473-b4a9-9965fcacb13d,https://arxiv.org/abs/2608.09268,canonical_paper_url,1.0,https://arxiv.org/abs/2608.09268,arXiv canonical paper URL is the deterministic identity key.
research_paper,research-papers-csv:row:804,https://arxiv.org/abs/2608.09263,b0adff88-8e5b-56d9-8cbe-68ab629dc97a,https://arxiv.org/abs/2608.09263,canonical_paper_url,1.0,https://arxiv.org/abs/2608.09263,arXiv canonical paper URL is the deterministic identity key.
research_paper,research-papers-csv:row:805,https://arxiv.org/abs/2608.09260,3c165f21-890b-5041-9e54-4f8342d55843,https://arxiv.org/abs/2608.09260,canonical_paper_url,1.0,https://arxiv.org/abs/2608.09260,arXiv canonical paper URL is the deterministic identity key.
research_paper,research-papers-csv:row:806,https://arxiv.org/abs/2608.09254,407b9641-37a6-50eb-bdc1-f6fdea3c6443,https://arxiv.org/abs/2608.09254,canonical_paper_url,1.0,https://arxiv.org/abs/2608.09254,arXiv canonical paper URL is the deterministic identity key.
research_paper,research-papers-csv:row:807,https://arxiv.org/abs/2608.09253,d501839a-3c08-59e3-9428-b2ca569dc42c,https://arxiv.org/abs/2608.09253,canonical_paper_url,1.0,https://arxiv.org/abs/2608.09253,arXiv canonical paper URL is the deterministic identity key.
research_paper,research-papers-csv:row:808,https://arxiv.org/abs/2608.09251,8533558b-a84d-58da-87bb-57605a9b5b70,https://arxiv.org/abs/2608.09251,canonical_paper_url,1.0,https://arxiv.org/abs/2608.09251,arXiv canonical paper URL is the deterministic identity key.
research_paper,research-papers-csv:row:809,https://arxiv.org/abs/2608.09248,0c94a4ee-dbbd-5153-8c89-1f2415d50ad1,https://arxiv.org/abs/2608.09248,canonical_paper_url,1.0,https://arxiv.org/abs/2608.09248,arXiv canonical paper URL is the deterministic identity key.
research_paper,research-papers-csv:row:810,https://arxiv.org/abs/2608.09246,7a7978d6-25de-5d7c-8372-9e9b2dd13123,https://arxiv.org/abs/2608.09246,canonical_paper_url,1.0,https://arxiv.org/abs/2608.09246,arXiv canonical paper URL is the deterministic identity key.
research_paper,research-papers-csv:row:811,https://arxiv.org/abs/2608.10037,3b4a601e-686b-52b2-b39b-884055d2cb9b,https://arxiv.org/abs/2608.10037,canonical_paper_url,1.0,https://arxiv.org/abs/2608.10037,arXiv canonical paper URL is the deterministic identity key.
research_paper,research-papers-csv:row:812,https://arxiv.org/abs/2608.09240,9f45dea1-f118-53a4-a7bd-6b6da0945759,https://arxiv.org/abs/2608.09240,canonical_paper_url,1.0,https://arxiv.org/abs/2608.09240,arXiv canonical paper URL is the deterministic identity key.
research_paper,research-papers-csv:row:813,https://arxiv.org/abs/2608.09230,fd38f908-4a00-58bc-a84d-2bd05fdd3ae9,https://arxiv.org/abs/2608.09230,canonical_paper_url,1.0,https://arxiv.org/abs/2608.09230,arXiv canonical paper URL is the deterministic identity key.
research_paper,research-papers-csv:row:814,https://arxiv.org/abs/2608.09228,cfacb1dc-7d48-5c21-99a0-39d407db6c63,https://arxiv.org/abs/2608.09228,canonical_paper_url,1.0,https://arxiv.org/abs/2608.09228,arXiv canonical paper URL is the deterministic identity key.
research_paper,research-papers-csv:row:815,https://arxiv.org/abs/2608.09227,0b0d1e42-a47e-5bb4-a46c-b93561496960,https://arxiv.org/abs/2608.09227,canonical_paper_url,1.0,https://arxiv.org/abs/2608.09227,arXiv canonical paper URL is the deterministic identity key.
research_paper,research-papers-csv:row:816,https://arxiv.org/abs/2608.09226,edf54cd6-9f4b-5138-8fbc-ec6f38700c08,https://arxiv.org/abs/2608.09226,canonical_paper_url,1.0,https://arxiv.org/abs/2608.09226,arXiv canonical paper URL is the deterministic identity key.
research_paper,research-papers-csv:row:817,https://arxiv.org/abs/2608.09225,c1ab5240-8313-54d4-a133-d74477a1a835,https://arxiv.org/abs/2608.09225,canonical_paper_url,1.0,https://arxiv.org/abs/2608.09225,arXiv canonical paper URL is the deterministic identity key.
research_paper,research-papers-csv:row:818,https://arxiv.org/abs/2608.09221,01f3385a-f4cb-5b60-bdf8-df214c47da61,https://arxiv.org/abs/2608.09221,canonical_paper_url,1.0,https://arxiv.org/abs/2608.09221,arXiv canonical paper URL is the deterministic identity key.
research_paper,research-papers-csv:row:819,https://arxiv.org/abs/2608.09217,22d8f5fe-ec2c-5fb2-9193-e97c6317f086,https://arxiv.org/abs/2608.09217,canonical_paper_url,1.0,https://arxiv.org/abs/2608.09217,arXiv canonical paper URL is the deterministic identity key.
research_paper,research-papers-csv:row:820,https://arxiv.org/abs/2608.09214,e21d772c-8b68-5010-a945-bf1fceb84664,https://arxiv.org/abs/2608.09214,canonical_paper_url,1.0,https://arxiv.org/abs/2608.09214,arXiv canonical paper URL is the deterministic identity key.
research_paper,research-papers-csv:row:821,https://arxiv.org/abs/2608.09208,95298367-5dff-5669-91a6-15c5d0d2a950,https://arxiv.org/abs/2608.09208,canonical_paper_url,1.0,https://arxiv.org/abs/2608.09208,arXiv canonical paper URL is the deterministic identity key.
research_paper,research-papers-csv:row:822,https://arxiv.org/abs/2608.09202,848d3029-261f-5c1d-b1f5-163c53a60fe2,https://arxiv.org/abs/2608.09202,canonical_paper_url,1.0,https://arxiv.org/abs/2608.09202,arXiv canonical paper URL is the deterministic identity key.
research_paper,research-papers-csv:row:823,https://arxiv.org/abs/2608.09201,431c7b3e-af6f-543b-95af-b5b8d99a8b14,https://arxiv.org/abs/2608.09201,canonical_paper_url,1.0,https://arxiv.org/abs/2608.09201,arXiv canonical paper URL is the deterministic identity key.
research_paper,research-papers-csv:row:824,https://arxiv.org/abs/2608.09190,6f86a304-3eff-56ad-8521-240e55275231,https://arxiv.org/abs/2608.09190,canonical_paper_url,1.0,https://arxiv.org/abs/2608.09190,arXiv canonical paper URL is the deterministic identity key.
research_paper,research-papers-csv:row:825,https://arxiv.org/abs/2608.09185,73a3058d-e70f-5955-a993-c619ffc0e69f,https://arxiv.org/abs/2608.09185,canonical_paper_url,1.0,https://arxiv.org/abs/2608.09185,arXiv canonical paper URL is the deterministic identity key.
research_paper,research-papers-csv:row:826,https://arxiv.org/abs/2608.09184,c100cd3f-16d5-5ae5-8039-6fd3fbfd81a5,https://arxiv.org/abs/2608.09184,canonical_paper_url,1.0,https://arxiv.org/abs/2608.09184,arXiv canonical paper URL is the deterministic identity key.
research_paper,research-papers-csv:row:827,https://arxiv.org/abs/2608.09182,bc41ecaf-d5e4-5b24-8a63-4a14cb93b3c9,https://arxiv.org/abs/2608.09182,canonical_paper_url,1.0,https://arxiv.org/abs/2608.09182,arXiv canonical paper URL is the deterministic identity key.
research_paper,research-papers-csv:row:828,https://arxiv.org/abs/2608.09176,939337ae-a3f3-5b34-a16c-f4b2bd240901,https://arxiv.org/abs/2608.09176,canonical_paper_url,1.0,https://arxiv.org/abs/2608.09176,arXiv canonical paper URL is the deterministic identity key.
research_paper,research-papers-csv:row:829,https://arxiv.org/abs/2608.09168,fdfcf360-cca1-5918-b395-cd896d5d5e24,https://arxiv.org/abs/2608.09168,canonical_paper_url,1.0,https://arxiv.org/abs/2608.09168,arXiv canonical paper URL is the deterministic identity key.
research_paper,research-papers-csv:row:830,https://arxiv.org/abs/2608.09164,aa39e7a4-d1e0-59e5-8f68-dcdf749b4b70,https://arxiv.org/abs/2608.09164,canonical_paper_url,1.0,https://arxiv.org/abs/2608.09164,arXiv canonical paper URL is the deterministic identity key.
research_paper,research-papers-csv:row:831,https://arxiv.org/abs/2608.09162,dcc2f745-f5a0-5da1-93c5-84344eca4c43,https://arxiv.org/abs/2608.09162,canonical_paper_url,1.0,https://arxiv.org/abs/2608.09162,arXiv canonical paper URL is the deterministic identity key.
research_paper,research-papers-csv:row:832,https://arxiv.org/abs/2608.09158,2e31830c-32f0-530c-b7b0-205d8fc212bd,https://arxiv.org/abs/2608.09158,canonical_paper_url,1.0,https://arxiv.org/abs/2608.09158,arXiv canonical paper URL is the deterministic identity key.
research_paper,research-papers-csv:row:833,https://arxiv.org/abs/2608.09153,56566c3f-f0f7-5cdd-80d5-19a357ab23b8,https://arxiv.org/abs/2608.09153,canonical_paper_url,1.0,https://arxiv.org/abs/2608.09153,arXiv canonical paper URL is the deterministic identity key.
research_paper,research-papers-csv:row:834,https://arxiv.org/abs/2608.09138,ca34028e-b0a7-58c3-9e3c-e384a370f088,https://arxiv.org/abs/2608.09138,canonical_paper_url,1.0,https://arxiv.org/abs/2608.09138,arXiv canonical paper URL is the deterministic identity key.
research_paper,research-papers-csv:row:835,https://arxiv.org/abs/2608.09133,b947fda2-a75a-5154-bb2a-3558beb260f6,https://arxiv.org/abs/2608.09133,canonical_paper_url,1.0,https://arxiv.org/abs/2608.09133,arXiv canonical paper URL is the deterministic identity key.
research_paper,research-papers-csv:row:836,https://arxiv.org/abs/2608.09130,68d19224-b4af-5413-a774-4a360a2f8a56,https://arxiv.org/abs/2608.09130,canonical_paper_url,1.0,https://arxiv.org/abs/2608.09130,arXiv canonical paper URL is the deterministic identity key.
research_paper,research-papers-csv:row:837,https://arxiv.org/abs/2608.09128,586ee05e-4021-5942-975d-dd2497141d43,https://arxiv.org/abs/2608.09128,canonical_paper_url,1.0,https://arxiv.org/abs/2608.09128,arXiv canonical paper URL is the deterministic identity key.
research_paper,research-papers-csv:row:838,https://arxiv.org/abs/2608.09124,c1c77068-3940-5ada-a755-4306bd725838,https://arxiv.org/abs/2608.09124,canonical_paper_url,1.0,https://arxiv.org/abs/2608.09124,arXiv canonical paper URL is the deterministic identity key.
research_paper,research-papers-csv:row:839,https://arxiv.org/abs/2608.09123,7c3cfe23-50ec-5389-b8c1-527e262ff1e1,https://arxiv.org/abs/2608.09123,canonical_paper_url,1.0,https://arxiv.org/abs/2608.09123,arXiv canonical paper URL is the deterministic identity key.
research_paper,research-papers-csv:row:840,https://arxiv.org/abs/2608.09122,41e8ea97-f83e-5f89-9355-7f6ccdbe0cb5,https://arxiv.org/abs/2608.09122,canonical_paper_url,1.0,https://arxiv.org/abs/2608.09122,arXiv canonical paper URL is the deterministic identity key.
research_paper,research-papers-csv:row:841,https://arxiv.org/abs/2608.09121,18d0c1a7-b200-518f-b84d-5c67e2e95559,https://arxiv.org/abs/2608.09121,canonical_paper_url,1.0,https://arxiv.org/abs/2608.09121,arXiv canonical paper URL is the deterministic identity key.
research_paper,research-papers-csv:row:842,https://arxiv.org/abs/2608.09119,9e8ef6a6-ce57-5768-90f2-dec5c4123f1b,https://arxiv.org/abs/2608.09119,canonical_paper_url,1.0,https://arxiv.org/abs/2608.09119,arXiv canonical paper URL is the deterministic identity key.
research_paper,research-papers-csv:row:843,https://arxiv.org/abs/2608.09111,d0ee0fa4-abed-5ab7-9796-d479a62a140c,https://arxiv.org/abs/2608.09111,canonical_paper_url,1.0,https://arxiv.org/abs/2608.09111,arXiv canonical paper URL is the deterministic identity key.
research_paper,research-papers-csv:row:844,https://arxiv.org/abs/2608.09109,ea02664a-aef6-5bd5-8fdf-67baa7329ef6,https://arxiv.org/abs/2608.09109,canonical_paper_url,1.0,https://arxiv.org/abs/2608.09109,arXiv canonical paper URL is the deterministic identity key.
research_paper,research-papers-csv:row:845,https://arxiv.org/abs/2608.09095,7cb92f7b-3ff8-5b17-89fd-d2f433c5f0af,https://arxiv.org/abs/2608.09095,canonical_paper_url,1.0,https://arxiv.org/abs/2608.09095,arXiv canonical paper URL is the deterministic identity key.
research_paper,research-papers-csv:row:846,https://arxiv.org/abs/2608.09093,2ac5ccbb-15ac-58a0-87c2-b4d4e985f481,https://arxiv.org/abs/2608.09093,canonical_paper_url,1.0,https://arxiv.org/abs/2608.09093,arXiv canonical paper URL is the deterministic identity key.
research_paper,research-papers-csv:row:847,https://arxiv.org/abs/2608.09091,5f050123-0f70-576f-a3f8-b47deb492902,https://arxiv.org/abs/2608.09091,canonical_paper_url,1.0,https://arxiv.org/abs/2608.09091,arXiv canonical paper URL is the deterministic identity key.
research_paper,research-papers-csv:row:848,https://arxiv.org/abs/2608.09088,346b1e50-44f7-5d35-80d1-1a7d1eb7ea10,https://arxiv.org/abs/2608.09088,canonical_paper_url,1.0,https://arxiv.org/abs/2608.09088,arXiv canonical paper URL is the deterministic identity key.
research_paper,research-papers-csv:row:849,https://arxiv.org/abs/2608.09080,6d128bfb-a7af-555a-be43-a30378f53bec,https://arxiv.org/abs/2608.09080,canonical_paper_url,1.0,https://arxiv.org/abs/2608.09080,arXiv canonical paper URL is the deterministic identity key.
research_paper,research-papers-csv:row:850,https://arxiv.org/abs/2608.09072,22f99cc4-5308-58da-b53e-c845e0241fcf,https://arxiv.org/abs/2608.09072,canonical_paper_url,1.0,https://arxiv.org/abs/2608.09072,arXiv canonical paper URL is the deterministic identity key.
research_paper,research-papers-csv:row:851,https://arxiv.org/abs/2608.09071,cde381d0-ca17-582d-837e-57c573f1c21d,https://arxiv.org/abs/2608.09071,canonical_paper_url,1.0,https://arxiv.org/abs/2608.09071,arXiv canonical paper URL is the deterministic identity key.
research_paper,research-papers-csv:row:852,https://arxiv.org/abs/2608.09052,82249397-61b1-5c14-95fe-f0c99d2814fd,https://arxiv.org/abs/2608.09052,canonical_paper_url,1.0,https://arxiv.org/abs/2608.09052,arXiv canonical paper URL is the deterministic identity key.
research_paper,research-papers-csv:row:853,https://arxiv.org/abs/2608.09045,387492fc-033d-554a-b6ef-918f73431852,https://arxiv.org/abs/2608.09045,canonical_paper_url,1.0,https://arxiv.org/abs/2608.09045,arXiv canonical paper URL is the deterministic identity key.
research_paper,research-papers-csv:row:854,https://arxiv.org/abs/2608.09043,336e5556-ea22-5e10-bd2c-c786a21c3537,https://arxiv.org/abs/2608.09043,canonical_paper_url,1.0,https://arxiv.org/abs/2608.09043,arXiv canonical paper URL is the deterministic identity key.
research_paper,research-papers-csv:row:855,https://arxiv.org/abs/2608.09042,7b96b0d3-3338-5904-b6fb-cb8f07841402,https://arxiv.org/abs/2608.09042,canonical_paper_url,1.0,https://arxiv.org/abs/2608.09042,arXiv canonical paper URL is the deterministic identity key.
research_paper,research-papers-csv:row:856,https://arxiv.org/abs/2608.09035,c5edd174-88cc-58c9-9bf5-e5e5ff8b948b,https://arxiv.org/abs/2608.09035,canonical_paper_url,1.0,https://arxiv.org/abs/2608.09035,arXiv canonical paper URL is the deterministic identity key.
research_paper,research-papers-csv:row:857,https://arxiv.org/abs/2608.09028,a460bc67-4378-59b4-9f63-fbcdc7d38ec4,https://arxiv.org/abs/2608.09028,canonical_paper_url,1.0,https://arxiv.org/abs/2608.09028,arXiv canonical paper URL is the deterministic identity key.
research_paper,research-papers-csv:row:858,https://arxiv.org/abs/2608.09025,ce1e9eaa-0162-588c-9672-1bd6252937de,https://arxiv.org/abs/2608.09025,canonical_paper_url,1.0,https://arxiv.org/abs/2608.09025,arXiv canonical paper URL is the deterministic identity key.
research_paper,research-papers-csv:row:859,https://arxiv.org/abs/2608.09019,bba6c9ab-9943-50c4-b385-1f6bf80b852d,https://arxiv.org/abs/2608.09019,canonical_paper_url,1.0,https://arxiv.org/abs/2608.09019,arXiv canonical paper URL is the deterministic identity key.
research_paper,research-papers-csv:row:860,https://arxiv.org/abs/2608.09006,b9103c69-8362-5c27-982a-c55f70b36e2a,https://arxiv.org/abs/2608.09006,canonical_paper_url,1.0,https://arxiv.org/abs/2608.09006,arXiv canonical paper URL is the deterministic identity key.
research_paper,research-papers-csv:row:861,https://arxiv.org/abs/2608.08999,69f6b9fd-3366-51c0-bafb-cd4b3036bdb7,https://arxiv.org/abs/2608.08999,canonical_paper_url,1.0,https://arxiv.org/abs/2608.08999,arXiv canonical paper URL is the deterministic identity key.
research_paper,research-papers-csv:row:862,https://arxiv.org/abs/2608.08996,1e43fc57-30a6-5eb0-ae14-d380866a2db9,https://arxiv.org/abs/2608.08996,canonical_paper_url,1.0,https://arxiv.org/abs/2608.08996,arXiv canonical paper URL is the deterministic identity key.
research_paper,research-papers-csv:row:863,https://arxiv.org/abs/2608.08994,22dfe487-a801-52af-bfda-2e8d41e22f7b,https://arxiv.org/abs/2608.08994,canonical_paper_url,1.0,https://arxiv.org/abs/2608.08994,arXiv canonical paper URL is the deterministic identity key.
research_paper,research-papers-csv:row:864,https://arxiv.org/abs/2608.08989,fe105421-4cb2-59f0-a09b-d87beef7e7bd,https://arxiv.org/abs/2608.08989,canonical_paper_url,1.0,https://arxiv.org/abs/2608.08989,arXiv canonical paper URL is the deterministic identity key.
research_paper,research-papers-csv:row:865,https://arxiv.org/abs/2608.10030,2814efc4-0c17-5462-915c-e7d272a244d3,https://arxiv.org/abs/2608.10030,canonical_paper_url,1.0,https://arxiv.org/abs/2608.10030,arXiv canonical paper URL is the deterministic identity key.
research_paper,research-papers-csv:row:866,https://arxiv.org/abs/2608.08977,963d3a7d-5846-5341-ac99-d42a6d9ffea6,https://arxiv.org/abs/2608.08977,canonical_paper_url,1.0,https://arxiv.org/abs/2608.08977,arXiv canonical paper URL is the deterministic identity key.
research_paper,research-papers-csv:row:867,https://arxiv.org/abs/2608.08975,0a71407c-e7fb-5e9f-a5c3-6675ea2f2bd9,https://arxiv.org/abs/2608.08975,canonical_paper_url,1.0,https://arxiv.org/abs/2608.08975,arXiv canonical paper URL is the deterministic identity key.
research_paper,research-papers-csv:row:868,https://arxiv.org/abs/2608.08968,3683f6aa-686e-5b1c-a784-05e30b9b2546,https://arxiv.org/abs/2608.08968,canonical_paper_url,1.0,https://arxiv.org/abs/2608.08968,arXiv canonical paper URL is the deterministic identity key.
research_paper,research-papers-csv:row:869,https://arxiv.org/abs/2608.08965,0fcb60d0-e7d8-574d-8536-937d86172f5a,https://arxiv.org/abs/2608.08965,canonical_paper_url,1.0,https://arxiv.org/abs/2608.08965,arXiv canonical paper URL is the deterministic identity key.
research_paper,research-papers-csv:row:870,https://arxiv.org/abs/2608.08963,17cb3c4b-3cfc-587a-967a-f652f9a1e6a1,https://arxiv.org/abs/2608.08963,canonical_paper_url,1.0,https://arxiv.org/abs/2608.08963,arXiv canonical paper URL is the deterministic identity key.
research_paper,research-papers-csv:row:871,https://arxiv.org/abs/2608.08960,4088c11d-ff6d-56a4-b252-8bad00ad6c91,https://arxiv.org/abs/2608.08960,canonical_paper_url,1.0,https://arxiv.org/abs/2608.08960,arXiv canonical paper URL is the deterministic identity key.
research_paper,research-papers-csv:row:872,https://arxiv.org/abs/2608.08959,7737c205-c460-5424-8fc7-419b55d7f775,https://arxiv.org/abs/2608.08959,canonical_paper_url,1.0,https://arxiv.org/abs/2608.08959,arXiv canonical paper URL is the deterministic identity key.
research_paper,research-papers-csv:row:873,https://arxiv.org/abs/2608.08958,6ceb4166-d2b7-5549-b80b-f1e66bfd1ca7,https://arxiv.org/abs/2608.08958,canonical_paper_url,1.0,https://arxiv.org/abs/2608.08958,arXiv canonical paper URL is the deterministic identity key.
research_paper,research-papers-csv:row:874,https://arxiv.org/abs/2608.08954,96909457-f827-5d38-a9b3-a72f3a7beef8,https://arxiv.org/abs/2608.08954,canonical_paper_url,1.0,https://arxiv.org/abs/2608.08954,arXiv canonical paper URL is the deterministic identity key.
research_paper,research-papers-csv:row:875,https://arxiv.org/abs/2608.08941,7894ac70-9aef-5c2f-99e5-fe21d267ded1,https://arxiv.org/abs/2608.08941,canonical_paper_url,1.0,https://arxiv.org/abs/2608.08941,arXiv canonical paper URL is the deterministic identity key.
research_paper,research-papers-csv:row:876,https://arxiv.org/abs/2608.08939,39f429a2-c73f-5020-96d0-36da2fd72c31,https://arxiv.org/abs/2608.08939,canonical_paper_url,1.0,https://arxiv.org/abs/2608.08939,arXiv canonical paper URL is the deterministic identity key.
research_paper,research-papers-csv:row:877,https://arxiv.org/abs/2608.08935,7090f8e3-b1cf-59d4-976a-1616ec3bd382,https://arxiv.org/abs/2608.08935,canonical_paper_url,1.0,https://arxiv.org/abs/2608.08935,arXiv canonical paper URL is the deterministic identity key.
research_paper,research-papers-csv:row:878,https://arxiv.org/abs/2608.08926,be4f30e1-07af-5683-850f-7fe08a2ab392,https://arxiv.org/abs/2608.08926,canonical_paper_url,1.0,https://arxiv.org/abs/2608.08926,arXiv canonical paper URL is the deterministic identity key.
research_paper,research-papers-csv:row:879,https://arxiv.org/abs/2608.08919,0bd434bc-5200-5166-8166-eb5dc58a7321,https://arxiv.org/abs/2608.08919,canonical_paper_url,1.0,https://arxiv.org/abs/2608.08919,arXiv canonical paper URL is the deterministic identity key.
research_paper,research-papers-csv:row:880,https://arxiv.org/abs/2608.08907,62c20add-becf-557a-9f21-70f191f6aa43,https://arxiv.org/abs/2608.08907,canonical_paper_url,1.0,https://arxiv.org/abs/2608.08907,arXiv canonical paper URL is the deterministic identity key.
research_paper,research-papers-csv:row:881,https://arxiv.org/abs/2608.08904,6bbc0f84-f8d1-5436-ae16-86435a2716af,https://arxiv.org/abs/2608.08904,canonical_paper_url,1.0,https://arxiv.org/abs/2608.08904,arXiv canonical paper URL is the deterministic identity key.
research_paper,research-papers-csv:row:882,https://arxiv.org/abs/2608.08898,c157fee2-2a7a-5587-a564-95ee052cfb3c,https://arxiv.org/abs/2608.08898,canonical_paper_url,1.0,https://arxiv.org/abs/2608.08898,arXiv canonical paper URL is the deterministic identity key.
research_paper,research-papers-csv:row:883,https://arxiv.org/abs/2608.08896,851b9ced-6837-555e-a686-bbe368a6dc99,https://arxiv.org/abs/2608.08896,canonical_paper_url,1.0,https://arxiv.org/abs/2608.08896,arXiv canonical paper URL is the deterministic identity key.
research_paper,research-papers-csv:row:884,https://arxiv.org/abs/2608.08889,8465735f-c831-59ab-a406-1ddf25ad9540,https://arxiv.org/abs/2608.08889,canonical_paper_url,1.0,https://arxiv.org/abs/2608.08889,arXiv canonical paper URL is the deterministic identity key.
research_paper,research-papers-csv:row:885,https://arxiv.org/abs/2608.08888,728c2f15-a47b-537b-a7de-4782561263a6,https://arxiv.org/abs/2608.08888,canonical_paper_url,1.0,https://arxiv.org/abs/2608.08888,arXiv canonical paper URL is the deterministic identity key.
research_paper,research-papers-csv:row:886,https://arxiv.org/abs/2608.08883,ee2d9fcf-4218-5ad9-98dd-bf7048079f67,https://arxiv.org/abs/2608.08883,canonical_paper_url,1.0,https://arxiv.org/abs/2608.08883,arXiv canonical paper URL is the deterministic identity key.
research_paper,research-papers-csv:row:887,https://arxiv.org/abs/2608.08882,16f2f442-7945-550e-8af9-0cf701f80be1,https://arxiv.org/abs/2608.08882,canonical_paper_url,1.0,https://arxiv.org/abs/2608.08882,arXiv canonical paper URL is the deterministic identity key.
research_paper,research-papers-csv:row:888,https://arxiv.org/abs/2608.08881,e2cb943a-0452-55ce-9086-8262b0deb482,https://arxiv.org/abs/2608.08881,canonical_paper_url,1.0,https://arxiv.org/abs/2608.08881,arXiv canonical paper URL is the deterministic identity key.
research_paper,research-papers-csv:row:889,https://arxiv.org/abs/2608.08878,b230b34c-c6b0-5348-9be7-b9f1014b0845,https://arxiv.org/abs/2608.08878,canonical_paper_url,1.0,https://arxiv.org/abs/2608.08878,arXiv canonical paper URL is the deterministic identity key.
research_paper,research-papers-csv:row:890,https://arxiv.org/abs/2608.08859,c288f581-332b-5343-8f50-e4302d13b7f1,https://arxiv.org/abs/2608.08859,canonical_paper_url,1.0,https://arxiv.org/abs/2608.08859,arXiv canonical paper URL is the deterministic identity key.
research_paper,research-papers-csv:row:891,https://arxiv.org/abs/2608.08852,c6e82eee-4459-5600-8d93-03513cf40bb9,https://arxiv.org/abs/2608.08852,canonical_paper_url,1.0,https://arxiv.org/abs/2608.08852,arXiv canonical paper URL is the deterministic identity key.
research_paper,research-papers-csv:row:892,https://arxiv.org/abs/2608.08830,4c49269a-a43c-519b-b7c8-515d22b209d5,https://arxiv.org/abs/2608.08830,canonical_paper_url,1.0,https://arxiv.org/abs/2608.08830,arXiv canonical paper URL is the deterministic identity key.
research_paper,research-papers-csv:row:893,https://arxiv.org/abs/2608.08829,5441b9d3-e713-5ea1-af9d-56de152c8ae9,https://arxiv.org/abs/2608.08829,canonical_paper_url,1.0,https://arxiv.org/abs/2608.08829,arXiv canonical paper URL is the deterministic identity key.
research_paper,research-papers-csv:row:894,https://arxiv.org/abs/2608.08825,726f1da5-0fa1-53a1-803d-360ef86e0425,https://arxiv.org/abs/2608.08825,canonical_paper_url,1.0,https://arxiv.org/abs/2608.08825,arXiv canonical paper URL is the deterministic identity key.
research_paper,research-papers-csv:row:895,https://arxiv.org/abs/2608.08822,6b24e1e5-40cb-5ca4-836a-3b4805d0711c,https://arxiv.org/abs/2608.08822,canonical_paper_url,1.0,https://arxiv.org/abs/2608.08822,arXiv canonical paper URL is the deterministic identity key.
research_paper,research-papers-csv:row:896,https://arxiv.org/abs/2608.08814,52639763-7759-57ec-964f-16d2b39d0a0b,https://arxiv.org/abs/2608.08814,canonical_paper_url,1.0,https://arxiv.org/abs/2608.08814,arXiv canonical paper URL is the deterministic identity key.
research_paper,research-papers-csv:row:897,https://arxiv.org/abs/2608.08806,509ed314-9598-5f66-9925-359f68d4fcd9,https://arxiv.org/abs/2608.08806,canonical_paper_url,1.0,https://arxiv.org/abs/2608.08806,arXiv canonical paper URL is the deterministic identity key.
research_paper,research-papers-csv:row:898,https://arxiv.org/abs/2608.08802,d9e7f93f-cf20-5974-ab74-079ff2c0bc70,https://arxiv.org/abs/2608.08802,canonical_paper_url,1.0,https://arxiv.org/abs/2608.08802,arXiv canonical paper URL is the deterministic identity key.
research_paper,research-papers-csv:row:899,https://arxiv.org/abs/2608.08794,84049986-71d0-5d3c-b43f-e1f05b654a83,https://arxiv.org/abs/2608.08794,canonical_paper_url,1.0,https://arxiv.org/abs/2608.08794,arXiv canonical paper URL is the deterministic identity key.
research_paper,research-papers-csv:row:900,https://arxiv.org/abs/2608.08786,ebcb8dc9-f5a1-521c-9cd8-d262cdd7d006,https://arxiv.org/abs/2608.08786,canonical_paper_url,1.0,https://arxiv.org/abs/2608.08786,arXiv canonical paper URL is the deterministic identity key.
research_paper,research-papers-csv:row:901,https://arxiv.org/abs/2608.08764,c025f11c-f784-5459-8638-d7b0b950294e,https://arxiv.org/abs/2608.08764,canonical_paper_url,1.0,https://arxiv.org/abs/2608.08764,arXiv canonical paper URL is the deterministic identity key.
research_paper,research-papers-csv:row:902,https://arxiv.org/abs/2608.08761,89d92803-e7be-5a1b-a0f2-81499f956718,https://arxiv.org/abs/2608.08761,canonical_paper_url,1.0,https://arxiv.org/abs/2608.08761,arXiv canonical paper URL is the deterministic identity key.
research_paper,research-papers-csv:row:903,https://arxiv.org/abs/2608.08746,ab60e4fe-d816-5718-85cf-43159442b7f3,https://arxiv.org/abs/2608.08746,canonical_paper_url,1.0,https://arxiv.org/abs/2608.08746,arXiv canonical paper URL is the deterministic identity key.
research_paper,research-papers-csv:row:904,https://arxiv.org/abs/2608.08744,a76770b2-f5a4-5973-8903-0d4868926939,https://arxiv.org/abs/2608.08744,canonical_paper_url,1.0,https://arxiv.org/abs/2608.08744,arXiv canonical paper URL is the deterministic identity key.
research_paper,research-papers-csv:row:905,https://arxiv.org/abs/2608.08736,e620aa94-4a86-5f13-8d69-60e0fec9bf0e,https://arxiv.org/abs/2608.08736,canonical_paper_url,1.0,https://arxiv.org/abs/2608.08736,arXiv canonical paper URL is the deterministic identity key.
research_paper,research-papers-csv:row:906,https://arxiv.org/abs/2608.08727,4125acb9-f542-5868-be1a-4333b881973a,https://arxiv.org/abs/2608.08727,canonical_paper_url,1.0,https://arxiv.org/abs/2608.08727,arXiv canonical paper URL is the deterministic identity key.
research_paper,research-papers-csv:row:907,https://arxiv.org/abs/2608.08726,d3535e92-6b83-5fe9-93de-e197c342e93a,https://arxiv.org/abs/2608.08726,canonical_paper_url,1.0,https://arxiv.org/abs/2608.08726,arXiv canonical paper URL is the deterministic identity key.
research_paper,research-papers-csv:row:908,https://arxiv.org/abs/2608.08722,fa3dec58-e459-5dbd-a2a3-ae4db3923e8f,https://arxiv.org/abs/2608.08722,canonical_paper_url,1.0,https://arxiv.org/abs/2608.08722,arXiv canonical paper URL is the deterministic identity key.
research_paper,research-papers-csv:row:909,https://arxiv.org/abs/2608.08721,53bee757-30f0-5143-86a3-10737a258331,https://arxiv.org/abs/2608.08721,canonical_paper_url,1.0,https://arxiv.org/abs/2608.08721,arXiv canonical paper URL is the deterministic identity key.
research_paper,research-papers-csv:row:910,https://arxiv.org/abs/2608.08713,e7335c41-c280-5cf4-ad85-bdbca694c85f,https://arxiv.org/abs/2608.08713,canonical_paper_url,1.0,https://arxiv.org/abs/2608.08713,arXiv canonical paper URL is the deterministic identity key.
research_paper,research-papers-csv:row:911,https://arxiv.org/abs/2608.08709,6f95ad17-31c6-5c81-98af-c68d26296474,https://arxiv.org/abs/2608.08709,canonical_paper_url,1.0,https://arxiv.org/abs/2608.08709,arXiv canonical paper URL is the deterministic identity key.
research_paper,research-papers-csv:row:912,https://arxiv.org/abs/2608.08700,b51f1964-1275-527c-9d04-7a2d20f483a6,https://arxiv.org/abs/2608.08700,canonical_paper_url,1.0,https://arxiv.org/abs/2608.08700,arXiv canonical paper URL is the deterministic identity key.
research_paper,research-papers-csv:row:913,https://arxiv.org/abs/2608.08691,732a7750-9dcc-50ae-9576-bd693302cb4d,https://arxiv.org/abs/2608.08691,canonical_paper_url,1.0,https://arxiv.org/abs/2608.08691,arXiv canonical paper URL is the deterministic identity key.
research_paper,research-papers-csv:row:914,https://arxiv.org/abs/2608.08689,53f40ead-89ef-5338-b522-208acb3ac576,https://arxiv.org/abs/2608.08689,canonical_paper_url,1.0,https://arxiv.org/abs/2608.08689,arXiv canonical paper URL is the deterministic identity key.
research_paper,research-papers-csv:row:915,https://arxiv.org/abs/2608.08684,e6e65185-07e3-575c-a652-d905dc9cbceb,https://arxiv.org/abs/2608.08684,canonical_paper_url,1.0,https://arxiv.org/abs/2608.08684,arXiv canonical paper URL is the deterministic identity key.
research_paper,research-papers-csv:row:916,https://arxiv.org/abs/2608.08677,9774eea9-4aaa-5a63-98a8-7f871a30c48c,https://arxiv.org/abs/2608.08677,canonical_paper_url,1.0,https://arxiv.org/abs/2608.08677,arXiv canonical paper URL is the deterministic identity key.
research_paper,research-papers-csv:row:917,https://arxiv.org/abs/2608.08676,df48a948-4f7a-594a-aded-a5df2863a0ec,https://arxiv.org/abs/2608.08676,canonical_paper_url,1.0,https://arxiv.org/abs/2608.08676,arXiv canonical paper URL is the deterministic identity key.
research_paper,research-papers-csv:row:918,https://arxiv.org/abs/2608.08654,bd5b2519-db29-52f0-b4ab-6c6a6d5fe3d0,https://arxiv.org/abs/2608.08654,canonical_paper_url,1.0,https://arxiv.org/abs/2608.08654,arXiv canonical paper URL is the deterministic identity key.
research_paper,research-papers-csv:row:919,https://arxiv.org/abs/2608.08652,8da140bb-36b9-5802-b9f3-aa8a6ae0e633,https://arxiv.org/abs/2608.08652,canonical_paper_url,1.0,https://arxiv.org/abs/2608.08652,arXiv canonical paper URL is the deterministic identity key.
research_paper,research-papers-csv:row:920,https://arxiv.org/abs/2608.08640,2cb0a89a-a73a-56db-bcdc-38bc23e10fa1,https://arxiv.org/abs/2608.08640,canonical_paper_url,1.0,https://arxiv.org/abs/2608.08640,arXiv canonical paper URL is the deterministic identity key.
research_paper,research-papers-csv:row:921,https://arxiv.org/abs/2608.08639,f7d169e8-8c0e-596e-b3b6-91329590331c,https://arxiv.org/abs/2608.08639,canonical_paper_url,1.0,https://arxiv.org/abs/2608.08639,arXiv canonical paper URL is the deterministic identity key.
research_paper,research-papers-csv:row:922,https://arxiv.org/abs/2608.08638,9d0c1195-b395-535f-860a-f45c0f1c3e12,https://arxiv.org/abs/2608.08638,canonical_paper_url,1.0,https://arxiv.org/abs/2608.08638,arXiv canonical paper URL is the deterministic identity key.
research_paper,research-papers-csv:row:923,https://arxiv.org/abs/2608.08636,e275f563-bd22-52d7-86a6-65c3fd162b87,https://arxiv.org/abs/2608.08636,canonical_paper_url,1.0,https://arxiv.org/abs/2608.08636,arXiv canonical paper URL is the deterministic identity key.
research_paper,research-papers-csv:row:924,https://arxiv.org/abs/2608.08634,e49bb457-fa73-5c90-b683-18bbe00d3a5b,https://arxiv.org/abs/2608.08634,canonical_paper_url,1.0,https://arxiv.org/abs/2608.08634,arXiv canonical paper URL is the deterministic identity key.
research_paper,research-papers-csv:row:925,https://arxiv.org/abs/2608.08632,382a17da-ecc9-57af-8d41-1eaf6f7cb303,https://arxiv.org/abs/2608.08632,canonical_paper_url,1.0,https://arxiv.org/abs/2608.08632,arXiv canonical paper URL is the deterministic identity key.
research_paper,research-papers-csv:row:926,https://arxiv.org/abs/2608.08627,32ffcffc-c970-5aa1-819b-a1a12565d4b2,https://arxiv.org/abs/2608.08627,canonical_paper_url,1.0,https://arxiv.org/abs/2608.08627,arXiv canonical paper URL is the deterministic identity key.
research_paper,research-papers-csv:row:927,https://arxiv.org/abs/2608.08623,e47954e4-84c6-5d5f-a30b-b3e1c9e67429,https://arxiv.org/abs/2608.08623,canonical_paper_url,1.0,https://arxiv.org/abs/2608.08623,arXiv canonical paper URL is the deterministic identity key.
research_paper,research-papers-csv:row:928,https://arxiv.org/abs/2608.08621,14ced8f4-1eff-5da6-b6ea-47f4ca31fdc2,https://arxiv.org/abs/2608.08621,canonical_paper_url,1.0,https://arxiv.org/abs/2608.08621,arXiv canonical paper URL is the deterministic identity key.
research_paper,research-papers-csv:row:929,https://arxiv.org/abs/2608.08618,2601e5ba-3598-5711-a127-f8937451c455,https://arxiv.org/abs/2608.08618,canonical_paper_url,1.0,https://arxiv.org/abs/2608.08618,arXiv canonical paper URL is the deterministic identity key.
research_paper,research-papers-csv:row:930,https://arxiv.org/abs/2608.08617,2c8164bc-038f-5651-9276-ad97c32b0cd1,https://arxiv.org/abs/2608.08617,canonical_paper_url,1.0,https://arxiv.org/abs/2608.08617,arXiv canonical paper URL is the deterministic identity key.
research_paper,research-papers-csv:row:931,https://arxiv.org/abs/2608.08612,8599ad10-1e34-5a81-ac76-cc2cd151976c,https://arxiv.org/abs/2608.08612,canonical_paper_url,1.0,https://arxiv.org/abs/2608.08612,arXiv canonical paper URL is the deterministic identity key.
research_paper,research-papers-csv:row:932,https://arxiv.org/abs/2608.08606,0a745e1a-5099-5d79-84d1-3cb4890a1455,https://arxiv.org/abs/2608.08606,canonical_paper_url,1.0,https://arxiv.org/abs/2608.08606,arXiv canonical paper URL is the deterministic identity key.
research_paper,research-papers-csv:row:933,https://arxiv.org/abs/2608.08605,a184bd31-2364-5485-9b97-5e58b6606572,https://arxiv.org/abs/2608.08605,canonical_paper_url,1.0,https://arxiv.org/abs/2608.08605,arXiv canonical paper URL is the deterministic identity key.
research_paper,research-papers-csv:row:934,https://arxiv.org/abs/2608.08601,e2ee680c-2c97-50ac-bf43-beeb1be2aa71,https://arxiv.org/abs/2608.08601,canonical_paper_url,1.0,https://arxiv.org/abs/2608.08601,arXiv canonical paper URL is the deterministic identity key.
research_paper,research-papers-csv:row:935,https://arxiv.org/abs/2608.08600,51ab092d-444c-5e66-a2a1-ed16e1f2820f,https://arxiv.org/abs/2608.08600,canonical_paper_url,1.0,https://arxiv.org/abs/2608.08600,arXiv canonical paper URL is the deterministic identity key.
research_paper,research-papers-csv:row:936,https://arxiv.org/abs/2608.08594,736df413-fd9c-507c-b74c-60775149cc26,https://arxiv.org/abs/2608.08594,canonical_paper_url,1.0,https://arxiv.org/abs/2608.08594,arXiv canonical paper URL is the deterministic identity key.
research_paper,research-papers-csv:row:937,https://arxiv.org/abs/2608.08575,717ac1ae-8826-5e1b-ab5d-b4603f4bb756,https://arxiv.org/abs/2608.08575,canonical_paper_url,1.0,https://arxiv.org/abs/2608.08575,arXiv canonical paper URL is the deterministic identity key.
research_paper,research-papers-csv:row:938,https://arxiv.org/abs/2608.08570,aefd9818-46c2-5e64-802c-7f0c3d11a3de,https://arxiv.org/abs/2608.08570,canonical_paper_url,1.0,https://arxiv.org/abs/2608.08570,arXiv canonical paper URL is the deterministic identity key.
research_paper,research-papers-csv:row:939,https://arxiv.org/abs/2608.08569,2726e0df-8294-5b10-8587-53357599d3f4,https://arxiv.org/abs/2608.08569,canonical_paper_url,1.0,https://arxiv.org/abs/2608.08569,arXiv canonical paper URL is the deterministic identity key.
research_paper,research-papers-csv:row:940,https://arxiv.org/abs/2608.08566,21f72daf-7106-57ee-9988-dd4faf7ff47b,https://arxiv.org/abs/2608.08566,canonical_paper_url,1.0,https://arxiv.org/abs/2608.08566,arXiv canonical paper URL is the deterministic identity key.
research_paper,research-papers-csv:row:941,https://arxiv.org/abs/2608.08561,36745f62-c9ca-55a8-bd64-fb73b7a3e7a6,https://arxiv.org/abs/2608.08561,canonical_paper_url,1.0,https://arxiv.org/abs/2608.08561,arXiv canonical paper URL is the deterministic identity key.
research_paper,research-papers-csv:row:942,https://arxiv.org/abs/2608.08523,f514091f-647d-5e51-b4de-175bc2aa2dba,https://arxiv.org/abs/2608.08523,canonical_paper_url,1.0,https://arxiv.org/abs/2608.08523,arXiv canonical paper URL is the deterministic identity key.
research_paper,research-papers-csv:row:943,https://arxiv.org/abs/2608.08521,1ecdbe17-05d2-5cf9-8a17-561375a28451,https://arxiv.org/abs/2608.08521,canonical_paper_url,1.0,https://arxiv.org/abs/2608.08521,arXiv canonical paper URL is the deterministic identity key.
research_paper,research-papers-csv:row:944,https://arxiv.org/abs/2608.08514,7773037e-fb4a-5323-942e-438fe8a510fe,https://arxiv.org/abs/2608.08514,canonical_paper_url,1.0,https://arxiv.org/abs/2608.08514,arXiv canonical paper URL is the deterministic identity key.
research_paper,research-papers-csv:row:945,https://arxiv.org/abs/2608.08512,601b8a40-c069-5b93-a689-54bb2afde5a1,https://arxiv.org/abs/2608.08512,canonical_paper_url,1.0,https://arxiv.org/abs/2608.08512,arXiv canonical paper URL is the deterministic identity key.
research_paper,research-papers-csv:row:946,https://arxiv.org/abs/2608.08506,a9ac9486-acf5-5ea4-bc22-0494739b79e0,https://arxiv.org/abs/2608.08506,canonical_paper_url,1.0,https://arxiv.org/abs/2608.08506,arXiv canonical paper URL is the deterministic identity key.
research_paper,research-papers-csv:row:947,https://arxiv.org/abs/2608.08503,d00d2d17-4167-50fa-b8d3-e7b5fca3b28b,https://arxiv.org/abs/2608.08503,canonical_paper_url,1.0,https://arxiv.org/abs/2608.08503,arXiv canonical paper URL is the deterministic identity key.
research_paper,research-papers-csv:row:948,https://arxiv.org/abs/2608.08491,d40329f3-0432-52a7-a64c-ae64645a792c,https://arxiv.org/abs/2608.08491,canonical_paper_url,1.0,https://arxiv.org/abs/2608.08491,arXiv canonical paper URL is the deterministic identity key.
research_paper,research-papers-csv:row:949,https://arxiv.org/abs/2608.08485,eadb53cf-ccb1-5df1-be0d-179235d38b6d,https://arxiv.org/abs/2608.08485,canonical_paper_url,1.0,https://arxiv.org/abs/2608.08485,arXiv canonical paper URL is the deterministic identity key.
research_paper,research-papers-csv:row:950,https://arxiv.org/abs/2608.08479,7c3fb2d1-96c2-5ea6-a563-5020cb06054f,https://arxiv.org/abs/2608.08479,canonical_paper_url,1.0,https://arxiv.org/abs/2608.08479,arXiv canonical paper URL is the deterministic identity key.
research_paper,research-papers-csv:row:951,https://arxiv.org/abs/2608.08471,7c52a391-c03e-55d9-883f-47b08a2886e6,https://arxiv.org/abs/2608.08471,canonical_paper_url,1.0,https://arxiv.org/abs/2608.08471,arXiv canonical paper URL is the deterministic identity key.
research_paper,research-papers-csv:row:952,https://arxiv.org/abs/2608.08469,6d09f5d5-a6f8-59a8-ab9b-a9bc0fd8d859,https://arxiv.org/abs/2608.08469,canonical_paper_url,1.0,https://arxiv.org/abs/2608.08469,arXiv canonical paper URL is the deterministic identity key.
research_paper,research-papers-csv:row:953,https://arxiv.org/abs/2608.08468,12330785-83d6-5b28-9d97-821b3ce8ef1c,https://arxiv.org/abs/2608.08468,canonical_paper_url,1.0,https://arxiv.org/abs/2608.08468,arXiv canonical paper URL is the deterministic identity key.
research_paper,research-papers-csv:row:954,https://arxiv.org/abs/2608.08467,be0764a5-f1d6-5145-84c2-9225a6a190f6,https://arxiv.org/abs/2608.08467,canonical_paper_url,1.0,https://arxiv.org/abs/2608.08467,arXiv canonical paper URL is the deterministic identity key.
research_paper,research-papers-csv:row:955,https://arxiv.org/abs/2608.08466,327eece0-2897-5e70-86cc-22845ec95788,https://arxiv.org/abs/2608.08466,canonical_paper_url,1.0,https://arxiv.org/abs/2608.08466,arXiv canonical paper URL is the deterministic identity key.
research_paper,research-papers-csv:row:956,https://arxiv.org/abs/2608.08463,f095bcbc-00a1-5431-8d83-ffb5d1290ed1,https://arxiv.org/abs/2608.08463,canonical_paper_url,1.0,https://arxiv.org/abs/2608.08463,arXiv canonical paper URL is the deterministic identity key.
research_paper,research-papers-csv:row:957,https://arxiv.org/abs/2608.08459,197e8540-275b-55f4-a1d0-1a07121763d0,https://arxiv.org/abs/2608.08459,canonical_paper_url,1.0,https://arxiv.org/abs/2608.08459,arXiv canonical paper URL is the deterministic identity key.
research_paper,research-papers-csv:row:958,https://arxiv.org/abs/2608.08453,30826c66-31d3-577c-84cb-c9d5b8520032,https://arxiv.org/abs/2608.08453,canonical_paper_url,1.0,https://arxiv.org/abs/2608.08453,arXiv canonical paper URL is the deterministic identity key.
research_paper,research-papers-csv:row:959,https://arxiv.org/abs/2608.08451,e829fb39-2c32-53b8-95cb-fcedfabb8ab4,https://arxiv.org/abs/2608.08451,canonical_paper_url,1.0,https://arxiv.org/abs/2608.08451,arXiv canonical paper URL is the deterministic identity key.
research_paper,research-papers-csv:row:960,https://arxiv.org/abs/2608.08447,0fc1c9d8-1111-5d90-9587-4301f9fc8083,https://arxiv.org/abs/2608.08447,canonical_paper_url,1.0,https://arxiv.org/abs/2608.08447,arXiv canonical paper URL is the deterministic identity key.
research_paper,research-papers-csv:row:961,https://arxiv.org/abs/2608.08446,0ec8b828-e006-5aa8-9f0d-65b56e46f38c,https://arxiv.org/abs/2608.08446,canonical_paper_url,1.0,https://arxiv.org/abs/2608.08446,arXiv canonical paper URL is the deterministic identity key.
research_paper,research-papers-csv:row:962,https://arxiv.org/abs/2608.08445,ece4dba0-e9fb-5155-ad7f-9bb57b23d5f5,https://arxiv.org/abs/2608.08445,canonical_paper_url,1.0,https://arxiv.org/abs/2608.08445,arXiv canonical paper URL is the deterministic identity key.
research_paper,research-papers-csv:row:963,https://arxiv.org/abs/2608.08443,fb7adcd2-cfa5-531d-b1e4-f5c1cb783e24,https://arxiv.org/abs/2608.08443,canonical_paper_url,1.0,https://arxiv.org/abs/2608.08443,arXiv canonical paper URL is the deterministic identity key.
research_paper,research-papers-csv:row:964,https://arxiv.org/abs/2608.08439,8960584d-f90f-500b-a604-d80fadd3e4dd,https://arxiv.org/abs/2608.08439,canonical_paper_url,1.0,https://arxiv.org/abs/2608.08439,arXiv canonical paper URL is the deterministic identity key.
research_paper,research-papers-csv:row:965,https://arxiv.org/abs/2608.08430,a57a5c9f-982d-527e-ab63-8bc76dbc7f35,https://arxiv.org/abs/2608.08430,canonical_paper_url,1.0,https://arxiv.org/abs/2608.08430,arXiv canonical paper URL is the deterministic identity key.
research_paper,research-papers-csv:row:966,https://arxiv.org/abs/2608.08408,2f9fd343-e406-5676-8ee2-7b4d5fe73bc8,https://arxiv.org/abs/2608.08408,canonical_paper_url,1.0,https://arxiv.org/abs/2608.08408,arXiv canonical paper URL is the deterministic identity key.
research_paper,research-papers-csv:row:967,https://arxiv.org/abs/2608.08407,2d634a91-d4ae-51a6-9ac9-921c5357cda7,https://arxiv.org/abs/2608.08407,canonical_paper_url,1.0,https://arxiv.org/abs/2608.08407,arXiv canonical paper URL is the deterministic identity key.
research_paper,research-papers-csv:row:968,https://arxiv.org/abs/2608.08398,2290a2d7-466b-5fe1-9913-608e3749378e,https://arxiv.org/abs/2608.08398,canonical_paper_url,1.0,https://arxiv.org/abs/2608.08398,arXiv canonical paper URL is the deterministic identity key.
research_paper,research-papers-csv:row:969,https://arxiv.org/abs/2608.08395,88df2aae-15de-5a50-ae73-7ca6b4d21131,https://arxiv.org/abs/2608.08395,canonical_paper_url,1.0,https://arxiv.org/abs/2608.08395,arXiv canonical paper URL is the deterministic identity key.
research_paper,research-papers-csv:row:970,https://arxiv.org/abs/2608.08392,8314ec1a-31ea-522d-9faf-668f8e612bd1,https://arxiv.org/abs/2608.08392,canonical_paper_url,1.0,https://arxiv.org/abs/2608.08392,arXiv canonical paper URL is the deterministic identity key.
research_paper,research-papers-csv:row:971,https://arxiv.org/abs/2608.08389,d1ae5c1f-b6a3-5a12-a3ac-cb6936540a0c,https://arxiv.org/abs/2608.08389,canonical_paper_url,1.0,https://arxiv.org/abs/2608.08389,arXiv canonical paper URL is the deterministic identity key.
research_paper,research-papers-csv:row:972,https://arxiv.org/abs/2608.08382,3c750a86-8a3a-5d5c-9402-b77d91cebab5,https://arxiv.org/abs/2608.08382,canonical_paper_url,1.0,https://arxiv.org/abs/2608.08382,arXiv canonical paper URL is the deterministic identity key.
research_paper,research-papers-csv:row:973,https://arxiv.org/abs/2608.08349,440825d2-3df4-5c65-a279-a4d09018edf4,https://arxiv.org/abs/2608.08349,canonical_paper_url,1.0,https://arxiv.org/abs/2608.08349,arXiv canonical paper URL is the deterministic identity key.
research_paper,research-papers-csv:row:974,https://arxiv.org/abs/2608.08344,17266ccf-6d00-5278-83e7-18be8ce8488c,https://arxiv.org/abs/2608.08344,canonical_paper_url,1.0,https://arxiv.org/abs/2608.08344,arXiv canonical paper URL is the deterministic identity key.
research_paper,research-papers-csv:row:975,https://arxiv.org/abs/2608.08326,e9d3998d-3e68-5255-8d76-8f04e85fdefa,https://arxiv.org/abs/2608.08326,canonical_paper_url,1.0,https://arxiv.org/abs/2608.08326,arXiv canonical paper URL is the deterministic identity key.
research_paper,research-papers-csv:row:976,https://arxiv.org/abs/2608.08311,17bfa530-3e43-544b-8e23-ee9a7613735a,https://arxiv.org/abs/2608.08311,canonical_paper_url,1.0,https://arxiv.org/abs/2608.08311,arXiv canonical paper URL is the deterministic identity key.
research_paper,research-papers-csv:row:977,https://arxiv.org/abs/2608.08309,4ec6f0b0-877c-5291-9a5e-587b40c84314,https://arxiv.org/abs/2608.08309,canonical_paper_url,1.0,https://arxiv.org/abs/2608.08309,arXiv canonical paper URL is the deterministic identity key.
research_paper,research-papers-csv:row:978,https://arxiv.org/abs/2608.08308,620f00c9-0cad-5cfb-a343-26f7be9faafa,https://arxiv.org/abs/2608.08308,canonical_paper_url,1.0,https://arxiv.org/abs/2608.08308,arXiv canonical paper URL is the deterministic identity key.
research_paper,research-papers-csv:row:979,https://arxiv.org/abs/2608.08307,44d2016a-5576-5dfa-b157-ef2c7c32f96c,https://arxiv.org/abs/2608.08307,canonical_paper_url,1.0,https://arxiv.org/abs/2608.08307,arXiv canonical paper URL is the deterministic identity key.
research_paper,research-papers-csv:row:980,https://arxiv.org/abs/2608.08303,86bdf993-156c-574d-b47e-16ab8eedd710,https://arxiv.org/abs/2608.08303,canonical_paper_url,1.0,https://arxiv.org/abs/2608.08303,arXiv canonical paper URL is the deterministic identity key.
research_paper,research-papers-csv:row:981,https://arxiv.org/abs/2608.08300,3ddfd230-0c80-5b30-ae77-bb03f500dc20,https://arxiv.org/abs/2608.08300,canonical_paper_url,1.0,https://arxiv.org/abs/2608.08300,arXiv canonical paper URL is the deterministic identity key.
research_paper,research-papers-csv:row:982,https://arxiv.org/abs/2608.08284,3c0b93a8-8d58-5fe2-883b-57bcad63675b,https://arxiv.org/abs/2608.08284,canonical_paper_url,1.0,https://arxiv.org/abs/2608.08284,arXiv canonical paper URL is the deterministic identity key.
research_paper,research-papers-csv:row:983,https://arxiv.org/abs/2608.08283,d595bc8f-b4bd-5eac-9e8c-a26a032a577e,https://arxiv.org/abs/2608.08283,canonical_paper_url,1.0,https://arxiv.org/abs/2608.08283,arXiv canonical paper URL is the deterministic identity key.
research_paper,research-papers-csv:row:984,https://arxiv.org/abs/2608.08281,18b9f4cd-da9b-5648-a35f-1d9e4566706c,https://arxiv.org/abs/2608.08281,canonical_paper_url,1.0,https://arxiv.org/abs/2608.08281,arXiv canonical paper URL is the deterministic identity key.
research_paper,research-papers-csv:row:985,https://arxiv.org/abs/2608.08266,1dfc845e-2408-5365-b1f3-8fb5ba41f539,https://arxiv.org/abs/2608.08266,canonical_paper_url,1.0,https://arxiv.org/abs/2608.08266,arXiv canonical paper URL is the deterministic identity key.
research_paper,research-papers-csv:row:986,https://arxiv.org/abs/2608.08264,ee7440ad-d69c-5b4e-9034-db20c083ac1a,https://arxiv.org/abs/2608.08264,canonical_paper_url,1.0,https://arxiv.org/abs/2608.08264,arXiv canonical paper URL is the deterministic identity key.
research_paper,research-papers-csv:row:987,https://arxiv.org/abs/2608.08254,32cef874-e7d1-53c9-80ab-622b855b4b88,https://arxiv.org/abs/2608.08254,canonical_paper_url,1.0,https://arxiv.org/abs/2608.08254,arXiv canonical paper URL is the deterministic identity key.
research_paper,research-papers-csv:row:988,https://arxiv.org/abs/2608.08253,898aeae0-d2fc-5db8-bcac-24a154d117da,https://arxiv.org/abs/2608.08253,canonical_paper_url,1.0,https://arxiv.org/abs/2608.08253,arXiv canonical paper URL is the deterministic identity key.
research_paper,research-papers-csv:row:989,https://arxiv.org/abs/2608.08245,5b94d458-5c5c-5967-941e-80f112332475,https://arxiv.org/abs/2608.08245,canonical_paper_url,1.0,https://arxiv.org/abs/2608.08245,arXiv canonical paper URL is the deterministic identity key.
research_paper,research-papers-csv:row:990,https://arxiv.org/abs/2608.08244,74c931f5-8879-5135-91ab-0a5e9761e863,https://arxiv.org/abs/2608.08244,canonical_paper_url,1.0,https://arxiv.org/abs/2608.08244,arXiv canonical paper URL is the deterministic identity key.
research_paper,research-papers-csv:row:991,https://arxiv.org/abs/2608.08240,ef0d84fd-a713-520f-aa47-30ab73eb04e7,https://arxiv.org/abs/2608.08240,canonical_paper_url,1.0,https://arxiv.org/abs/2608.08240,arXiv canonical paper URL is the deterministic identity key.
research_paper,research-papers-csv:row:992,https://arxiv.org/abs/2608.08236,19dfa204-e260-5d74-acaa-92842640ada4,https://arxiv.org/abs/2608.08236,canonical_paper_url,1.0,https://arxiv.org/abs/2608.08236,arXiv canonical paper URL is the deterministic identity key.
research_paper,research-papers-csv:row:993,https://arxiv.org/abs/2608.10016,aa735e51-4425-5432-ad2c-943d0df5ce3f,https://arxiv.org/abs/2608.10016,canonical_paper_url,1.0,https://arxiv.org/abs/2608.10016,arXiv canonical paper URL is the deterministic identity key.
research_paper,research-papers-csv:row:994,https://arxiv.org/abs/2608.08220,dd336b3b-9a05-5e82-8a9b-b70209c9c3a7,https://arxiv.org/abs/2608.08220,canonical_paper_url,1.0,https://arxiv.org/abs/2608.08220,arXiv canonical paper URL is the deterministic identity key.
research_paper,research-papers-csv:row:995,https://arxiv.org/abs/2608.08219,534397b4-5411-5332-be38-cb379e3e5b06,https://arxiv.org/abs/2608.08219,canonical_paper_url,1.0,https://arxiv.org/abs/2608.08219,arXiv canonical paper URL is the deterministic identity key.
research_paper,research-papers-csv:row:996,https://arxiv.org/abs/2608.08212,a41c5106-32ec-5585-9d45-5dc3bc1196ed,https://arxiv.org/abs/2608.08212,canonical_paper_url,1.0,https://arxiv.org/abs/2608.08212,arXiv canonical paper URL is the deterministic identity key.
research_paper,research-papers-csv:row:997,https://arxiv.org/abs/2608.08210,8ea7dc95-43aa-58e1-9045-3baa2f3167b9,https://arxiv.org/abs/2608.08210,canonical_paper_url,1.0,https://arxiv.org/abs/2608.08210,arXiv canonical paper URL is the deterministic identity key.
research_paper,research-papers-csv:row:998,https://arxiv.org/abs/2608.08207,4d5739d0-057f-5de4-81b8-aba10baebeb9,https://arxiv.org/abs/2608.08207,canonical_paper_url,1.0,https://arxiv.org/abs/2608.08207,arXiv canonical paper URL is the deterministic identity key.
research_paper,research-papers-csv:row:999,https://arxiv.org/abs/2608.08199,2f9d8ac1-5ed7-5bc2-9deb-aac167f03582,https://arxiv.org/abs/2608.08199,canonical_paper_url,1.0,https://arxiv.org/abs/2608.08199,arXiv canonical paper URL is the deterministic identity key.
research_paper,research-papers-csv:row:1000,https://arxiv.org/abs/2608.08195,53fd4fe6-4aa3-5de7-9931-6c9859579c3b,https://arxiv.org/abs/2608.08195,canonical_paper_url,1.0,https://arxiv.org/abs/2608.08195,arXiv canonical paper URL is the deterministic identity key.
research_paper,research-papers-csv:row:1001,https://arxiv.org/abs/2608.08192,9247f245-7c7b-5f00-b5dc-26a9d9f97912,https://arxiv.org/abs/2608.08192,canonical_paper_url,1.0,https://arxiv.org/abs/2608.08192,arXiv canonical paper URL is the deterministic identity key.
news,github-release:weaviate/weaviate:377705968,https://github.com/weaviate/weaviate/releases/tag/v1.38.13,6b116144-91d6-593b-84ee-eebbd8e8016c,https://github.com/weaviate/weaviate/releases/tag/v1.38.13,github_release_identity,1.0,https://api.github.com/repos/weaviate/weaviate/releases/377705968,Repository full name plus immutable GitHub release ID is the deterministic release identity.
news,github-release:weaviate/weaviate:377599838,https://github.com/weaviate/weaviate/releases/tag/v1.37.15,034bda6e-0d8f-52b9-9c3f-72778f4d3390,https://github.com/weaviate/weaviate/releases/tag/v1.37.15,github_release_identity,1.0,https://api.github.com/repos/weaviate/weaviate/releases/377599838,Repository full name plus immutable GitHub release ID is the deterministic release identity.
news,github-release:openai/openai-python:377505517,https://github.com/openai/openai-python/releases/tag/v3.5.0,22bdf5a3-785e-5fcf-822a-1f9561bfdb7e,https://github.com/openai/openai-python/releases/tag/v3.5.0,github_release_identity,1.0,https://api.github.com/repos/openai/openai-python/releases/377505517,Repository full name plus immutable GitHub release ID is the deterministic release identity.
news,github-release:openai/openai-python:377441965,https://github.com/openai/openai-python/releases/tag/v3.4.0,255d2a12-a550-57e8-8f14-a7e775dbda36,https://github.com/openai/openai-python/releases/tag/v3.4.0,github_release_identity,1.0,https://api.github.com/repos/openai/openai-python/releases/377441965,Repository full name plus immutable GitHub release ID is the deterministic release identity.
news,github-release:cohere-ai/cohere-python:377436193,https://github.com/cohere-ai/cohere-python/releases/tag/7.1.0,721a2ec5-0e45-5bb5-b5b7-ec9f122ba61b,https://github.com/cohere-ai/cohere-python/releases/tag/7.1.0,github_release_identity,1.0,https://api.github.com/repos/cohere-ai/cohere-python/releases/377436193,Repository full name plus immutable GitHub release ID is the deterministic release identity.
news,github-release:ollama/ollama:377321070,https://github.com/ollama/ollama/releases/tag/v0.33.1,8b792da4-1265-5c8f-a449-64ae3c7e1aa3,https://github.com/ollama/ollama/releases/tag/v0.33.1,github_release_identity,1.0,https://api.github.com/repos/ollama/ollama/releases/377321070,Repository full name plus immutable GitHub release ID is the deterministic release identity.
news,github-release:weaviate/weaviate:377270751,https://github.com/weaviate/weaviate/releases/tag/v1.39.2,4d357228-facf-5e7a-bd7e-3aa663222dba,https://github.com/weaviate/weaviate/releases/tag/v1.39.2,github_release_identity,1.0,https://api.github.com/repos/weaviate/weaviate/releases/377270751,Repository full name plus immutable GitHub release ID is the deterministic release identity.
news,github-release:anthropics/anthropic-sdk-python:377292225,https://github.com/anthropics/anthropic-sdk-python/releases/tag/v1.1.0,2ca51b74-e774-5afa-bd6d-52d788e43cc3,https://github.com/anthropics/anthropic-sdk-python/releases/tag/v1.1.0,github_release_identity,1.0,https://api.github.com/repos/anthropics/anthropic-sdk-python/releases/377292225,Repository full name plus immutable GitHub release ID is the deterministic release identity.
news,github-release:huggingface/transformers:377216922,https://github.com/huggingface/transformers/releases/tag/v5.16.1,8fda5498-9e08-54ec-9fd8-716825b3c9f9,https://github.com/huggingface/transformers/releases/tag/v5.16.1,github_release_identity,1.0,https://api.github.com/repos/huggingface/transformers/releases/377216922,Repository full name plus immutable GitHub release ID is the deterministic release identity.
news,github-release:huggingface/transformers:377105315,https://github.com/huggingface/transformers/releases/tag/v5.16.0,80321c60-c69c-5efc-ac38-ad44c4ab74e6,https://github.com/huggingface/transformers/releases/tag/v5.16.0,github_release_identity,1.0,https://api.github.com/repos/huggingface/transformers/releases/377105315,Repository full name plus immutable GitHub release ID is the deterministic release identity.
