id,canonical_name,canonical_url,employee_count,yc_batch,industry,location,status,source_url,source_record_id,collectedAt
458a4163-d0ea-5da9-978d-03d9418f3e5a,Monzo Bank,,2450,,,London,Active,https://github.com/lukaflpvc/YC-Vault/blob/1c86f32a981d479249496298f6bb746ff3c79efe/data/2025-04-21/YC_Companies.csv#L3,yc-vault:2025-04-21:YC_Companies.csv:row:3,2026-08-27T12:07:08+00:00
5703b07e-c948-57f9-9ff1-42fb78fc551a,Convoy,,1200,,,Seattle,Active,https://github.com/lukaflpvc/YC-Vault/blob/1c86f32a981d479249496298f6bb746ff3c79efe/data/2025-04-21/YC_Companies.csv#L4,yc-vault:2025-04-21:YC_Companies.csv:row:4,2026-08-27T12:07:08+00:00
00517298-ec44-5513-8997-d838a99b3b20,Reddit,,2000,S05,"social-media, social, social-network",San Francisco,Active,https://github.com/lukaflpvc/YC-Vault/blob/1c86f32a981d479249496298f6bb746ff3c79efe/data/2025-04-21/YC_Companies.csv#L5,yc-vault:2025-04-21:YC_Companies.csv:row:5,2026-08-27T12:07:08+00:00
2ce269b9-ea7e-5710-9521-19b7c32939aa,Clickfacts,,11,S05,,San Francisco,Active,https://github.com/lukaflpvc/YC-Vault/blob/1c86f32a981d479249496298f6bb746ff3c79efe/data/2025-04-21/YC_Companies.csv#L7,yc-vault:2025-04-21:YC_Companies.csv:row:7,2026-08-27T12:07:08+00:00
0356a2db-c185-51cf-ba72-a6808bb7fe17,TextPayMe,,11,S05,,Redmond WA,Active,https://github.com/lukaflpvc/YC-Vault/blob/1c86f32a981d479249496298f6bb746ff3c79efe/data/2025-04-21/YC_Companies.csv#L8,yc-vault:2025-04-21:YC_Companies.csv:row:8,2026-08-27T12:07:08+00:00
36b015e8-b362-5853-b887-8651c835e88f,Loopt,,11,S05,,Mountain View,Active,https://github.com/lukaflpvc/YC-Vault/blob/1c86f32a981d479249496298f6bb746ff3c79efe/data/2025-04-21/YC_Companies.csv#L9,yc-vault:2025-04-21:YC_Companies.csv:row:9,2026-08-27T12:07:08+00:00
39677354-494a-5d47-a977-974ded868986,Infogami,,2,S05,,London,Active,https://github.com/lukaflpvc/YC-Vault/blob/1c86f32a981d479249496298f6bb746ff3c79efe/data/2025-04-21/YC_Companies.csv#L10,yc-vault:2025-04-21:YC_Companies.csv:row:10,2026-08-27T12:07:08+00:00
220cdd09-2558-5f0b-b4ab-d621fdf6de7f,Wufoo,,11,W06,saas,Tampa,Active,https://github.com/lukaflpvc/YC-Vault/blob/1c86f32a981d479249496298f6bb746ff3c79efe/data/2025-04-21/YC_Companies.csv#L13,yc-vault:2025-04-21:YC_Companies.csv:row:13,2026-08-27T12:07:08+00:00
759626c2-18f0-54d8-9251-1c14575bbb61,Project Wedding,,2,W06,,Bethesda MD,Active,https://github.com/lukaflpvc/YC-Vault/blob/1c86f32a981d479249496298f6bb746ff3c79efe/data/2025-04-21/YC_Companies.csv#L14,yc-vault:2025-04-21:YC_Companies.csv:row:14,2026-08-27T12:07:08+00:00
cbcad23e-f118-58d1-a2d4-0af95625e58f,Clustrix,,51,W06,,San Francisco,Active,https://github.com/lukaflpvc/YC-Vault/blob/1c86f32a981d479249496298f6bb746ff3c79efe/data/2025-04-21/YC_Companies.csv#L15,yc-vault:2025-04-21:YC_Companies.csv:row:15,2026-08-27T12:07:08+00:00
e0c0da1e-827d-59f7-ac7c-46390569f5dc,Inkling,,11,W06,,Chicago,Active,https://github.com/lukaflpvc/YC-Vault/blob/1c86f32a981d479249496298f6bb746ff3c79efe/data/2025-04-21/YC_Companies.csv#L16,yc-vault:2025-04-21:YC_Companies.csv:row:16,2026-08-27T12:07:08+00:00
0f8ed32c-baf6-5b68-96fe-40960820fa8c,Flagr,,2,W06,,NY,Active,https://github.com/lukaflpvc/YC-Vault/blob/1c86f32a981d479249496298f6bb746ff3c79efe/data/2025-04-21/YC_Companies.csv#L18,yc-vault:2025-04-21:YC_Companies.csv:row:18,2026-08-27T12:07:08+00:00
b715403a-9d7e-53de-9da5-129fd8b0a26f,Scribd,,300,S06,,San Francisco,Active,https://github.com/lukaflpvc/YC-Vault/blob/1c86f32a981d479249496298f6bb746ff3c79efe/data/2025-04-21/YC_Companies.csv#L21,yc-vault:2025-04-21:YC_Companies.csv:row:21,2026-08-27T12:07:08+00:00
c23a2311-ac71-5f9b-be83-4e1dfe3c3681,Xobni,,11,S06,,San Francisco,Active,https://github.com/lukaflpvc/YC-Vault/blob/1c86f32a981d479249496298f6bb746ff3c79efe/data/2025-04-21/YC_Companies.csv#L22,yc-vault:2025-04-21:YC_Companies.csv:row:22,2026-08-27T12:07:08+00:00
26ae61d8-2749-59eb-976b-992f911d350b,Jumpchat,,2,S06,,Palo Alto,Active,https://github.com/lukaflpvc/YC-Vault/blob/1c86f32a981d479249496298f6bb746ff3c79efe/data/2025-04-21/YC_Companies.csv#L23,yc-vault:2025-04-21:YC_Companies.csv:row:23,2026-08-27T12:07:08+00:00
cc215d8e-65dc-52e2-a2be-1ff8ae083b45,Likebetter,,2,S06,,Cambridge MA,Active,https://github.com/lukaflpvc/YC-Vault/blob/1c86f32a981d479249496298f6bb746ff3c79efe/data/2025-04-21/YC_Companies.csv#L24,yc-vault:2025-04-21:YC_Companies.csv:row:24,2026-08-27T12:07:08+00:00
b95ffdf6-a431-5cee-a309-b7934b030850,Shoutfit,,3,S06,fashion,San Francisco,Active,https://github.com/lukaflpvc/YC-Vault/blob/1c86f32a981d479249496298f6bb746ff3c79efe/data/2025-04-21/YC_Companies.csv#L27,yc-vault:2025-04-21:YC_Companies.csv:row:27,2026-08-27T12:07:08+00:00
bfa69bf7-f91f-50a6-a57d-51ceff0fbede,Jamglue,,2,S06,"social-network,music,collaboration",Seattle,Active,https://github.com/lukaflpvc/YC-Vault/blob/1c86f32a981d479249496298f6bb746ff3c79efe/data/2025-04-21/YC_Companies.csv#L30,yc-vault:2025-04-21:YC_Companies.csv:row:30,2026-08-27T12:07:08+00:00
cee52a23-76c3-50fd-9cc3-1032cc4363ff,Machine Zone,,501,W08,gaming,Palo Alto,Active,https://github.com/lukaflpvc/YC-Vault/blob/1c86f32a981d479249496298f6bb746ff3c79efe/data/2025-04-21/YC_Companies.csv#L31,yc-vault:2025-04-21:YC_Companies.csv:row:31,2026-08-27T12:07:08+00:00
939ca5aa-f5b3-5ace-88d7-2b0021e4cb0a,Heroku,,300,W08,,San Francisco,Active,https://github.com/lukaflpvc/YC-Vault/blob/1c86f32a981d479249496298f6bb746ff3c79efe/data/2025-04-21/YC_Companies.csv#L32,yc-vault:2025-04-21:YC_Companies.csv:row:32,2026-08-27T12:07:08+00:00
c3a2aa15-97cb-5168-bc3e-f6f667ccaf4c,Ninite,,2,W08,devops,San Francisco,Active,https://github.com/lukaflpvc/YC-Vault/blob/1c86f32a981d479249496298f6bb746ff3c79efe/data/2025-04-21/YC_Companies.csv#L33,yc-vault:2025-04-21:YC_Companies.csv:row:33,2026-08-27T12:07:08+00:00
4de54154-45a1-5832-8dfe-833c4089fd92,RescueTime,,15,W08,saas,Seattle,Active,https://github.com/lukaflpvc/YC-Vault/blob/1c86f32a981d479249496298f6bb746ff3c79efe/data/2025-04-21/YC_Companies.csv#L34,yc-vault:2025-04-21:YC_Companies.csv:row:34,2026-08-27T12:07:08+00:00
1b0a3c95-8075-54b1-b367-6e88a2a25eee,A Thinking Ape,,75,W08,gaming,Vancouver,Active,https://github.com/lukaflpvc/YC-Vault/blob/1c86f32a981d479249496298f6bb746ff3c79efe/data/2025-04-21/YC_Companies.csv#L37,yc-vault:2025-04-21:YC_Companies.csv:row:37,2026-08-27T12:07:08+00:00
a14035c0-e90a-57f6-a093-4a2067f78e41,Joberator,,2,W08,,Los Angeles,Active,https://github.com/lukaflpvc/YC-Vault/blob/1c86f32a981d479249496298f6bb746ff3c79efe/data/2025-04-21/YC_Companies.csv#L39,yc-vault:2025-04-21:YC_Companies.csv:row:39,2026-08-27T12:07:08+00:00
044b51f0-3431-516e-89bf-2e769e70a622,Snaptalent,,2,W08,,San Francisco,Active,https://github.com/lukaflpvc/YC-Vault/blob/1c86f32a981d479249496298f6bb746ff3c79efe/data/2025-04-21/YC_Companies.csv#L41,yc-vault:2025-04-21:YC_Companies.csv:row:41,2026-08-27T12:07:08+00:00
ac374775-c668-5e8e-b71a-3d115e50daa7,YumDots,,2,W08,,San Francisco,Active,https://github.com/lukaflpvc/YC-Vault/blob/1c86f32a981d479249496298f6bb746ff3c79efe/data/2025-04-21/YC_Companies.csv#L42,yc-vault:2025-04-21:YC_Companies.csv:row:42,2026-08-27T12:07:08+00:00
f5d9d996-37e0-5f93-b9e3-915253d7c179,Deluux,,2,W08,,Atlanta GA,Active,https://github.com/lukaflpvc/YC-Vault/blob/1c86f32a981d479249496298f6bb746ff3c79efe/data/2025-04-21/YC_Companies.csv#L43,yc-vault:2025-04-21:YC_Companies.csv:row:43,2026-08-27T12:07:08+00:00
402dd65d-aa1f-5e0d-b3e1-f747b78a5da2,Kirkland North,,2,W08,,San Francisco,Active,https://github.com/lukaflpvc/YC-Vault/blob/1c86f32a981d479249496298f6bb746ff3c79efe/data/2025-04-21/YC_Companies.csv#L44,yc-vault:2025-04-21:YC_Companies.csv:row:44,2026-08-27T12:07:08+00:00
406364e7-6bb6-53a9-ae3e-798b73d13e02,Mixwit,,2,W08,music,,Active,https://github.com/lukaflpvc/YC-Vault/blob/1c86f32a981d479249496298f6bb746ff3c79efe/data/2025-04-21/YC_Companies.csv#L46,yc-vault:2025-04-21:YC_Companies.csv:row:46,2026-08-27T12:07:08+00:00
4bd05700-f131-5d02-bb56-1a59d430b050,Socialbrowse,,2,W08,,,Active,https://github.com/lukaflpvc/YC-Vault/blob/1c86f32a981d479249496298f6bb746ff3c79efe/data/2025-04-21/YC_Companies.csv#L47,yc-vault:2025-04-21:YC_Companies.csv:row:47,2026-08-27T12:07:08+00:00
d7329fd3-2681-5ac8-9836-c220c20661e1,Wundrbar,,2,W08,,San Francisco,Active,https://github.com/lukaflpvc/YC-Vault/blob/1c86f32a981d479249496298f6bb746ff3c79efe/data/2025-04-21/YC_Companies.csv#L48,yc-vault:2025-04-21:YC_Companies.csv:row:48,2026-08-27T12:07:08+00:00
c0d1e31c-12aa-58a6-b74f-d9577d795308,MightyQuiz,,2,W08,,San Francisco,Active,https://github.com/lukaflpvc/YC-Vault/blob/1c86f32a981d479249496298f6bb746ff3c79efe/data/2025-04-21/YC_Companies.csv#L50,yc-vault:2025-04-21:YC_Companies.csv:row:50,2026-08-27T12:07:08+00:00
751f167e-e963-5550-a301-5824186c731a,Trigger,,11,W08,,San Francisco,Active,https://github.com/lukaflpvc/YC-Vault/blob/1c86f32a981d479249496298f6bb746ff3c79efe/data/2025-04-21/YC_Companies.csv#L51,yc-vault:2025-04-21:YC_Companies.csv:row:51,2026-08-27T12:07:08+00:00
ef18d6e9-ff16-5b37-9742-3b8909b4befc,Poll Everywhere,,70,S08,,San Francisco,Active,https://github.com/lukaflpvc/YC-Vault/blob/1c86f32a981d479249496298f6bb746ff3c79efe/data/2025-04-21/YC_Companies.csv#L52,yc-vault:2025-04-21:YC_Companies.csv:row:52,2026-08-27T12:07:08+00:00
c3e2daaa-8251-504f-bab8-ce80dbd11e94,Posterous,,11,S08,,San Francisco,Active,https://github.com/lukaflpvc/YC-Vault/blob/1c86f32a981d479249496298f6bb746ff3c79efe/data/2025-04-21/YC_Companies.csv#L56,yc-vault:2025-04-21:YC_Companies.csv:row:56,2026-08-27T12:07:08+00:00
f45b0c5a-b8a2-54ab-acf9-8f0d1465657d,Slinkset,,2,S08,,San Francisco,Active,https://github.com/lukaflpvc/YC-Vault/blob/1c86f32a981d479249496298f6bb746ff3c79efe/data/2025-04-21/YC_Companies.csv#L57,yc-vault:2025-04-21:YC_Companies.csv:row:57,2026-08-27T12:07:08+00:00
9cc11730-3523-514a-8564-75cf5219aa98,Treehouse,,101,S08,Education Technology,Portland,Active,https://github.com/lukaflpvc/YC-Vault/blob/1c86f32a981d479249496298f6bb746ff3c79efe/data/2025-04-21/YC_Companies.csv#L58,yc-vault:2025-04-21:YC_Companies.csv:row:58,2026-08-27T12:07:08+00:00
76af666f-d665-5273-b83c-b290d8ba8e7c,Popcuts,,2,S08,"marketplace, e-commerce, music",Lucerne Valley CA,Active,https://github.com/lukaflpvc/YC-Vault/blob/1c86f32a981d479249496298f6bb746ff3c79efe/data/2025-04-21/YC_Companies.csv#L61,yc-vault:2025-04-21:YC_Companies.csv:row:61,2026-08-27T12:07:08+00:00
6b0698bc-aa2c-5773-9964-1c9a29cac9be,Snipd,,2,S08,Content sharing and curation,Palo Alto,Active,https://github.com/lukaflpvc/YC-Vault/blob/1c86f32a981d479249496298f6bb746ff3c79efe/data/2025-04-21/YC_Companies.csv#L62,yc-vault:2025-04-21:YC_Companies.csv:row:62,2026-08-27T12:07:08+00:00
dc837b05-be29-546a-b88c-d291ba30944c,Ticket Stumbler,,2,S08,,Boston,Active,https://github.com/lukaflpvc/YC-Vault/blob/1c86f32a981d479249496298f6bb746ff3c79efe/data/2025-04-21/YC_Companies.csv#L63,yc-vault:2025-04-21:YC_Companies.csv:row:63,2026-08-27T12:07:08+00:00
2d910dec-ca3f-5819-bf5f-f8334da2f86c,Team Apart,,2,S08,,,Active,https://github.com/lukaflpvc/YC-Vault/blob/1c86f32a981d479249496298f6bb746ff3c79efe/data/2025-04-21/YC_Companies.csv#L65,yc-vault:2025-04-21:YC_Companies.csv:row:65,2026-08-27T12:07:08+00:00
e6eb6141-f20f-5dd5-9013-7102c1327775,Youlicit,,2,S08,,New York,Active,https://github.com/lukaflpvc/YC-Vault/blob/1c86f32a981d479249496298f6bb746ff3c79efe/data/2025-04-21/YC_Companies.csv#L66,yc-vault:2025-04-21:YC_Companies.csv:row:66,2026-08-27T12:07:08+00:00
cc8cff43-669b-5fbb-ae0e-cd4286a99813,Picwing,,11,S08,,San Francisco,Active,https://github.com/lukaflpvc/YC-Vault/blob/1c86f32a981d479249496298f6bb746ff3c79efe/data/2025-04-21/YC_Companies.csv#L68,yc-vault:2025-04-21:YC_Companies.csv:row:68,2026-08-27T12:07:08+00:00
0dc7cc23-c188-5b16-923d-38fffd919790,Anyvite,,2,S08,,Columbia MD,Active,https://github.com/lukaflpvc/YC-Vault/blob/1c86f32a981d479249496298f6bb746ff3c79efe/data/2025-04-21/YC_Companies.csv#L70,yc-vault:2025-04-21:YC_Companies.csv:row:70,2026-08-27T12:07:08+00:00
366b73c6-eb9e-5f24-b2d9-6d322a976cf3,Frogmetrics,,2,S08,,NY,Active,https://github.com/lukaflpvc/YC-Vault/blob/1c86f32a981d479249496298f6bb746ff3c79efe/data/2025-04-21/YC_Companies.csv#L71,yc-vault:2025-04-21:YC_Companies.csv:row:71,2026-08-27T12:07:08+00:00
08a39070-494b-5aaf-9f4b-32ecb310c237,OhLife,,2,S08,Personal journaling,San Francisco,Active,https://github.com/lukaflpvc/YC-Vault/blob/1c86f32a981d479249496298f6bb746ff3c79efe/data/2025-04-21/YC_Companies.csv#L73,yc-vault:2025-04-21:YC_Companies.csv:row:73,2026-08-27T12:07:08+00:00
8579a279-9679-5447-809e-37c9b0621573,Airbnb,,6132,W09,,San Francisco,Active,https://github.com/lukaflpvc/YC-Vault/blob/1c86f32a981d479249496298f6bb746ff3c79efe/data/2025-04-21/YC_Companies.csv#L74,yc-vault:2025-04-21:YC_Companies.csv:row:74,2026-08-27T12:07:08+00:00
e8365a6a-0d04-5c93-b91f-d2f5391b0acb,Volantio,,19,W09,airlines,Atlanta,Active,https://github.com/lukaflpvc/YC-Vault/blob/1c86f32a981d479249496298f6bb746ff3c79efe/data/2025-04-21/YC_Companies.csv#L75,yc-vault:2025-04-21:YC_Companies.csv:row:75,2026-08-27T12:07:08+00:00
8a983ec7-3883-55a6-a477-9c2e7c3eee91,Cloudkick,,11,W09,,San Francisco,Active,https://github.com/lukaflpvc/YC-Vault/blob/1c86f32a981d479249496298f6bb746ff3c79efe/data/2025-04-21/YC_Companies.csv#L76,yc-vault:2025-04-21:YC_Companies.csv:row:76,2026-08-27T12:07:08+00:00
59e01474-89ae-5d78-b1dd-38424c77b3aa,Divvyshot,,2,W09,,San Francisco,Active,https://github.com/lukaflpvc/YC-Vault/blob/1c86f32a981d479249496298f6bb746ff3c79efe/data/2025-04-21/YC_Companies.csv#L79,yc-vault:2025-04-21:YC_Companies.csv:row:79,2026-08-27T12:07:08+00:00
e6b9e329-b280-55a9-980e-8d90e667621d,PetaSales,,2,W09,,San Francisco,Active,https://github.com/lukaflpvc/YC-Vault/blob/1c86f32a981d479249496298f6bb746ff3c79efe/data/2025-04-21/YC_Companies.csv#L81,yc-vault:2025-04-21:YC_Companies.csv:row:81,2026-08-27T12:07:08+00:00
103bbc46-17f9-5c7e-a7e7-9a3864a0d730,Voxli,,2,W09,,CA,Active,https://github.com/lukaflpvc/YC-Vault/blob/1c86f32a981d479249496298f6bb746ff3c79efe/data/2025-04-21/YC_Companies.csv#L82,yc-vault:2025-04-21:YC_Companies.csv:row:82,2026-08-27T12:07:08+00:00
c3a23d75-11e2-5c4b-a620-f33d3d5fd7c9,Picurio,,2,W09,,Mountain View,Active,https://github.com/lukaflpvc/YC-Vault/blob/1c86f32a981d479249496298f6bb746ff3c79efe/data/2025-04-21/YC_Companies.csv#L84,yc-vault:2025-04-21:YC_Companies.csv:row:84,2026-08-27T12:07:08+00:00
058ec88d-da63-508f-b717-9a903bb58935,Foodoro,,11,W09,Food & Beverage,San Francisco,Active,https://github.com/lukaflpvc/YC-Vault/blob/1c86f32a981d479249496298f6bb746ff3c79efe/data/2025-04-21/YC_Companies.csv#L86,yc-vault:2025-04-21:YC_Companies.csv:row:86,2026-08-27T12:07:08+00:00
0bec4c9e-ed81-5e57-b9b3-4ed83a5c9ea1,Skysheet,,2,W09,productivity,,Active,https://github.com/lukaflpvc/YC-Vault/blob/1c86f32a981d479249496298f6bb746ff3c79efe/data/2025-04-21/YC_Companies.csv#L88,yc-vault:2025-04-21:YC_Companies.csv:row:88,2026-08-27T12:07:08+00:00
90832a8b-f070-5bff-b037-2aea6523f5af,WePay,,400,S09,fintech,Redwood City,Active,https://github.com/lukaflpvc/YC-Vault/blob/1c86f32a981d479249496298f6bb746ff3c79efe/data/2025-04-21/YC_Companies.csv#L90,yc-vault:2025-04-21:YC_Companies.csv:row:90,2026-08-27T12:07:08+00:00
1ea8f16e-2d3e-5b17-9d9b-9f5fbce0d92e,Mixpanel,,410,S09,,San Francisco,Active,https://github.com/lukaflpvc/YC-Vault/blob/1c86f32a981d479249496298f6bb746ff3c79efe/data/2025-04-21/YC_Companies.csv#L91,yc-vault:2025-04-21:YC_Companies.csv:row:91,2026-08-27T12:07:08+00:00
c005186e-d56a-5d76-ab06-bf07183e41e1,Stripe,,7000,S09,"banking-as-a-service, fintech, saas",San Francisco,Active,https://github.com/lukaflpvc/YC-Vault/blob/1c86f32a981d479249496298f6bb746ff3c79efe/data/2025-04-21/YC_Companies.csv#L92,yc-vault:2025-04-21:YC_Companies.csv:row:92,2026-08-27T12:07:08+00:00
c6c60956-b370-5526-835c-129655c0c4d7,Lingt,,2,S09,education,San Francisco,Active,https://github.com/lukaflpvc/YC-Vault/blob/1c86f32a981d479249496298f6bb746ff3c79efe/data/2025-04-21/YC_Companies.csv#L93,yc-vault:2025-04-21:YC_Companies.csv:row:93,2026-08-27T12:07:08+00:00
1a29ac32-fda2-5211-b2bc-64bdbd0abc70,RentHop,,9,S09,"marketplace, real-estate",New York,Active,https://github.com/lukaflpvc/YC-Vault/blob/1c86f32a981d479249496298f6bb746ff3c79efe/data/2025-04-21/YC_Companies.csv#L94,yc-vault:2025-04-21:YC_Companies.csv:row:94,2026-08-27T12:07:08+00:00
35d39fbb-8378-5221-b503-cc1793d5086b,Olark,,28,S09,customer-service,Ann Arbor,Active,https://github.com/lukaflpvc/YC-Vault/blob/1c86f32a981d479249496298f6bb746ff3c79efe/data/2025-04-21/YC_Companies.csv#L95,yc-vault:2025-04-21:YC_Companies.csv:row:95,2026-08-27T12:07:08+00:00
fd549392-e476-5deb-8e25-a8222dca8d73,Directed Edge,,2,S09,"artificial-intelligence, machine-learning, recommendation-system",San Francisco,Active,https://github.com/lukaflpvc/YC-Vault/blob/1c86f32a981d479249496298f6bb746ff3c79efe/data/2025-04-21/YC_Companies.csv#L96,yc-vault:2025-04-21:YC_Companies.csv:row:96,2026-08-27T12:07:08+00:00
22151586-bde1-5bff-b8f1-b733caabc7ad,Listia,,6,S09,,Santa Clara,Active,https://github.com/lukaflpvc/YC-Vault/blob/1c86f32a981d479249496298f6bb746ff3c79efe/data/2025-04-21/YC_Companies.csv#L97,yc-vault:2025-04-21:YC_Companies.csv:row:97,2026-08-27T12:07:08+00:00
304e78c4-2ca3-50f4-9acb-7d3bfc0e95c6,Flightcaster,,2,S09,,San Francisco,Active,https://github.com/lukaflpvc/YC-Vault/blob/1c86f32a981d479249496298f6bb746ff3c79efe/data/2025-04-21/YC_Companies.csv#L98,yc-vault:2025-04-21:YC_Companies.csv:row:98,2026-08-27T12:07:08+00:00
23239ae3-66d3-5f77-b753-7f1e3d5bb14f,GraffitiGeo,,2,S09,Mobile apps and local reviews,Palo Alto,Active,https://github.com/lukaflpvc/YC-Vault/blob/1c86f32a981d479249496298f6bb746ff3c79efe/data/2025-04-21/YC_Companies.csv#L99,yc-vault:2025-04-21:YC_Companies.csv:row:99,2026-08-27T12:07:08+00:00
0438054a-db25-5ead-af83-27ddf0b00fd4,Lockitron,,11,S09,,Palo Alto,Active,https://github.com/lukaflpvc/YC-Vault/blob/1c86f32a981d479249496298f6bb746ff3c79efe/data/2025-04-21/YC_Companies.csv#L100,yc-vault:2025-04-21:YC_Companies.csv:row:100,2026-08-27T12:07:08+00:00
322c206b-ef6a-5175-9bcc-c9ea8f073d76,RethinkDB,,11,S09,open-source,San Francisco,Active,https://github.com/lukaflpvc/YC-Vault/blob/1c86f32a981d479249496298f6bb746ff3c79efe/data/2025-04-21/YC_Companies.csv#L101,yc-vault:2025-04-21:YC_Companies.csv:row:101,2026-08-27T12:07:08+00:00
5be2569f-d336-5859-ba04-8b3c03309820,Bump,,30,S09,,Mountain View,Active,https://github.com/lukaflpvc/YC-Vault/blob/1c86f32a981d479249496298f6bb746ff3c79efe/data/2025-04-21/YC_Companies.csv#L102,yc-vault:2025-04-21:YC_Companies.csv:row:102,2026-08-27T12:07:08+00:00
a5eef054-7858-5cda-ba30-5d0bee0d3fb6,DailyBooth,,2,S09,,San Francisco,Active,https://github.com/lukaflpvc/YC-Vault/blob/1c86f32a981d479249496298f6bb746ff3c79efe/data/2025-04-21/YC_Companies.csv#L103,yc-vault:2025-04-21:YC_Companies.csv:row:103,2026-08-27T12:07:08+00:00
89b5dceb-48a5-53f1-bb02-deb45b0da6f1,Instantq,,2,S09,,San Francisco,Active,https://github.com/lukaflpvc/YC-Vault/blob/1c86f32a981d479249496298f6bb746ff3c79efe/data/2025-04-21/YC_Companies.csv#L104,yc-vault:2025-04-21:YC_Companies.csv:row:104,2026-08-27T12:07:08+00:00
399e4e47-0371-5858-abc3-14106fd270fe,Wakemate,,2,S09,,San Francisco,Active,https://github.com/lukaflpvc/YC-Vault/blob/1c86f32a981d479249496298f6bb746ff3c79efe/data/2025-04-21/YC_Companies.csv#L105,yc-vault:2025-04-21:YC_Companies.csv:row:105,2026-08-27T12:07:08+00:00
0be8ce67-ca4a-5624-bb8a-544979f9e80e,NudgePad,,2,S09,developer-tools,San Francisco,Active,https://github.com/lukaflpvc/YC-Vault/blob/1c86f32a981d479249496298f6bb746ff3c79efe/data/2025-04-21/YC_Companies.csv#L109,yc-vault:2025-04-21:YC_Companies.csv:row:109,2026-08-27T12:07:08+00:00
a8ed5308-6d2a-5525-9a41-38a503052163,Plurchase,,2,S09,,San Francisco,Active,https://github.com/lukaflpvc/YC-Vault/blob/1c86f32a981d479249496298f6bb746ff3c79efe/data/2025-04-21/YC_Companies.csv#L110,yc-vault:2025-04-21:YC_Companies.csv:row:110,2026-08-27T12:07:08+00:00
9d458371-3ecb-5674-b9fe-94a156a23ab9,Fanchatter,,11,S09,,Minneapolis,Active,https://github.com/lukaflpvc/YC-Vault/blob/1c86f32a981d479249496298f6bb746ff3c79efe/data/2025-04-21/YC_Companies.csv#L111,yc-vault:2025-04-21:YC_Companies.csv:row:111,2026-08-27T12:07:08+00:00
118f8f59-6df4-51b6-a883-dcd8e5f2bb81,SSovereign,,2,S09,psychedelics,,Active,https://github.com/lukaflpvc/YC-Vault/blob/1c86f32a981d479249496298f6bb746ff3c79efe/data/2025-04-21/YC_Companies.csv#L112,yc-vault:2025-04-21:YC_Companies.csv:row:112,2026-08-27T12:07:08+00:00
d1885a29-4f5e-5e1e-90ce-fe69485f538c,CarWoo,,11,S09,automotive,Burlingame,Active,https://github.com/lukaflpvc/YC-Vault/blob/1c86f32a981d479249496298f6bb746ff3c79efe/data/2025-04-21/YC_Companies.csv#L113,yc-vault:2025-04-21:YC_Companies.csv:row:113,2026-08-27T12:07:08+00:00
659f7607-85e9-5238-aa95-b80290d59881,Jobspice,,11,S09,,San Francisco,Active,https://github.com/lukaflpvc/YC-Vault/blob/1c86f32a981d479249496298f6bb746ff3c79efe/data/2025-04-21/YC_Companies.csv#L114,yc-vault:2025-04-21:YC_Companies.csv:row:114,2026-08-27T12:07:08+00:00
4d4d3f92-31f4-528e-8be0-e224001c6efa,HighlightCam,,11,S09,,Mountain View,Active,https://github.com/lukaflpvc/YC-Vault/blob/1c86f32a981d479249496298f6bb746ff3c79efe/data/2025-04-21/YC_Companies.csv#L115,yc-vault:2025-04-21:YC_Companies.csv:row:115,2026-08-27T12:07:08+00:00
329924a2-9ab6-5aea-a0a0-fa4be441543d,Optimizely,,1500,W10,marketing,San Francisco,Active,https://github.com/lukaflpvc/YC-Vault/blob/1c86f32a981d479249496298f6bb746ff3c79efe/data/2025-04-21/YC_Companies.csv#L116,yc-vault:2025-04-21:YC_Companies.csv:row:116,2026-08-27T12:07:08+00:00
82ebc59e-5a1b-5941-bb64-e42fab0672b2,OwnLocal,,45,W10,marketing,Austin,Active,https://github.com/lukaflpvc/YC-Vault/blob/1c86f32a981d479249496298f6bb746ff3c79efe/data/2025-04-21/YC_Companies.csv#L117,yc-vault:2025-04-21:YC_Companies.csv:row:117,2026-08-27T12:07:08+00:00
992c37bc-ff67-5573-8b87-18f3f72c21f2,Movity,,2,W10,"real-estate,data-visualization",San Francisco,Active,https://github.com/lukaflpvc/YC-Vault/blob/1c86f32a981d479249496298f6bb746ff3c79efe/data/2025-04-21/YC_Companies.csv#L119,yc-vault:2025-04-21:YC_Companies.csv:row:119,2026-08-27T12:07:08+00:00
89104c47-d993-580b-b2b0-c9ee5afbd39c,Cardpool,,251,W10,,San Francisco,Active,https://github.com/lukaflpvc/YC-Vault/blob/1c86f32a981d479249496298f6bb746ff3c79efe/data/2025-04-21/YC_Companies.csv#L120,yc-vault:2025-04-21:YC_Companies.csv:row:120,2026-08-27T12:07:08+00:00
0379c217-99e1-5443-8388-a802a08eed53,Cue,,11,W10,,San Francisco,Active,https://github.com/lukaflpvc/YC-Vault/blob/1c86f32a981d479249496298f6bb746ff3c79efe/data/2025-04-21/YC_Companies.csv#L121,yc-vault:2025-04-21:YC_Companies.csv:row:121,2026-08-27T12:07:08+00:00
a667dfb6-3c6a-55b8-b42e-b5c08b9fbe92,Zencoder,,11,W10,"Video Encoding API, Open source video player (video.js)",San Francisco,Active,https://github.com/lukaflpvc/YC-Vault/blob/1c86f32a981d479249496298f6bb746ff3c79efe/data/2025-04-21/YC_Companies.csv#L122,yc-vault:2025-04-21:YC_Companies.csv:row:122,2026-08-27T12:07:08+00:00
3d2bfbf2-0a4a-52d1-9e06-d72ee5e61916,Embedly,,2,W10,,Boston,Active,https://github.com/lukaflpvc/YC-Vault/blob/1c86f32a981d479249496298f6bb746ff3c79efe/data/2025-04-21/YC_Companies.csv#L125,yc-vault:2025-04-21:YC_Companies.csv:row:125,2026-08-27T12:07:08+00:00
9ccf104f-3cfa-5b8f-b3f9-0e523afeee2e,140Fire,,15,W10,video,Santa Monica,Active,https://github.com/lukaflpvc/YC-Vault/blob/1c86f32a981d479249496298f6bb746ff3c79efe/data/2025-04-21/YC_Companies.csv#L128,yc-vault:2025-04-21:YC_Companies.csv:row:128,2026-08-27T12:07:08+00:00
5851257e-997d-5de4-8ad6-d2be29413884,500Friends,,51,W10,marketing,San Francisco,Active,https://github.com/lukaflpvc/YC-Vault/blob/1c86f32a981d479249496298f6bb746ff3c79efe/data/2025-04-21/YC_Companies.csv#L129,yc-vault:2025-04-21:YC_Companies.csv:row:129,2026-08-27T12:07:08+00:00
1bb17ea0-4da7-5912-b932-64750efffa94,Mertado,,1,W10,,Redwood City,Active,https://github.com/lukaflpvc/YC-Vault/blob/1c86f32a981d479249496298f6bb746ff3c79efe/data/2025-04-21/YC_Companies.csv#L130,yc-vault:2025-04-21:YC_Companies.csv:row:130,2026-08-27T12:07:08+00:00
d6e099f2-a740-5f3c-bcb6-d2b0a5ed0c4d,Notifo,,2,W10,,San Francisco,Active,https://github.com/lukaflpvc/YC-Vault/blob/1c86f32a981d479249496298f6bb746ff3c79efe/data/2025-04-21/YC_Companies.csv#L132,yc-vault:2025-04-21:YC_Companies.csv:row:132,2026-08-27T12:07:08+00:00
31e565f5-02be-5896-b29c-94a907e5a6d0,Infoharmoni,,2,W10,,San Francisco,Active,https://github.com/lukaflpvc/YC-Vault/blob/1c86f32a981d479249496298f6bb746ff3c79efe/data/2025-04-21/YC_Companies.csv#L133,yc-vault:2025-04-21:YC_Companies.csv:row:133,2026-08-27T12:07:08+00:00
2b0c75d4-e339-5077-af7a-3105acce4d2d,Newcope,,2,W10,Virtual goods commerce,Mountain View,Active,https://github.com/lukaflpvc/YC-Vault/blob/1c86f32a981d479249496298f6bb746ff3c79efe/data/2025-04-21/YC_Companies.csv#L134,yc-vault:2025-04-21:YC_Companies.csv:row:134,2026-08-27T12:07:08+00:00
bc5ca1d1-cd09-544d-8adc-601aa92f101a,Newslabs,,2,W10,,Dublin,Active,https://github.com/lukaflpvc/YC-Vault/blob/1c86f32a981d479249496298f6bb746ff3c79efe/data/2025-04-21/YC_Companies.csv#L135,yc-vault:2025-04-21:YC_Companies.csv:row:135,2026-08-27T12:07:08+00:00
dbdb3e64-b106-5ae2-9119-2e5c731b1b57,Data Marketplace,,2,W10,,San Francisco,Active,https://github.com/lukaflpvc/YC-Vault/blob/1c86f32a981d479249496298f6bb746ff3c79efe/data/2025-04-21/YC_Companies.csv#L136,yc-vault:2025-04-21:YC_Companies.csv:row:136,2026-08-27T12:07:08+00:00
3652d4a0-7da9-5c00-8d71-4eead306f564,Gamador,,2,W10,,San Francisco,Active,https://github.com/lukaflpvc/YC-Vault/blob/1c86f32a981d479249496298f6bb746ff3c79efe/data/2025-04-21/YC_Companies.csv#L138,yc-vault:2025-04-21:YC_Companies.csv:row:138,2026-08-27T12:07:08+00:00
a16970a2-9da0-50d2-9427-3d5248f0e0e1,Zenedy,,2,W10,,San Francisco,Active,https://github.com/lukaflpvc/YC-Vault/blob/1c86f32a981d479249496298f6bb746ff3c79efe/data/2025-04-21/YC_Companies.csv#L139,yc-vault:2025-04-21:YC_Companies.csv:row:139,2026-08-27T12:07:08+00:00
2e432947-3186-5636-9e67-7b1a247b76f4,Answerly,,11,W10,,San Francisco,Active,https://github.com/lukaflpvc/YC-Vault/blob/1c86f32a981d479249496298f6bb746ff3c79efe/data/2025-04-21/YC_Companies.csv#L140,yc-vault:2025-04-21:YC_Companies.csv:row:140,2026-08-27T12:07:08+00:00
b02779da-bfdd-5df6-a1d7-2af560c1c7f0,LaunchHear,,2,W10,,San Francisco,Active,https://github.com/lukaflpvc/YC-Vault/blob/1c86f32a981d479249496298f6bb746ff3c79efe/data/2025-04-21/YC_Companies.csv#L141,yc-vault:2025-04-21:YC_Companies.csv:row:141,2026-08-27T12:07:08+00:00
337de03e-1943-548e-ad23-2f6bb89d19e8,Fabricly,,2,W10,"Apparel sourcing, clothing manufacturing, sourcing marketplace",New York,Active,https://github.com/lukaflpvc/YC-Vault/blob/1c86f32a981d479249496298f6bb746ff3c79efe/data/2025-04-21/YC_Companies.csv#L142,yc-vault:2025-04-21:YC_Companies.csv:row:142,2026-08-27T12:07:08+00:00
9a8daede-88b0-5f10-8821-4fab4cdd1eb1,PagerDuty,,950,S10,"devops, monitoring",San Francisco,Active,https://github.com/lukaflpvc/YC-Vault/blob/1c86f32a981d479249496298f6bb746ff3c79efe/data/2025-04-21/YC_Companies.csv#L143,yc-vault:2025-04-21:YC_Companies.csv:row:143,2026-08-27T12:07:08+00:00
bb1e97bb-b914-56b1-9be6-2376a2ad33bb,Presto,,200,S10,"food-service-robots-&-machines, restaurant-tech",San Carlos,Active,https://github.com/lukaflpvc/YC-Vault/blob/1c86f32a981d479249496298f6bb746ff3c79efe/data/2025-04-21/YC_Companies.csv#L144,yc-vault:2025-04-21:YC_Companies.csv:row:144,2026-08-27T12:07:08+00:00
209a733e-fede-508c-b2ed-acf30de4fc5a,FutureAdvisor,,51,S10,fintech,San Francisco,Active,https://github.com/lukaflpvc/YC-Vault/blob/1c86f32a981d479249496298f6bb746ff3c79efe/data/2025-04-21/YC_Companies.csv#L145,yc-vault:2025-04-21:YC_Companies.csv:row:145,2026-08-27T12:07:08+00:00
6ddde59e-7f13-5841-978b-38b0bebb9c70,WorkFlowy,,4,S10,"productivity,note-taking",San Francisco,Active,https://github.com/lukaflpvc/YC-Vault/blob/1c86f32a981d479249496298f6bb746ff3c79efe/data/2025-04-21/YC_Companies.csv#L146,yc-vault:2025-04-21:YC_Companies.csv:row:146,2026-08-27T12:07:08+00:00
6ba85623-79b3-558b-9d8b-88d9d22c3b67,inDinero,,250,S10,"finops, analytics",Los Angeles,Active,https://github.com/lukaflpvc/YC-Vault/blob/1c86f32a981d479249496298f6bb746ff3c79efe/data/2025-04-21/YC_Companies.csv#L147,yc-vault:2025-04-21:YC_Companies.csv:row:147,2026-08-27T12:07:08+00:00
5f565953-fc7d-585f-b982-228a25c56f36,Docker,,201,S10,"open-source, devops, enterprise software",San Francisco,Active,https://github.com/lukaflpvc/YC-Vault/blob/1c86f32a981d479249496298f6bb746ff3c79efe/data/2025-04-21/YC_Companies.csv#L148,yc-vault:2025-04-21:YC_Companies.csv:row:148,2026-08-27T12:07:08+00:00
c1c73bbe-1f77-53f9-a79e-ed509716f82a,AnyList,,3,S10,"e-commerce, food-&-beverage",Missoula,Active,https://github.com/lukaflpvc/YC-Vault/blob/1c86f32a981d479249496298f6bb746ff3c79efe/data/2025-04-21/YC_Companies.csv#L149,yc-vault:2025-04-21:YC_Companies.csv:row:149,2026-08-27T12:07:08+00:00
8482875c-2285-50e2-8ef4-67667f1977c8,DemandSphere,,40,S10,"seo, marketing",Columbus,Active,https://github.com/lukaflpvc/YC-Vault/blob/1c86f32a981d479249496298f6bb746ff3c79efe/data/2025-04-21/YC_Companies.csv#L150,yc-vault:2025-04-21:YC_Companies.csv:row:150,2026-08-27T12:07:08+00:00
82c41beb-5d31-5c5d-8f9d-a2bed22323b2,Recurse Center,,7,S10,"education, community, recruiting",New York,Active,https://github.com/lukaflpvc/YC-Vault/blob/1c86f32a981d479249496298f6bb746ff3c79efe/data/2025-04-21/YC_Companies.csv#L151,yc-vault:2025-04-21:YC_Companies.csv:row:151,2026-08-27T12:07:08+00:00
515c9116-271e-55e0-85aa-0a871d1a1953,Whereoscope,,2,S10,,Mountain View,Active,https://github.com/lukaflpvc/YC-Vault/blob/1c86f32a981d479249496298f6bb746ff3c79efe/data/2025-04-21/YC_Companies.csv#L153,yc-vault:2025-04-21:YC_Companies.csv:row:153,2026-08-27T12:07:08+00:00
93fb8d55-043f-5d8f-bf73-94d2e0fe5b33,Tapzilla,,2,S10,,,Active,https://github.com/lukaflpvc/YC-Vault/blob/1c86f32a981d479249496298f6bb746ff3c79efe/data/2025-04-21/YC_Companies.csv#L154,yc-vault:2025-04-21:YC_Companies.csv:row:154,2026-08-27T12:07:08+00:00
b5f233a5-169e-5338-a4a5-a9a9eac8567f,Fridge,,2,S10,social-network,San Francisco,Active,https://github.com/lukaflpvc/YC-Vault/blob/1c86f32a981d479249496298f6bb746ff3c79efe/data/2025-04-21/YC_Companies.csv#L155,yc-vault:2025-04-21:YC_Companies.csv:row:155,2026-08-27T12:07:08+00:00
ada37ef8-c3cb-5bdd-a997-d7f44797384b,Fanvibe,,2,S10,,San Francisco,Active,https://github.com/lukaflpvc/YC-Vault/blob/1c86f32a981d479249496298f6bb746ff3c79efe/data/2025-04-21/YC_Companies.csv#L156,yc-vault:2025-04-21:YC_Companies.csv:row:156,2026-08-27T12:07:08+00:00
14fd9f75-6fc5-5dd9-a45d-16e7988d7f67,Leftronic,,11,S10,Business dashboards,San Francisco,Active,https://github.com/lukaflpvc/YC-Vault/blob/1c86f32a981d479249496298f6bb746ff3c79efe/data/2025-04-21/YC_Companies.csv#L157,yc-vault:2025-04-21:YC_Companies.csv:row:157,2026-08-27T12:07:08+00:00
00936f27-e0e0-5287-994f-38289f1ce9bc,GazeHawk,,2,S10,computer-vision,Mountain View,Active,https://github.com/lukaflpvc/YC-Vault/blob/1c86f32a981d479249496298f6bb746ff3c79efe/data/2025-04-21/YC_Companies.csv#L158,yc-vault:2025-04-21:YC_Companies.csv:row:158,2026-08-27T12:07:08+00:00
57c823f8-265e-5f0d-8400-934214caad14,1000Memories,,2,S10,Memorial sites,San Francisco,Active,https://github.com/lukaflpvc/YC-Vault/blob/1c86f32a981d479249496298f6bb746ff3c79efe/data/2025-04-21/YC_Companies.csv#L159,yc-vault:2025-04-21:YC_Companies.csv:row:159,2026-08-27T12:07:08+00:00
df7d5df7-c225-541e-a197-a2250979677e,Homejoy,,201,S10,,San Francisco,Active,https://github.com/lukaflpvc/YC-Vault/blob/1c86f32a981d479249496298f6bb746ff3c79efe/data/2025-04-21/YC_Companies.csv#L160,yc-vault:2025-04-21:YC_Companies.csv:row:160,2026-08-27T12:07:08+00:00
08621934-e9f3-5c28-9403-aeb0eb927176,PadMapper,,2,S10,real-estate,San Francisco,Active,https://github.com/lukaflpvc/YC-Vault/blob/1c86f32a981d479249496298f6bb746ff3c79efe/data/2025-04-21/YC_Companies.csv#L161,yc-vault:2025-04-21:YC_Companies.csv:row:161,2026-08-27T12:07:08+00:00
b1c27816-066e-55e7-828f-e997106e8eca,AeroFS,,40,S10,"collaboration, security, enterprise",Palo Alto,Active,https://github.com/lukaflpvc/YC-Vault/blob/1c86f32a981d479249496298f6bb746ff3c79efe/data/2025-04-21/YC_Companies.csv#L162,yc-vault:2025-04-21:YC_Companies.csv:row:162,2026-08-27T12:07:08+00:00
ad67b505-3e95-5f18-9246-59496e5fe823,Simperium,,2,S10,,San Francisco,Active,https://github.com/lukaflpvc/YC-Vault/blob/1c86f32a981d479249496298f6bb746ff3c79efe/data/2025-04-21/YC_Companies.csv#L163,yc-vault:2025-04-21:YC_Companies.csv:row:163,2026-08-27T12:07:08+00:00
53486585-2dc2-5fe8-a93c-c713544f52b3,Rapportive,,2,S10,productivity,San Francisco,Active,https://github.com/lukaflpvc/YC-Vault/blob/1c86f32a981d479249496298f6bb746ff3c79efe/data/2025-04-21/YC_Companies.csv#L164,yc-vault:2025-04-21:YC_Companies.csv:row:164,2026-08-27T12:07:08+00:00
996b0a36-c4ee-50c3-a4fd-8056d4e68b4c,Hipmunk,,51,S10,travel,San Francisco,Active,https://github.com/lukaflpvc/YC-Vault/blob/1c86f32a981d479249496298f6bb746ff3c79efe/data/2025-04-21/YC_Companies.csv#L165,yc-vault:2025-04-21:YC_Companies.csv:row:165,2026-08-27T12:07:08+00:00
780256fd-1691-59d6-afde-b611cc989175,Chartio,,40,S10,analytics,San Francisco,Active,https://github.com/lukaflpvc/YC-Vault/blob/1c86f32a981d479249496298f6bb746ff3c79efe/data/2025-04-21/YC_Companies.csv#L166,yc-vault:2025-04-21:YC_Companies.csv:row:166,2026-08-27T12:07:08+00:00
73a96a37-3d40-5e49-b953-7bcf4e87bff3,Koduco,,2,S10,gaming,San Francisco,Active,https://github.com/lukaflpvc/YC-Vault/blob/1c86f32a981d479249496298f6bb746ff3c79efe/data/2025-04-21/YC_Companies.csv#L167,yc-vault:2025-04-21:YC_Companies.csv:row:167,2026-08-27T12:07:08+00:00
7e924db5-e622-59ed-8047-3601cd97f6f4,MessageParty,,1,S10,"messaging, social",New York,Active,https://github.com/lukaflpvc/YC-Vault/blob/1c86f32a981d479249496298f6bb746ff3c79efe/data/2025-04-21/YC_Companies.csv#L169,yc-vault:2025-04-21:YC_Companies.csv:row:169,2026-08-27T12:07:08+00:00
0cd0ed17-cb7f-56c8-af81-a3aee77234b9,Upbeat,,2,S10,media,San Francisco,Active,https://github.com/lukaflpvc/YC-Vault/blob/1c86f32a981d479249496298f6bb746ff3c79efe/data/2025-04-21/YC_Companies.csv#L173,yc-vault:2025-04-21:YC_Companies.csv:row:173,2026-08-27T12:07:08+00:00
80d8f37c-49ec-5eed-be6b-c5159be47e18,Habit Labs,,2,S10,health-&-wellness,Seattle,Active,https://github.com/lukaflpvc/YC-Vault/blob/1c86f32a981d479249496298f6bb746ff3c79efe/data/2025-04-21/YC_Companies.csv#L176,yc-vault:2025-04-21:YC_Companies.csv:row:176,2026-08-27T12:07:08+00:00
9dac1b9d-5f18-5a2a-bd0b-cd617d599768,Chirply,,2,S10,,San Francisco,Active,https://github.com/lukaflpvc/YC-Vault/blob/1c86f32a981d479249496298f6bb746ff3c79efe/data/2025-04-21/YC_Companies.csv#L177,yc-vault:2025-04-21:YC_Companies.csv:row:177,2026-08-27T12:07:08+00:00
8ff6d503-8be2-5238-b773-a91c2c998bf0,Teevox,,11,S10,,Cupertino,Active,https://github.com/lukaflpvc/YC-Vault/blob/1c86f32a981d479249496298f6bb746ff3c79efe/data/2025-04-21/YC_Companies.csv#L178,yc-vault:2025-04-21:YC_Companies.csv:row:178,2026-08-27T12:07:08+00:00
cd559eeb-d699-5242-ab3c-7feaba77715f,Fivestars,,201,W11,"fintech, marketplace",San Francisco,Active,https://github.com/lukaflpvc/YC-Vault/blob/1c86f32a981d479249496298f6bb746ff3c79efe/data/2025-04-21/YC_Companies.csv#L179,yc-vault:2025-04-21:YC_Companies.csv:row:179,2026-08-27T12:07:08+00:00
35237c9f-4914-5840-84c1-381db6a73c10,GOAT Group,,1600,W11,,Los Angeles,Active,https://github.com/lukaflpvc/YC-Vault/blob/1c86f32a981d479249496298f6bb746ff3c79efe/data/2025-04-21/YC_Companies.csv#L180,yc-vault:2025-04-21:YC_Companies.csv:row:180,2026-08-27T12:07:08+00:00
4a2646ea-8059-5768-8bc0-0af58ea67501,HelloSign,,100,W11,"saas, enterprise-software",San Francisco,Active,https://github.com/lukaflpvc/YC-Vault/blob/1c86f32a981d479249496298f6bb746ff3c79efe/data/2025-04-21/YC_Companies.csv#L181,yc-vault:2025-04-21:YC_Companies.csv:row:181,2026-08-27T12:07:08+00:00
a8f67894-e93c-59dd-af59-84eb0e4f7a2a,DrChrono,,150,W11,"healthcare, telemedicine, api",CA,Active,https://github.com/lukaflpvc/YC-Vault/blob/1c86f32a981d479249496298f6bb746ff3c79efe/data/2025-04-21/YC_Companies.csv#L182,yc-vault:2025-04-21:YC_Companies.csv:row:182,2026-08-27T12:07:08+00:00
b0e8af01-0b8e-5873-9d1b-30c29fdd93dd,Storyworth,,13,W11,"saas, e-commerce",Kailua,Active,https://github.com/lukaflpvc/YC-Vault/blob/1c86f32a981d479249496298f6bb746ff3c79efe/data/2025-04-21/YC_Companies.csv#L183,yc-vault:2025-04-21:YC_Companies.csv:row:183,2026-08-27T12:07:08+00:00
fd876719-4215-56f4-b871-467d77292e5e,Zerocater,,140,W11,food-tech,San Francisco,Active,https://github.com/lukaflpvc/YC-Vault/blob/1c86f32a981d479249496298f6bb746ff3c79efe/data/2025-04-21/YC_Companies.csv#L184,yc-vault:2025-04-21:YC_Companies.csv:row:184,2026-08-27T12:07:08+00:00
e4d5f2ea-7b8b-5b34-8906-ad10e4c69574,Mino Games,,11,W11,gaming,Montreal,Active,https://github.com/lukaflpvc/YC-Vault/blob/1c86f32a981d479249496298f6bb746ff3c79efe/data/2025-04-21/YC_Companies.csv#L185,yc-vault:2025-04-21:YC_Companies.csv:row:185,2026-08-27T12:07:08+00:00
0002fc34-9f01-5a5a-8ba8-77ccb081e7dc,Close,,20,W11,saas,,Active,https://github.com/lukaflpvc/YC-Vault/blob/1c86f32a981d479249496298f6bb746ff3c79efe/data/2025-04-21/YC_Companies.csv#L186,yc-vault:2025-04-21:YC_Companies.csv:row:186,2026-08-27T12:07:08+00:00
cf0c17b7-133e-59cd-b62c-da795b06fe52,Tremendous,,100,W11,fintech,,Active,https://github.com/lukaflpvc/YC-Vault/blob/1c86f32a981d479249496298f6bb746ff3c79efe/data/2025-04-21/YC_Companies.csv#L187,yc-vault:2025-04-21:YC_Companies.csv:row:187,2026-08-27T12:07:08+00:00
8dc6973e-32cf-532e-afff-fa435acd9b66,You Got Listings,,3,W11,"saas, real-estate",,Active,https://github.com/lukaflpvc/YC-Vault/blob/1c86f32a981d479249496298f6bb746ff3c79efe/data/2025-04-21/YC_Companies.csv#L188,yc-vault:2025-04-21:YC_Companies.csv:row:188,2026-08-27T12:07:08+00:00
2f000d64-02fe-5a4c-b35e-81fb37d98328,Instapainting,,2,W11,,San Francisco,Active,https://github.com/lukaflpvc/YC-Vault/blob/1c86f32a981d479249496298f6bb746ff3c79efe/data/2025-04-21/YC_Companies.csv#L189,yc-vault:2025-04-21:YC_Companies.csv:row:189,2026-08-27T12:07:08+00:00
ba635c0d-1a06-5bc1-88f6-21b3a7e77fd4,Tumult,,1,W11,"developer-tools, design-tools",San Francisco,Active,https://github.com/lukaflpvc/YC-Vault/blob/1c86f32a981d479249496298f6bb746ff3c79efe/data/2025-04-21/YC_Companies.csv#L191,yc-vault:2025-04-21:YC_Companies.csv:row:191,2026-08-27T12:07:08+00:00
ccfe6a26-5e52-5543-8860-848aef9e6819,Talkable,,76,W11,"e-commerce, referrals",San Francisco,Active,https://github.com/lukaflpvc/YC-Vault/blob/1c86f32a981d479249496298f6bb746ff3c79efe/data/2025-04-21/YC_Companies.csv#L192,yc-vault:2025-04-21:YC_Companies.csv:row:192,2026-08-27T12:07:08+00:00
8ece0945-98c6-5b22-94c7-3dba831e6276,SingleStore,,150,W11,,San Francisco,Active,https://github.com/lukaflpvc/YC-Vault/blob/1c86f32a981d479249496298f6bb746ff3c79efe/data/2025-04-21/YC_Companies.csv#L193,yc-vault:2025-04-21:YC_Companies.csv:row:193,2026-08-27T12:07:08+00:00
ad497335-b3db-5fa9-adab-7ed702839a1c,OrderAhead,,50,W11,,San Francisco,Active,https://github.com/lukaflpvc/YC-Vault/blob/1c86f32a981d479249496298f6bb746ff3c79efe/data/2025-04-21/YC_Companies.csv#L195,yc-vault:2025-04-21:YC_Companies.csv:row:195,2026-08-27T12:07:08+00:00
227e236f-c9e4-59dc-b773-ffa52991ab4c,Lanyrd,,2,W11,,London,Active,https://github.com/lukaflpvc/YC-Vault/blob/1c86f32a981d479249496298f6bb746ff3c79efe/data/2025-04-21/YC_Companies.csv#L196,yc-vault:2025-04-21:YC_Companies.csv:row:196,2026-08-27T12:07:08+00:00
0a6d6b91-2273-57fe-a7db-87e5fddb31b7,Mailgun,,51,W11,email API service,San Francisco,Active,https://github.com/lukaflpvc/YC-Vault/blob/1c86f32a981d479249496298f6bb746ff3c79efe/data/2025-04-21/YC_Companies.csv#L197,yc-vault:2025-04-21:YC_Companies.csv:row:197,2026-08-27T12:07:08+00:00
cf8b4a5f-ee5c-523b-8915-4a3342c0fef8,Apportable,,51,W11,iOS porting,San Francisco,Active,https://github.com/lukaflpvc/YC-Vault/blob/1c86f32a981d479249496298f6bb746ff3c79efe/data/2025-04-21/YC_Companies.csv#L198,yc-vault:2025-04-21:YC_Companies.csv:row:198,2026-08-27T12:07:08+00:00
7c3a7110-1f1d-5438-b8eb-13f119e8a15b,Pebble,,51,W11,productivity,Palo Alto,Active,https://github.com/lukaflpvc/YC-Vault/blob/1c86f32a981d479249496298f6bb746ff3c79efe/data/2025-04-21/YC_Companies.csv#L199,yc-vault:2025-04-21:YC_Companies.csv:row:199,2026-08-27T12:07:08+00:00
00ba34ed-6296-5c64-a797-73232156aa6b,Humble Bundle,,100,W11,"entertainment,gaming",San Francisco,Active,https://github.com/lukaflpvc/YC-Vault/blob/1c86f32a981d479249496298f6bb746ff3c79efe/data/2025-04-21/YC_Companies.csv#L200,yc-vault:2025-04-21:YC_Companies.csv:row:200,2026-08-27T12:07:08+00:00
776c7e29-9f0b-5499-9afd-cb61624485b5,Comprehend,,51,W11,saas,Redwood City,Active,https://github.com/lukaflpvc/YC-Vault/blob/1c86f32a981d479249496298f6bb746ff3c79efe/data/2025-04-21/YC_Companies.csv#L201,yc-vault:2025-04-21:YC_Companies.csv:row:201,2026-08-27T12:07:08+00:00
849f9106-3b9c-5bdf-a808-b127cf8bb548,Custora,,11,W11,"e-commerce, analytics, retail-tech",New York,Active,https://github.com/lukaflpvc/YC-Vault/blob/1c86f32a981d479249496298f6bb746ff3c79efe/data/2025-04-21/YC_Companies.csv#L202,yc-vault:2025-04-21:YC_Companies.csv:row:202,2026-08-27T12:07:08+00:00
bb4f3ba9-e4c1-5e93-a271-3994a5bef490,Hotspots,,2,W11,Real-time analytics,San Francisco,Active,https://github.com/lukaflpvc/YC-Vault/blob/1c86f32a981d479249496298f6bb746ff3c79efe/data/2025-04-21/YC_Companies.csv#L203,yc-vault:2025-04-21:YC_Companies.csv:row:203,2026-08-27T12:07:08+00:00
abf4db1f-61c7-58fe-8730-7e0c88266979,Sendoid,,2,W11,,San Francisco,Active,https://github.com/lukaflpvc/YC-Vault/blob/1c86f32a981d479249496298f6bb746ff3c79efe/data/2025-04-21/YC_Companies.csv#L204,yc-vault:2025-04-21:YC_Companies.csv:row:204,2026-08-27T12:07:08+00:00
eff7506c-c8b9-5137-87d2-0dda3ff67a80,Earbits,,15,W11,,Los Angeles,Active,https://github.com/lukaflpvc/YC-Vault/blob/1c86f32a981d479249496298f6bb746ff3c79efe/data/2025-04-21/YC_Companies.csv#L205,yc-vault:2025-04-21:YC_Companies.csv:row:205,2026-08-27T12:07:08+00:00
e65083f5-f08f-52a3-b8f2-3fbadeb401e6,Upverter,,11,W11,hardware,Toronto,Active,https://github.com/lukaflpvc/YC-Vault/blob/1c86f32a981d479249496298f6bb746ff3c79efe/data/2025-04-21/YC_Companies.csv#L206,yc-vault:2025-04-21:YC_Companies.csv:row:206,2026-08-27T12:07:08+00:00
f454cbfb-4de6-558a-bd88-4631ac80b6f0,SimplyListed,,2,W11,,San Francisco,Active,https://github.com/lukaflpvc/YC-Vault/blob/1c86f32a981d479249496298f6bb746ff3c79efe/data/2025-04-21/YC_Companies.csv#L207,yc-vault:2025-04-21:YC_Companies.csv:row:207,2026-08-27T12:07:08+00:00
36251e60-a731-569e-b838-3b873aa43216,Venuetastic,,2,W11,marketplace,San Francisco,Active,https://github.com/lukaflpvc/YC-Vault/blob/1c86f32a981d479249496298f6bb746ff3c79efe/data/2025-04-21/YC_Companies.csv#L208,yc-vault:2025-04-21:YC_Companies.csv:row:208,2026-08-27T12:07:08+00:00
d1dbc2c4-c68e-51a9-84d1-691a1f3d5cec,Siasto,,2,W11,,San Francisco,Active,https://github.com/lukaflpvc/YC-Vault/blob/1c86f32a981d479249496298f6bb746ff3c79efe/data/2025-04-21/YC_Companies.csv#L209,yc-vault:2025-04-21:YC_Companies.csv:row:209,2026-08-27T12:07:08+00:00
47d22fb2-a7dd-5778-b3d7-ae81bab48c02,TrustEgg,,2,W11,finance,Culver City,Active,https://github.com/lukaflpvc/YC-Vault/blob/1c86f32a981d479249496298f6bb746ff3c79efe/data/2025-04-21/YC_Companies.csv#L210,yc-vault:2025-04-21:YC_Companies.csv:row:210,2026-08-27T12:07:08+00:00
dead130a-2aa7-5b83-b11a-5ce18a73ce46,Tutorspree,,51,W11,education,Chicago,Active,https://github.com/lukaflpvc/YC-Vault/blob/1c86f32a981d479249496298f6bb746ff3c79efe/data/2025-04-21/YC_Companies.csv#L211,yc-vault:2025-04-21:YC_Companies.csv:row:211,2026-08-27T12:07:08+00:00
30ab23e1-81a1-5bb5-9e99-4906f304e110,Balanced,,11,W11,payments,San Francisco,Active,https://github.com/lukaflpvc/YC-Vault/blob/1c86f32a981d479249496298f6bb746ff3c79efe/data/2025-04-21/YC_Companies.csv#L212,yc-vault:2025-04-21:YC_Companies.csv:row:212,2026-08-27T12:07:08+00:00
1c9cb0af-baa4-561e-8ab4-82f16bd28c8e,Flotype,,2,W11,"saas, api",San Jose,Active,https://github.com/lukaflpvc/YC-Vault/blob/1c86f32a981d479249496298f6bb746ff3c79efe/data/2025-04-21/YC_Companies.csv#L213,yc-vault:2025-04-21:YC_Companies.csv:row:213,2026-08-27T12:07:08+00:00
c47e23fa-d3b9-576d-a1c8-3c5042b01722,Insight Data Science,,11,W11,"data-science,data-engineering",Palo Alto,Active,https://github.com/lukaflpvc/YC-Vault/blob/1c86f32a981d479249496298f6bb746ff3c79efe/data/2025-04-21/YC_Companies.csv#L215,yc-vault:2025-04-21:YC_Companies.csv:row:215,2026-08-27T12:07:08+00:00
1beb3b56-69e9-5f6d-bb49-6b6c4a7fc106,Hyperink,,11,W11,Ebook publisher.,San Francisco,Active,https://github.com/lukaflpvc/YC-Vault/blob/1c86f32a981d479249496298f6bb746ff3c79efe/data/2025-04-21/YC_Companies.csv#L216,yc-vault:2025-04-21:YC_Companies.csv:row:216,2026-08-27T12:07:08+00:00
1505aadf-0039-5230-b2b5-6afe6ee387fd,AppHarbor,,1,W11,cloud-computing,San Francisco,Active,https://github.com/lukaflpvc/YC-Vault/blob/1c86f32a981d479249496298f6bb746ff3c79efe/data/2025-04-21/YC_Companies.csv#L217,yc-vault:2025-04-21:YC_Companies.csv:row:217,2026-08-27T12:07:08+00:00
ed8c9c98-4b4f-59f6-b3a7-352fd971dd26,Assembled,,2,W11,,Palo Alto,Active,https://github.com/lukaflpvc/YC-Vault/blob/1c86f32a981d479249496298f6bb746ff3c79efe/data/2025-04-21/YC_Companies.csv#L219,yc-vault:2025-04-21:YC_Companies.csv:row:219,2026-08-27T12:07:08+00:00
c5c1a66d-5aba-5d90-86f0-279cee38cc3e,TellFi,,2,W11,"messaging, enterprise",San Francisco,Active,https://github.com/lukaflpvc/YC-Vault/blob/1c86f32a981d479249496298f6bb746ff3c79efe/data/2025-04-21/YC_Companies.csv#L220,yc-vault:2025-04-21:YC_Companies.csv:row:220,2026-08-27T12:07:08+00:00
2e35edb3-dd6a-5c4b-93c6-70fa61d9e48e,Beetailer,,2,W11,"e-commerce, retail",Mountain View,Active,https://github.com/lukaflpvc/YC-Vault/blob/1c86f32a981d479249496298f6bb746ff3c79efe/data/2025-04-21/YC_Companies.csv#L221,yc-vault:2025-04-21:YC_Companies.csv:row:221,2026-08-27T12:07:08+00:00
d1231dc2-2ad8-567d-a367-292519628d22,Inporia,,11,W11,"e-commerce, retail, fashion",San Francisco,Active,https://github.com/lukaflpvc/YC-Vault/blob/1c86f32a981d479249496298f6bb746ff3c79efe/data/2025-04-21/YC_Companies.csv#L222,yc-vault:2025-04-21:YC_Companies.csv:row:222,2026-08-27T12:07:08+00:00
0fa08c80-640b-5c02-be4a-9423d3b078f0,Userfox,,2,W11,"saas, marketing",San Francisco,Active,https://github.com/lukaflpvc/YC-Vault/blob/1c86f32a981d479249496298f6bb746ff3c79efe/data/2025-04-21/YC_Companies.csv#L223,yc-vault:2025-04-21:YC_Companies.csv:row:223,2026-08-27T12:07:08+00:00
8b3d8b18-3d86-5063-bce2-4edcd64a1984,Segment,,550,S11,saas,San Francisco,Active,https://github.com/lukaflpvc/YC-Vault/blob/1c86f32a981d479249496298f6bb746ff3c79efe/data/2025-04-21/YC_Companies.csv#L224,yc-vault:2025-04-21:YC_Companies.csv:row:224,2026-08-27T12:07:08+00:00
dec134c0-f59f-59ad-80b9-ab74cc39d305,Codecademy,,225,S11,education,New York,Active,https://github.com/lukaflpvc/YC-Vault/blob/1c86f32a981d479249496298f6bb746ff3c79efe/data/2025-04-21/YC_Companies.csv#L225,yc-vault:2025-04-21:YC_Companies.csv:row:225,2026-08-27T12:07:08+00:00
28d590bc-e1b4-5542-8f18-74300eee3e61,GoCardless,,900,S11,"fintech,payments",London,Active,https://github.com/lukaflpvc/YC-Vault/blob/1c86f32a981d479249496298f6bb746ff3c79efe/data/2025-04-21/YC_Companies.csv#L226,yc-vault:2025-04-21:YC_Companies.csv:row:226,2026-08-27T12:07:08+00:00
c6347e30-c4ae-5334-9c9b-53b16965f169,Clerky,,15,S11,legaltech,Palo Alto,Active,https://github.com/lukaflpvc/YC-Vault/blob/1c86f32a981d479249496298f6bb746ff3c79efe/data/2025-04-21/YC_Companies.csv#L227,yc-vault:2025-04-21:YC_Companies.csv:row:227,2026-08-27T12:07:08+00:00
c7cabaf6-6b85-59d7-9b71-e26e27d6b52a,AgileMD,,15,S11,healthcare,San Francisco,Active,https://github.com/lukaflpvc/YC-Vault/blob/1c86f32a981d479249496298f6bb746ff3c79efe/data/2025-04-21/YC_Companies.csv#L228,yc-vault:2025-04-21:YC_Companies.csv:row:228,2026-08-27T12:07:08+00:00
51555705-516d-5586-b27c-3d7ba05aae57,Quartzy,,100,S11,saas,Hayward,Active,https://github.com/lukaflpvc/YC-Vault/blob/1c86f32a981d479249496298f6bb746ff3c79efe/data/2025-04-21/YC_Companies.csv#L229,yc-vault:2025-04-21:YC_Companies.csv:row:229,2026-08-27T12:07:08+00:00
467dd340-8bc1-51e7-afd5-62732c23036a,Streak,,35,S11,saas,,Active,https://github.com/lukaflpvc/YC-Vault/blob/1c86f32a981d479249496298f6bb746ff3c79efe/data/2025-04-21/YC_Companies.csv#L230,yc-vault:2025-04-21:YC_Companies.csv:row:230,2026-08-27T12:07:08+00:00
a68a5578-a758-5fe9-9f7b-4c2736acf8d8,OneSignal,,150,S11,,San Mateo,Active,https://github.com/lukaflpvc/YC-Vault/blob/1c86f32a981d479249496298f6bb746ff3c79efe/data/2025-04-21/YC_Companies.csv#L231,yc-vault:2025-04-21:YC_Companies.csv:row:231,2026-08-27T12:07:08+00:00
861d86f6-ff19-5ffa-93f2-8364ffa25ae3,HackerRank,,300,S11,,Mountain View,Active,https://github.com/lukaflpvc/YC-Vault/blob/1c86f32a981d479249496298f6bb746ff3c79efe/data/2025-04-21/YC_Companies.csv#L232,yc-vault:2025-04-21:YC_Companies.csv:row:232,2026-08-27T12:07:08+00:00
cdeefa37-2aa0-5cb8-bbd8-6ae8e8244ff7,Apollo,,200,S11,"developer-tools, open-source, graphql",San Francisco,Active,https://github.com/lukaflpvc/YC-Vault/blob/1c86f32a981d479249496298f6bb746ff3c79efe/data/2025-04-21/YC_Companies.csv#L233,yc-vault:2025-04-21:YC_Companies.csv:row:233,2026-08-27T12:07:08+00:00
ceb1a89b-8a2e-5300-8038-a4689e036595,Vidyard,,201,S11,Video for business,Kitchener,Active,https://github.com/lukaflpvc/YC-Vault/blob/1c86f32a981d479249496298f6bb746ff3c79efe/data/2025-04-21/YC_Companies.csv#L234,yc-vault:2025-04-21:YC_Companies.csv:row:234,2026-08-27T12:07:08+00:00
04f0237e-f86e-5895-9fde-ff53582fef0f,imgix,,65,S11,"developer-tools, saas, video",San Francisco,Active,https://github.com/lukaflpvc/YC-Vault/blob/1c86f32a981d479249496298f6bb746ff3c79efe/data/2025-04-21/YC_Companies.csv#L235,yc-vault:2025-04-21:YC_Companies.csv:row:235,2026-08-27T12:07:08+00:00
b6786acc-0dd3-5e91-8e91-186c54143763,Videopixie,,11,S11,marketplace,San Francisco,Active,https://github.com/lukaflpvc/YC-Vault/blob/1c86f32a981d479249496298f6bb746ff3c79efe/data/2025-04-21/YC_Companies.csv#L236,yc-vault:2025-04-21:YC_Companies.csv:row:236,2026-08-27T12:07:08+00:00
14d401f2-7397-52d4-a45a-5f89d5985e02,MixRank,,31,S11,,San Francisco,Active,https://github.com/lukaflpvc/YC-Vault/blob/1c86f32a981d479249496298f6bb746ff3c79efe/data/2025-04-21/YC_Companies.csv#L237,yc-vault:2025-04-21:YC_Companies.csv:row:237,2026-08-27T12:07:08+00:00
48096825-0221-53ff-82ee-db9f37d4b19b,LeadGenius,,50,S11,"b2b,sales,marketing,ai",Berkeley,Active,https://github.com/lukaflpvc/YC-Vault/blob/1c86f32a981d479249496298f6bb746ff3c79efe/data/2025-04-21/YC_Companies.csv#L238,yc-vault:2025-04-21:YC_Companies.csv:row:238,2026-08-27T12:07:08+00:00
6552756d-24da-53b1-9178-cf1b86571c53,Realm,,51,S11,,San Francisco,Active,https://github.com/lukaflpvc/YC-Vault/blob/1c86f32a981d479249496298f6bb746ff3c79efe/data/2025-04-21/YC_Companies.csv#L242,yc-vault:2025-04-21:YC_Companies.csv:row:242,2026-08-27T12:07:08+00:00
d010f0f6-0a44-563d-aee1-e443ed4c04e4,Citus Data,,45,S11,"open-source, big-data, databases",San Francisco,Active,https://github.com/lukaflpvc/YC-Vault/blob/1c86f32a981d479249496298f6bb746ff3c79efe/data/2025-04-21/YC_Companies.csv#L243,yc-vault:2025-04-21:YC_Companies.csv:row:243,2026-08-27T12:07:08+00:00
02693f0d-299d-58f5-b697-8a9a97970a9f,Cryptoseal,,3,S11,,Mountain View,Active,https://github.com/lukaflpvc/YC-Vault/blob/1c86f32a981d479249496298f6bb746ff3c79efe/data/2025-04-21/YC_Companies.csv#L244,yc-vault:2025-04-21:YC_Companies.csv:row:244,2026-08-27T12:07:08+00:00
9786fd62-eea0-54d5-be6f-dd1750c148f3,Science Exchange,,50,S11,"saas, health-tech, biotech, enterprise",Palo Alto,Active,https://github.com/lukaflpvc/YC-Vault/blob/1c86f32a981d479249496298f6bb746ff3c79efe/data/2025-04-21/YC_Companies.csv#L245,yc-vault:2025-04-21:YC_Companies.csv:row:245,2026-08-27T12:07:08+00:00
7ec27666-cff6-5316-8f4f-1ee033795373,Debteye,,2,S11,fintech,Chicago,Active,https://github.com/lukaflpvc/YC-Vault/blob/1c86f32a981d479249496298f6bb746ff3c79efe/data/2025-04-21/YC_Companies.csv#L246,yc-vault:2025-04-21:YC_Companies.csv:row:246,2026-08-27T12:07:08+00:00
eb77955f-21fc-5658-b5a9-f759d96b8c2d,Aisle50,,11,S11,grocery,Chicago IL,Active,https://github.com/lukaflpvc/YC-Vault/blob/1c86f32a981d479249496298f6bb746ff3c79efe/data/2025-04-21/YC_Companies.csv#L247,yc-vault:2025-04-21:YC_Companies.csv:row:247,2026-08-27T12:07:08+00:00
c4423fb7-916d-5c95-9609-399200980ba3,Genius,,101,S11,Music Intelligence,NY,Active,https://github.com/lukaflpvc/YC-Vault/blob/1c86f32a981d479249496298f6bb746ff3c79efe/data/2025-04-21/YC_Companies.csv#L248,yc-vault:2025-04-21:YC_Companies.csv:row:248,2026-08-27T12:07:08+00:00
70ac28fd-ce19-5a70-928a-68a64f61f626,Clutch,,2,S11,,San Francisco,Active,https://github.com/lukaflpvc/YC-Vault/blob/1c86f32a981d479249496298f6bb746ff3c79efe/data/2025-04-21/YC_Companies.csv#L250,yc-vault:2025-04-21:YC_Companies.csv:row:250,2026-08-27T12:07:08+00:00
8e65d8ea-ba2d-5857-adfb-6ea262c7ca02,Freshplum,,8,S11,analytics,San Francisco,Active,https://github.com/lukaflpvc/YC-Vault/blob/1c86f32a981d479249496298f6bb746ff3c79efe/data/2025-04-21/YC_Companies.csv#L251,yc-vault:2025-04-21:YC_Companies.csv:row:251,2026-08-27T12:07:08+00:00
8823607b-a3ff-5086-a2ea-5c89cb0821b1,Hungry Labs,,2,S11,,,Active,https://github.com/lukaflpvc/YC-Vault/blob/1c86f32a981d479249496298f6bb746ff3c79efe/data/2025-04-21/YC_Companies.csv#L252,yc-vault:2025-04-21:YC_Companies.csv:row:252,2026-08-27T12:07:08+00:00
e511b70e-780d-559b-84d0-f20bf3849e49,Automatic,,51,S11,iot,San Francisco,Active,https://github.com/lukaflpvc/YC-Vault/blob/1c86f32a981d479249496298f6bb746ff3c79efe/data/2025-04-21/YC_Companies.csv#L253,yc-vault:2025-04-21:YC_Companies.csv:row:253,2026-08-27T12:07:08+00:00
7133decb-18f0-5ed3-9176-490bd111965e,Parse,,11,S11,Software Development,Menlo Park,Active,https://github.com/lukaflpvc/YC-Vault/blob/1c86f32a981d479249496298f6bb746ff3c79efe/data/2025-04-21/YC_Companies.csv#L254,yc-vault:2025-04-21:YC_Companies.csv:row:254,2026-08-27T12:07:08+00:00
e201de97-141c-5524-9531-4a4ea6e39524,Perfect Audience,,11,S11,,San Francisco,Active,https://github.com/lukaflpvc/YC-Vault/blob/1c86f32a981d479249496298f6bb746ff3c79efe/data/2025-04-21/YC_Companies.csv#L255,yc-vault:2025-04-21:YC_Companies.csv:row:255,2026-08-27T12:07:08+00:00
05001aa6-1532-56ab-9774-82f14d65b5ac,Compose,,51,S11,"devops, databases",San Mateo,Active,https://github.com/lukaflpvc/YC-Vault/blob/1c86f32a981d479249496298f6bb746ff3c79efe/data/2025-04-21/YC_Companies.csv#L258,yc-vault:2025-04-21:YC_Companies.csv:row:258,2026-08-27T12:07:08+00:00
8b68198b-56cd-5668-9e8d-08d32a3a447c,Caviar,,51,S11,food-tech,San Francisco,Active,https://github.com/lukaflpvc/YC-Vault/blob/1c86f32a981d479249496298f6bb746ff3c79efe/data/2025-04-21/YC_Companies.csv#L260,yc-vault:2025-04-21:YC_Companies.csv:row:260,2026-08-27T12:07:08+00:00
6e29fa44-d4f0-546e-bb4c-c12301dea831,Embark,,2,S11,transportation,San Francisco,Active,https://github.com/lukaflpvc/YC-Vault/blob/1c86f32a981d479249496298f6bb746ff3c79efe/data/2025-04-21/YC_Companies.csv#L261,yc-vault:2025-04-21:YC_Companies.csv:row:261,2026-08-27T12:07:08+00:00
c9a239f5-1d55-5acd-95f1-2faff7201e8a,Verbling,,2,S11,education,San Francisco,Active,https://github.com/lukaflpvc/YC-Vault/blob/1c86f32a981d479249496298f6bb746ff3c79efe/data/2025-04-21/YC_Companies.csv#L262,yc-vault:2025-04-21:YC_Companies.csv:row:262,2026-08-27T12:07:08+00:00
ecda05d4-0a9d-56e1-ad96-979b3752c02b,Fobo,,2,S11,"e-commerce, location-based",San Francisco,Active,https://github.com/lukaflpvc/YC-Vault/blob/1c86f32a981d479249496298f6bb746ff3c79efe/data/2025-04-21/YC_Companies.csv#L263,yc-vault:2025-04-21:YC_Companies.csv:row:263,2026-08-27T12:07:08+00:00
fdd24bfd-7a44-52b4-a9ef-fe4fef21d0a3,Zenbox,,2,S11,saas,San Francisco,Active,https://github.com/lukaflpvc/YC-Vault/blob/1c86f32a981d479249496298f6bb746ff3c79efe/data/2025-04-21/YC_Companies.csv#L264,yc-vault:2025-04-21:YC_Companies.csv:row:264,2026-08-27T12:07:08+00:00
c3eec63a-0722-5e6c-ac05-f18e7a1ce908,Dubjoy,,2,S11,,San Francisco,Active,https://github.com/lukaflpvc/YC-Vault/blob/1c86f32a981d479249496298f6bb746ff3c79efe/data/2025-04-21/YC_Companies.csv#L265,yc-vault:2025-04-21:YC_Companies.csv:row:265,2026-08-27T12:07:08+00:00
9c0c4033-2305-58e1-903c-31d7cfc08c3e,Quad,,12,S11,education,San Francisco,Active,https://github.com/lukaflpvc/YC-Vault/blob/1c86f32a981d479249496298f6bb746ff3c79efe/data/2025-04-21/YC_Companies.csv#L266,yc-vault:2025-04-21:YC_Companies.csv:row:266,2026-08-27T12:07:08+00:00
304412d3-e62f-5e98-bbe8-ee4cdda8366b,PhoneSys,,4,S11,,Mountain View,Active,https://github.com/lukaflpvc/YC-Vault/blob/1c86f32a981d479249496298f6bb746ff3c79efe/data/2025-04-21/YC_Companies.csv#L267,yc-vault:2025-04-21:YC_Companies.csv:row:267,2026-08-27T12:07:08+00:00
5fc4cd6a-5584-5f26-b609-0153e00bcd03,PayDragon,,11,S11,,Los Angeles,Active,https://github.com/lukaflpvc/YC-Vault/blob/1c86f32a981d479249496298f6bb746ff3c79efe/data/2025-04-21/YC_Companies.csv#L269,yc-vault:2025-04-21:YC_Companies.csv:row:269,2026-08-27T12:07:08+00:00
e5f57d9c-1978-56bc-aafc-1ce063d763d9,Zigfu,,2,S11,augmented-reality,San Francisco,Active,https://github.com/lukaflpvc/YC-Vault/blob/1c86f32a981d479249496298f6bb746ff3c79efe/data/2025-04-21/YC_Companies.csv#L270,yc-vault:2025-04-21:YC_Companies.csv:row:270,2026-08-27T12:07:08+00:00
9ab66b17-992e-5cc3-8349-cf17fca44ec6,Picplum,,2,S11,,San Francisco,Active,https://github.com/lukaflpvc/YC-Vault/blob/1c86f32a981d479249496298f6bb746ff3c79efe/data/2025-04-21/YC_Companies.csv#L271,yc-vault:2025-04-21:YC_Companies.csv:row:271,2026-08-27T12:07:08+00:00
c822b458-4910-5467-a615-fae8d59c9eb6,Draft,,1,S11,,Chicago IL,Active,https://github.com/lukaflpvc/YC-Vault/blob/1c86f32a981d479249496298f6bb746ff3c79efe/data/2025-04-21/YC_Companies.csv#L273,yc-vault:2025-04-21:YC_Companies.csv:row:273,2026-08-27T12:07:08+00:00
96f36120-aea7-588f-95bd-1ba8ac4ed16f,Rentobo,,11,S11,real-estate,San Francisco,Active,https://github.com/lukaflpvc/YC-Vault/blob/1c86f32a981d479249496298f6bb746ff3c79efe/data/2025-04-21/YC_Companies.csv#L274,yc-vault:2025-04-21:YC_Companies.csv:row:274,2026-08-27T12:07:08+00:00
cd36db2e-ea00-5752-8017-aec6ff925369,Snapjoy,,11,S11,,Boulder,Active,https://github.com/lukaflpvc/YC-Vault/blob/1c86f32a981d479249496298f6bb746ff3c79efe/data/2025-04-21/YC_Companies.csv#L275,yc-vault:2025-04-21:YC_Companies.csv:row:275,2026-08-27T12:07:08+00:00
2dc9f881-5396-5129-81af-fdf6e511aecd,Vapor,,2,S11,In-video advertising,NY,Active,https://github.com/lukaflpvc/YC-Vault/blob/1c86f32a981d479249496298f6bb746ff3c79efe/data/2025-04-21/YC_Companies.csv#L278,yc-vault:2025-04-21:YC_Companies.csv:row:278,2026-08-27T12:07:08+00:00
ec68f92a-4510-55bb-be9e-c7fde1c255dd,Opez,,11,S11,marketplace,San Francisco,Active,https://github.com/lukaflpvc/YC-Vault/blob/1c86f32a981d479249496298f6bb746ff3c79efe/data/2025-04-21/YC_Companies.csv#L280,yc-vault:2025-04-21:YC_Companies.csv:row:280,2026-08-27T12:07:08+00:00
4a957475-622d-5a57-85ab-f28d01dc8116,Everyme,,2,S11,social-network,Mountain View,Active,https://github.com/lukaflpvc/YC-Vault/blob/1c86f32a981d479249496298f6bb746ff3c79efe/data/2025-04-21/YC_Companies.csv#L281,yc-vault:2025-04-21:YC_Companies.csv:row:281,2026-08-27T12:07:08+00:00
8e0d0f66-f3fb-5422-95b4-ed1bac6f0e37,Interstate,,2,S11,productivity,San Francisco,Active,https://github.com/lukaflpvc/YC-Vault/blob/1c86f32a981d479249496298f6bb746ff3c79efe/data/2025-04-21/YC_Companies.csv#L282,yc-vault:2025-04-21:YC_Companies.csv:row:282,2026-08-27T12:07:08+00:00
94983d07-5ddc-5fa6-8346-1cc964c13111,MarketBrief,,2,S11,analytics,San Francisco,Active,https://github.com/lukaflpvc/YC-Vault/blob/1c86f32a981d479249496298f6bb746ff3c79efe/data/2025-04-21/YC_Companies.csv#L283,yc-vault:2025-04-21:YC_Companies.csv:row:283,2026-08-27T12:07:08+00:00
5fb06efe-2e53-5578-afc2-a27001cdc878,Amplitude,,750,W12,digital analytics,San Francisco,Active,https://github.com/lukaflpvc/YC-Vault/blob/1c86f32a981d479249496298f6bb746ff3c79efe/data/2025-04-21/YC_Companies.csv#L284,yc-vault:2025-04-21:YC_Companies.csv:row:284,2026-08-27T12:07:08+00:00
fc472fa4-6ccc-5dd8-8870-22df40a0ed94,Matterport,,201,W12,computer-vision,Sunnyvale,Active,https://github.com/lukaflpvc/YC-Vault/blob/1c86f32a981d479249496298f6bb746ff3c79efe/data/2025-04-21/YC_Companies.csv#L285,yc-vault:2025-04-21:YC_Companies.csv:row:285,2026-08-27T12:07:08+00:00
1c1196d2-cbe9-5f03-b478-28751ac519ce,PlanGrid,,355,W12,construction,San Francisco,Active,https://github.com/lukaflpvc/YC-Vault/blob/1c86f32a981d479249496298f6bb746ff3c79efe/data/2025-04-21/YC_Companies.csv#L286,yc-vault:2025-04-21:YC_Companies.csv:row:286,2026-08-27T12:07:08+00:00
6ec98042-6a57-5b6d-b941-4d4e7b2affa3,Sendwave,,350,W12,"fintech,payments",Boston,Active,https://github.com/lukaflpvc/YC-Vault/blob/1c86f32a981d479249496298f6bb746ff3c79efe/data/2025-04-21/YC_Companies.csv#L287,yc-vault:2025-04-21:YC_Companies.csv:row:287,2026-08-27T12:07:08+00:00
62529ad5-85dd-5f41-aa29-f1142bd692af,Gusto,,2400,W12,"b2b, payroll, health-insurance",San Francisco,Active,https://github.com/lukaflpvc/YC-Vault/blob/1c86f32a981d479249496298f6bb746ff3c79efe/data/2025-04-21/YC_Companies.csv#L288,yc-vault:2025-04-21:YC_Companies.csv:row:288,2026-08-27T12:07:08+00:00
c0f27cc1-9691-50af-a0af-7ce2c15b68b3,Wave,,1600,W12,fintech,Dakar,Active,https://github.com/lukaflpvc/YC-Vault/blob/1c86f32a981d479249496298f6bb746ff3c79efe/data/2025-04-21/YC_Companies.csv#L289,yc-vault:2025-04-21:YC_Companies.csv:row:289,2026-08-27T12:07:08+00:00
06fb7fbd-803c-5d15-98ab-eeade6790797,Medmonk,,2,W12,healthcare,Milpitas,Active,https://github.com/lukaflpvc/YC-Vault/blob/1c86f32a981d479249496298f6bb746ff3c79efe/data/2025-04-21/YC_Companies.csv#L290,yc-vault:2025-04-21:YC_Companies.csv:row:290,2026-08-27T12:07:08+00:00
5a1f44a1-a3ba-5f11-99dd-868134704481,Per Vices,,11,W12,"hardware,iot,telecommunications",Toronto,Active,https://github.com/lukaflpvc/YC-Vault/blob/1c86f32a981d479249496298f6bb746ff3c79efe/data/2025-04-21/YC_Companies.csv#L291,yc-vault:2025-04-21:YC_Companies.csv:row:291,2026-08-27T12:07:08+00:00
79f505d2-1dcf-547f-ad6e-43bad3635105,CircuitHub,,58,W12,"hard-tech, hardware, robotics",London,Active,https://github.com/lukaflpvc/YC-Vault/blob/1c86f32a981d479249496298f6bb746ff3c79efe/data/2025-04-21/YC_Companies.csv#L292,yc-vault:2025-04-21:YC_Companies.csv:row:292,2026-08-27T12:07:08+00:00
633d42ba-238b-59d5-a694-a9ea6d072f7f,Screenleap,,4,W12,productivity,San Carlos CA,Active,https://github.com/lukaflpvc/YC-Vault/blob/1c86f32a981d479249496298f6bb746ff3c79efe/data/2025-04-21/YC_Companies.csv#L293,yc-vault:2025-04-21:YC_Companies.csv:row:293,2026-08-27T12:07:08+00:00
5f9a8e90-b9cb-5984-918a-b90db258379a,CleverDeck,,1,W12,marketplace,Istanbul,Active,https://github.com/lukaflpvc/YC-Vault/blob/1c86f32a981d479249496298f6bb746ff3c79efe/data/2025-04-21/YC_Companies.csv#L294,yc-vault:2025-04-21:YC_Companies.csv:row:294,2026-08-27T12:07:08+00:00
048bfccf-7adb-595e-b4d4-dcc0232eec84,Shoptiques,,51,W12,"e-commerce, retail, fashion",New York,Active,https://github.com/lukaflpvc/YC-Vault/blob/1c86f32a981d479249496298f6bb746ff3c79efe/data/2025-04-21/YC_Companies.csv#L295,yc-vault:2025-04-21:YC_Companies.csv:row:295,2026-08-27T12:07:08+00:00
1d630069-25a8-577a-a6c5-72cdb7cbe90b,Rescale,,250,W12,cloud-computing,San Francisco,Active,https://github.com/lukaflpvc/YC-Vault/blob/1c86f32a981d479249496298f6bb746ff3c79efe/data/2025-04-21/YC_Companies.csv#L296,yc-vault:2025-04-21:YC_Companies.csv:row:296,2026-08-27T12:07:08+00:00
41a83881-7b47-59f5-ade0-5c5690175f2a,Medigram,,11,W12,healthcare,Los Gatos,Active,https://github.com/lukaflpvc/YC-Vault/blob/1c86f32a981d479249496298f6bb746ff3c79efe/data/2025-04-21/YC_Companies.csv#L297,yc-vault:2025-04-21:YC_Companies.csv:row:297,2026-08-27T12:07:08+00:00
f0df903b-bd3a-5a16-9d82-241bec38bc21,Ridecell,,211,W12,"saas, iot, b2b, enterprise, ai",San Francisco,Active,https://github.com/lukaflpvc/YC-Vault/blob/1c86f32a981d479249496298f6bb746ff3c79efe/data/2025-04-21/YC_Companies.csv#L298,yc-vault:2025-04-21:YC_Companies.csv:row:298,2026-08-27T12:07:08+00:00
70b1a30c-4c6f-56cc-ab42-f665edc939cd,HireArt,,90,W12,"saas, b2b, hr-tech",New York,Active,https://github.com/lukaflpvc/YC-Vault/blob/1c86f32a981d479249496298f6bb746ff3c79efe/data/2025-04-21/YC_Companies.csv#L299,yc-vault:2025-04-21:YC_Companies.csv:row:299,2026-08-27T12:07:08+00:00
8704527c-d60a-5c20-9aff-2b2c53c8b9ca,The Muse,,60,W12,,New York,Active,https://github.com/lukaflpvc/YC-Vault/blob/1c86f32a981d479249496298f6bb746ff3c79efe/data/2025-04-21/YC_Companies.csv#L300,yc-vault:2025-04-21:YC_Companies.csv:row:300,2026-08-27T12:07:08+00:00
8ca2709c-1c03-57b6-9e2d-3e9f964314dc,42Floors,,60,W12,"real-estate, proptech",San Francisco,Active,https://github.com/lukaflpvc/YC-Vault/blob/1c86f32a981d479249496298f6bb746ff3c79efe/data/2025-04-21/YC_Companies.csv#L301,yc-vault:2025-04-21:YC_Companies.csv:row:301,2026-08-27T12:07:08+00:00
1d10ebb6-e8f4-5a20-b7d4-53d161e10b07,Shopular,,11,W12,"e-commerce, retail",Redwood City,Active,https://github.com/lukaflpvc/YC-Vault/blob/1c86f32a981d479249496298f6bb746ff3c79efe/data/2025-04-21/YC_Companies.csv#L302,yc-vault:2025-04-21:YC_Companies.csv:row:302,2026-08-27T12:07:08+00:00
96ca354d-01c9-5fbd-81fe-3cc4267473ea,iCracked,,51,W12,,Redwood City,Active,https://github.com/lukaflpvc/YC-Vault/blob/1c86f32a981d479249496298f6bb746ff3c79efe/data/2025-04-21/YC_Companies.csv#L304,yc-vault:2025-04-21:YC_Companies.csv:row:304,2026-08-27T12:07:08+00:00
f8548086-5d05-5019-a4e6-91d78e592c97,Priceonomics,,2,W12,,San Francisco,Active,https://github.com/lukaflpvc/YC-Vault/blob/1c86f32a981d479249496298f6bb746ff3c79efe/data/2025-04-21/YC_Companies.csv#L305,yc-vault:2025-04-21:YC_Companies.csv:row:305,2026-08-27T12:07:08+00:00
b4402c04-a3e6-50c4-9cc7-b449993eba55,YourMechanic,,115,W12,automotive,Mountain View,Active,https://github.com/lukaflpvc/YC-Vault/blob/1c86f32a981d479249496298f6bb746ff3c79efe/data/2025-04-21/YC_Companies.csv#L306,yc-vault:2025-04-21:YC_Companies.csv:row:306,2026-08-27T12:07:08+00:00
46b70e49-4a19-56fe-90c0-d3d471fea1ed,Fond,,51,W12,"fintech,saas,hr-tech",San Francisco,Active,https://github.com/lukaflpvc/YC-Vault/blob/1c86f32a981d479249496298f6bb746ff3c79efe/data/2025-04-21/YC_Companies.csv#L308,yc-vault:2025-04-21:YC_Companies.csv:row:308,2026-08-27T12:07:08+00:00
b9b48874-86e9-5ab0-adbf-885200a0835a,Flutter,,2,W12,computer-vision,Santa Monica,Active,https://github.com/lukaflpvc/YC-Vault/blob/1c86f32a981d479249496298f6bb746ff3c79efe/data/2025-04-21/YC_Companies.csv#L309,yc-vault:2025-04-21:YC_Companies.csv:row:309,2026-08-27T12:07:08+00:00
9a5a291c-e983-5d58-a33f-ed7267c518ff,Authy,,201,W12,,San Francisco,Active,https://github.com/lukaflpvc/YC-Vault/blob/1c86f32a981d479249496298f6bb746ff3c79efe/data/2025-04-21/YC_Companies.csv#L310,yc-vault:2025-04-21:YC_Companies.csv:row:310,2026-08-27T12:07:08+00:00
b9a0cc14-a17b-5197-8c56-a4efd38db2a3,FarmLogs,,5,W12,agriculture,Ann Arbor,Active,https://github.com/lukaflpvc/YC-Vault/blob/1c86f32a981d479249496298f6bb746ff3c79efe/data/2025-04-21/YC_Companies.csv#L311,yc-vault:2025-04-21:YC_Companies.csv:row:311,2026-08-27T12:07:08+00:00
4e73d53c-1bb6-55a5-88fc-5a716ae1f89f,Swiftype,,50,W12,"developer-tools,saas,b2b",San Francisco,Active,https://github.com/lukaflpvc/YC-Vault/blob/1c86f32a981d479249496298f6bb746ff3c79efe/data/2025-04-21/YC_Companies.csv#L312,yc-vault:2025-04-21:YC_Companies.csv:row:312,2026-08-27T12:07:08+00:00
d3dcb158-04b0-5f94-948f-4c24e021a481,Tilt,,51,W12,crowdfunding,San Francisco,Active,https://github.com/lukaflpvc/YC-Vault/blob/1c86f32a981d479249496298f6bb746ff3c79efe/data/2025-04-21/YC_Companies.csv#L313,yc-vault:2025-04-21:YC_Companies.csv:row:313,2026-08-27T12:07:08+00:00
c6d79ad2-5b7e-520a-8a99-b3182f7b3c5a,Exec,,11,W12,,San Francisco,Active,https://github.com/lukaflpvc/YC-Vault/blob/1c86f32a981d479249496298f6bb746ff3c79efe/data/2025-04-21/YC_Companies.csv#L314,yc-vault:2025-04-21:YC_Companies.csv:row:314,2026-08-27T12:07:08+00:00
0bd64258-ac96-5fbf-8027-1f55cc43eaf2,Chute,,11,W12,,San Francisco,Active,https://github.com/lukaflpvc/YC-Vault/blob/1c86f32a981d479249496298f6bb746ff3c79efe/data/2025-04-21/YC_Companies.csv#L315,yc-vault:2025-04-21:YC_Companies.csv:row:315,2026-08-27T12:07:08+00:00
861aaf12-de65-55a1-bcae-daf19bc5f956,FamilyLeaf,,2,W12,,San Francisco,Active,https://github.com/lukaflpvc/YC-Vault/blob/1c86f32a981d479249496298f6bb746ff3c79efe/data/2025-04-21/YC_Companies.csv#L316,yc-vault:2025-04-21:YC_Companies.csv:row:316,2026-08-27T12:07:08+00:00
e0c3ec32-d492-5b72-ba69-9e3c761639f1,HackPad,,2,W12,productivity,San Francisco,Active,https://github.com/lukaflpvc/YC-Vault/blob/1c86f32a981d479249496298f6bb746ff3c79efe/data/2025-04-21/YC_Companies.csv#L318,yc-vault:2025-04-21:YC_Companies.csv:row:318,2026-08-27T12:07:08+00:00
572cef38-b371-5f18-86e3-9c3895ae9a10,CoderWall,,2,W12,,San Francisco,Active,https://github.com/lukaflpvc/YC-Vault/blob/1c86f32a981d479249496298f6bb746ff3c79efe/data/2025-04-21/YC_Companies.csv#L319,yc-vault:2025-04-21:YC_Companies.csv:row:319,2026-08-27T12:07:08+00:00
9344742f-f8a4-5d29-8441-850eb9714850,Amiato,,2,W12,analytics,Palo Alto,Active,https://github.com/lukaflpvc/YC-Vault/blob/1c86f32a981d479249496298f6bb746ff3c79efe/data/2025-04-21/YC_Companies.csv#L320,yc-vault:2025-04-21:YC_Companies.csv:row:320,2026-08-27T12:07:08+00:00
c2cdfc61-b3f2-5c41-80a4-c3ce59f4e414,MyVR,,15,W12,saas,San Francisco,Active,https://github.com/lukaflpvc/YC-Vault/blob/1c86f32a981d479249496298f6bb746ff3c79efe/data/2025-04-21/YC_Companies.csv#L321,yc-vault:2025-04-21:YC_Companies.csv:row:321,2026-08-27T12:07:08+00:00
6fb8f0fc-9696-5743-9b86-806bdc6c3218,Midnox,,2,W12,,Palo Alto,Active,https://github.com/lukaflpvc/YC-Vault/blob/1c86f32a981d479249496298f6bb746ff3c79efe/data/2025-04-21/YC_Companies.csv#L322,yc-vault:2025-04-21:YC_Companies.csv:row:322,2026-08-27T12:07:08+00:00
cc06877f-70b7-5ea6-a1a0-84c1f3b75ca6,SendHub,,51,W12,"messaging, enterprise, smb",Pleasanton,Active,https://github.com/lukaflpvc/YC-Vault/blob/1c86f32a981d479249496298f6bb746ff3c79efe/data/2025-04-21/YC_Companies.csv#L323,yc-vault:2025-04-21:YC_Companies.csv:row:323,2026-08-27T12:07:08+00:00
f5a21c5e-5a74-53be-bb19-d0f6f2ed9c3a,WireOver,,2,W12,"security, enterprise",Cambridge,Active,https://github.com/lukaflpvc/YC-Vault/blob/1c86f32a981d479249496298f6bb746ff3c79efe/data/2025-04-21/YC_Companies.csv#L324,yc-vault:2025-04-21:YC_Companies.csv:row:324,2026-08-27T12:07:08+00:00
0c335e70-a6db-5dc0-9215-8f2b9af6f570,GiveSpark,,1,W12,"nonprofit, fundraising",Palo Alto,Active,https://github.com/lukaflpvc/YC-Vault/blob/1c86f32a981d479249496298f6bb746ff3c79efe/data/2025-04-21/YC_Companies.csv#L325,yc-vault:2025-04-21:YC_Companies.csv:row:325,2026-08-27T12:07:08+00:00
f4dbe988-8287-50bb-af81-493e40bcdb51,Carsabi,,2,W12,automotive,Mountain View,Active,https://github.com/lukaflpvc/YC-Vault/blob/1c86f32a981d479249496298f6bb746ff3c79efe/data/2025-04-21/YC_Companies.csv#L326,yc-vault:2025-04-21:YC_Companies.csv:row:326,2026-08-27T12:07:08+00:00
48cb7622-001f-5341-9ae1-5a3b57ab7ad5,Glider,,2,W12,productivity,Portland,Active,https://github.com/lukaflpvc/YC-Vault/blob/1c86f32a981d479249496298f6bb746ff3c79efe/data/2025-04-21/YC_Companies.csv#L327,yc-vault:2025-04-21:YC_Companies.csv:row:327,2026-08-27T12:07:08+00:00
230f3326-eab6-5d5c-a3b1-856319b849db,Ark,,11,W12,,San Francisco,Active,https://github.com/lukaflpvc/YC-Vault/blob/1c86f32a981d479249496298f6bb746ff3c79efe/data/2025-04-21/YC_Companies.csv#L329,yc-vault:2025-04-21:YC_Companies.csv:row:329,2026-08-27T12:07:08+00:00
ac347637-7a64-5d15-8a41-92780bd9d327,99dresses,,2,W12,"women's-health, fashion",New York,Active,https://github.com/lukaflpvc/YC-Vault/blob/1c86f32a981d479249496298f6bb746ff3c79efe/data/2025-04-21/YC_Companies.csv#L331,yc-vault:2025-04-21:YC_Companies.csv:row:331,2026-08-27T12:07:08+00:00
ae824abb-3751-52ca-b2b4-0c1ac175d65a,LVL6,,2,W12,gaming,Palo Alto,Active,https://github.com/lukaflpvc/YC-Vault/blob/1c86f32a981d479249496298f6bb746ff3c79efe/data/2025-04-21/YC_Companies.csv#L333,yc-vault:2025-04-21:YC_Companies.csv:row:333,2026-08-27T12:07:08+00:00
81247312-b09f-5c5e-bb65-8c64a4540ac9,LendUp,,201,W12,"fintech,lending",San Francisco,Active,https://github.com/lukaflpvc/YC-Vault/blob/1c86f32a981d479249496298f6bb746ff3c79efe/data/2025-04-21/YC_Companies.csv#L335,yc-vault:2025-04-21:YC_Companies.csv:row:335,2026-08-27T12:07:08+00:00
010c9625-e67e-5457-bb60-8fb46ca680c8,Grouper,,11,W12,social,New York,Active,https://github.com/lukaflpvc/YC-Vault/blob/1c86f32a981d479249496298f6bb746ff3c79efe/data/2025-04-21/YC_Companies.csv#L336,yc-vault:2025-04-21:YC_Companies.csv:row:336,2026-08-27T12:07:08+00:00
1502a42c-f72e-5c8b-a26f-48994ba2b121,Zillabyte,,2,W12,,San Francisco,Active,https://github.com/lukaflpvc/YC-Vault/blob/1c86f32a981d479249496298f6bb746ff3c79efe/data/2025-04-21/YC_Companies.csv#L337,yc-vault:2025-04-21:YC_Companies.csv:row:337,2026-08-27T12:07:08+00:00
ff0ccfe1-b7e2-54a4-af2a-e90a2bbb2817,Talkray (TiKL),,2,W12,messaging,Sunnyvale,Active,https://github.com/lukaflpvc/YC-Vault/blob/1c86f32a981d479249496298f6bb746ff3c79efe/data/2025-04-21/YC_Companies.csv#L338,yc-vault:2025-04-21:YC_Companies.csv:row:338,2026-08-27T12:07:08+00:00
a2148639-8953-5d8a-b1bb-9a08ecab25c5,Make School,,45,W12,education,San Francisco,Active,https://github.com/lukaflpvc/YC-Vault/blob/1c86f32a981d479249496298f6bb746ff3c79efe/data/2025-04-21/YC_Companies.csv#L340,yc-vault:2025-04-21:YC_Companies.csv:row:340,2026-08-27T12:07:08+00:00
efa67c29-c364-541c-a1e9-12b5eed3f519,Minefold,,2,W12,gaming,San Francisco,Active,https://github.com/lukaflpvc/YC-Vault/blob/1c86f32a981d479249496298f6bb746ff3c79efe/data/2025-04-21/YC_Companies.csv#L342,yc-vault:2025-04-21:YC_Companies.csv:row:342,2026-08-27T12:07:08+00:00
f273b157-99e3-56d9-8e58-90177f9218ee,Marft,,3,W12,"developer-tools, machine-learning",,Active,https://github.com/lukaflpvc/YC-Vault/blob/1c86f32a981d479249496298f6bb746ff3c79efe/data/2025-04-21/YC_Companies.csv#L343,yc-vault:2025-04-21:YC_Companies.csv:row:343,2026-08-27T12:07:08+00:00
ebf6806d-f761-52d6-82de-3415c4e41d2d,Optilly/Installmonetizer,,11,W12,marketing,San Jose,Active,https://github.com/lukaflpvc/YC-Vault/blob/1c86f32a981d479249496298f6bb746ff3c79efe/data/2025-04-21/YC_Companies.csv#L345,yc-vault:2025-04-21:YC_Companies.csv:row:345,2026-08-27T12:07:08+00:00
302fcca6-72a0-5745-9696-68515cf3c3c7,Tap to Learn,,11,W12,"education,gaming",Menlo Park,Active,https://github.com/lukaflpvc/YC-Vault/blob/1c86f32a981d479249496298f6bb746ff3c79efe/data/2025-04-21/YC_Companies.csv#L346,yc-vault:2025-04-21:YC_Companies.csv:row:346,2026-08-27T12:07:08+00:00
ab06f0b9-bfab-53e0-a084-cdeeed9d479f,Jellyfish Art,,2,W12,,San Francisco,Active,https://github.com/lukaflpvc/YC-Vault/blob/1c86f32a981d479249496298f6bb746ff3c79efe/data/2025-04-21/YC_Companies.csv#L347,yc-vault:2025-04-21:YC_Companies.csv:row:347,2026-08-27T12:07:08+00:00
6906a915-7327-58e1-a543-e78d238bb547,Couple,,2,W12,"messaging,dating,social",San Francisco,Active,https://github.com/lukaflpvc/YC-Vault/blob/1c86f32a981d479249496298f6bb746ff3c79efe/data/2025-04-21/YC_Companies.csv#L348,yc-vault:2025-04-21:YC_Companies.csv:row:348,2026-08-27T12:07:08+00:00
51fd074c-bbcb-5e12-a60a-8c1fcbad3cc5,Hipmob,,2,W12,customer-service,Palo Alto,Active,https://github.com/lukaflpvc/YC-Vault/blob/1c86f32a981d479249496298f6bb746ff3c79efe/data/2025-04-21/YC_Companies.csv#L349,yc-vault:2025-04-21:YC_Companies.csv:row:349,2026-08-27T12:07:08+00:00
79d9ea38-638b-5c9d-9db5-1a32e1ec8331,Coinbase,,6112,S12,crypto-web3,San Francisco,Active,https://github.com/lukaflpvc/YC-Vault/blob/1c86f32a981d479249496298f6bb746ff3c79efe/data/2025-04-21/YC_Companies.csv#L350,yc-vault:2025-04-21:YC_Companies.csv:row:350,2026-08-27T12:07:08+00:00
b8275dc1-4a99-5d7d-a54d-246b0e8d3c3e,Instacart,,3000,S12,,San Francisco,Active,https://github.com/lukaflpvc/YC-Vault/blob/1c86f32a981d479249496298f6bb746ff3c79efe/data/2025-04-21/YC_Companies.csv#L351,yc-vault:2025-04-21:YC_Companies.csv:row:351,2026-08-27T12:07:08+00:00
d4b6ff66-7988-5aa6-9144-1082ab28a243,Benchling,,750,S12,"saas,b2b,biotech",San Francisco,Active,https://github.com/lukaflpvc/YC-Vault/blob/1c86f32a981d479249496298f6bb746ff3c79efe/data/2025-04-21/YC_Companies.csv#L352,yc-vault:2025-04-21:YC_Companies.csv:row:352,2026-08-27T12:07:08+00:00
73e36aed-30fd-526b-99d5-8f3cdfb28633,Lever,,225,S12,human-resources,San Francisco,Active,https://github.com/lukaflpvc/YC-Vault/blob/1c86f32a981d479249496298f6bb746ff3c79efe/data/2025-04-21/YC_Companies.csv#L353,yc-vault:2025-04-21:YC_Companies.csv:row:353,2026-08-27T12:07:08+00:00
f4aa7dff-69ec-535d-b0e0-79e664a6a391,Clever,,210,S12,"education, saas",San Francisco,Active,https://github.com/lukaflpvc/YC-Vault/blob/1c86f32a981d479249496298f6bb746ff3c79efe/data/2025-04-21/YC_Companies.csv#L354,yc-vault:2025-04-21:YC_Companies.csv:row:354,2026-08-27T12:07:08+00:00
d171a8b8-f142-5f10-8b4f-088020c9dacd,SmartAsset,,210,S12,"fintech, marketplace",New York,Active,https://github.com/lukaflpvc/YC-Vault/blob/1c86f32a981d479249496298f6bb746ff3c79efe/data/2025-04-21/YC_Companies.csv#L355,yc-vault:2025-04-21:YC_Companies.csv:row:355,2026-08-27T12:07:08+00:00
876d14ab-d487-5d1c-9f2c-f4164180d276,Zapier,,700,S12,"saas, b2b, automation",Mountain View,Active,https://github.com/lukaflpvc/YC-Vault/blob/1c86f32a981d479249496298f6bb746ff3c79efe/data/2025-04-21/YC_Companies.csv#L356,yc-vault:2025-04-21:YC_Companies.csv:row:356,2026-08-27T12:07:08+00:00
00e7c181-4451-523e-b46c-61069583bd47,9gag,,36,S12,,Hong Kong,Active,https://github.com/lukaflpvc/YC-Vault/blob/1c86f32a981d479249496298f6bb746ff3c79efe/data/2025-04-21/YC_Companies.csv#L357,yc-vault:2025-04-21:YC_Companies.csv:row:357,2026-08-27T12:07:08+00:00
bc3d4f47-fb09-5cdf-a0ad-61faf7995db6,Svbtle,,2,S12,media,San Francisco,Active,https://github.com/lukaflpvc/YC-Vault/blob/1c86f32a981d479249496298f6bb746ff3c79efe/data/2025-04-21/YC_Companies.csv#L358,yc-vault:2025-04-21:YC_Companies.csv:row:358,2026-08-27T12:07:08+00:00
b72ede49-8f42-5ada-bce6-d4cab0c36d01,Plivo,,320,S12,telecommunications,Austin,Active,https://github.com/lukaflpvc/YC-Vault/blob/1c86f32a981d479249496298f6bb746ff3c79efe/data/2025-04-21/YC_Companies.csv#L359,yc-vault:2025-04-21:YC_Companies.csv:row:359,2026-08-27T12:07:08+00:00
f86858e0-5553-5a1a-9158-fec29034a9ea,Double Robotics,,11,S12,"hardware, robotics",Burlingame,Active,https://github.com/lukaflpvc/YC-Vault/blob/1c86f32a981d479249496298f6bb746ff3c79efe/data/2025-04-21/YC_Companies.csv#L360,yc-vault:2025-04-21:YC_Companies.csv:row:360,2026-08-27T12:07:08+00:00
ac5989d8-aa96-50a1-80e7-34746d867fad,Vastrm,,2,S12,"manufacturing, apparel, customization",Burlingame,Active,https://github.com/lukaflpvc/YC-Vault/blob/1c86f32a981d479249496298f6bb746ff3c79efe/data/2025-04-21/YC_Companies.csv#L361,yc-vault:2025-04-21:YC_Companies.csv:row:361,2026-08-27T12:07:08+00:00
6d6f61d9-a7ee-5145-bd20-e7183fb28b57,Flightfox,,25,S12,"b2b, travel",Boulder,Active,https://github.com/lukaflpvc/YC-Vault/blob/1c86f32a981d479249496298f6bb746ff3c79efe/data/2025-04-21/YC_Companies.csv#L362,yc-vault:2025-04-21:YC_Companies.csv:row:362,2026-08-27T12:07:08+00:00
1e0a9cbd-2985-51ae-9b3d-7ea8d7c2ad7f,BackerKit,,42,S12,"saas,crowdfunding",San Francisco,Active,https://github.com/lukaflpvc/YC-Vault/blob/1c86f32a981d479249496298f6bb746ff3c79efe/data/2025-04-21/YC_Companies.csv#L363,yc-vault:2025-04-21:YC_Companies.csv:row:363,2026-08-27T12:07:08+00:00
47cb3823-a953-5802-b7fd-c3a8d10bf9f9,Submittable,,165,S12,,Missoula,Active,https://github.com/lukaflpvc/YC-Vault/blob/1c86f32a981d479249496298f6bb746ff3c79efe/data/2025-04-21/YC_Companies.csv#L364,yc-vault:2025-04-21:YC_Companies.csv:row:364,2026-08-27T12:07:08+00:00
258f0ca7-3e63-52bb-8c78-6a294b034c25,NewsBlur,,1,S12,consumer,San Francisco,Active,https://github.com/lukaflpvc/YC-Vault/blob/1c86f32a981d479249496298f6bb746ff3c79efe/data/2025-04-21/YC_Companies.csv#L365,yc-vault:2025-04-21:YC_Companies.csv:row:365,2026-08-27T12:07:08+00:00
d38453ae-96b5-5cea-a167-2fc35c0b4e79,OctaveWealth,,2,S12,finance,San Francisco,Active,https://github.com/lukaflpvc/YC-Vault/blob/1c86f32a981d479249496298f6bb746ff3c79efe/data/2025-04-21/YC_Companies.csv#L366,yc-vault:2025-04-21:YC_Companies.csv:row:366,2026-08-27T12:07:08+00:00
b0431d44-1776-5153-8d55-aa7660e817b9,Upwave,,50,S12,Marketing analytics,San Francisco,Active,https://github.com/lukaflpvc/YC-Vault/blob/1c86f32a981d479249496298f6bb746ff3c79efe/data/2025-04-21/YC_Companies.csv#L367,yc-vault:2025-04-21:YC_Companies.csv:row:367,2026-08-27T12:07:08+00:00
4f6c3ac1-de7f-5c6f-bb00-fd8111e4936d,FundersClub,,5,S12,"Online VC, fintech, marketplace",San Francisco,Active,https://github.com/lukaflpvc/YC-Vault/blob/1c86f32a981d479249496298f6bb746ff3c79efe/data/2025-04-21/YC_Companies.csv#L369,yc-vault:2025-04-21:YC_Companies.csv:row:369,2026-08-27T12:07:08+00:00
9a394e23-96fc-5cc2-8b7b-58121050736e,Zentail,,30,S12,"saas, e-commerce",Columbia MD,Active,https://github.com/lukaflpvc/YC-Vault/blob/1c86f32a981d479249496298f6bb746ff3c79efe/data/2025-04-21/YC_Companies.csv#L370,yc-vault:2025-04-21:YC_Companies.csv:row:370,2026-08-27T12:07:08+00:00
455353a1-b4cc-5aab-9106-62d8a0a1ce99,Mattermost,,120,S12,"devsecops, collaboration, security, open-source",Palo Alto,Active,https://github.com/lukaflpvc/YC-Vault/blob/1c86f32a981d479249496298f6bb746ff3c79efe/data/2025-04-21/YC_Companies.csv#L371,yc-vault:2025-04-21:YC_Companies.csv:row:371,2026-08-27T12:07:08+00:00
6967cdce-0c52-5799-ae0d-c023c3eed009,HealthSherpa,,220,S12,health-insurance,Sacramento,Active,https://github.com/lukaflpvc/YC-Vault/blob/1c86f32a981d479249496298f6bb746ff3c79efe/data/2025-04-21/YC_Companies.csv#L372,yc-vault:2025-04-21:YC_Companies.csv:row:372,2026-08-27T12:07:08+00:00
629c40ef-531b-5afc-971a-a1f4beef13a4,Human Dx,,11,S12,"health-tech, diagnostics",San Francisco,Active,https://github.com/lukaflpvc/YC-Vault/blob/1c86f32a981d479249496298f6bb746ff3c79efe/data/2025-04-21/YC_Companies.csv#L373,yc-vault:2025-04-21:YC_Companies.csv:row:373,2026-08-27T12:07:08+00:00
1a38c7b1-1a29-5291-ae5b-e4bc78b8848a,Mth Sense,,11,S12,advertising,San Jose,Active,https://github.com/lukaflpvc/YC-Vault/blob/1c86f32a981d479249496298f6bb746ff3c79efe/data/2025-04-21/YC_Companies.csv#L374,yc-vault:2025-04-21:YC_Companies.csv:row:374,2026-08-27T12:07:08+00:00
8d4f3634-0cc7-5682-9921-d9e877bf98f5,Rainforest,,40,S12,developer-tools,San Francisco,Active,https://github.com/lukaflpvc/YC-Vault/blob/1c86f32a981d479249496298f6bb746ff3c79efe/data/2025-04-21/YC_Companies.csv#L375,yc-vault:2025-04-21:YC_Companies.csv:row:375,2026-08-27T12:07:08+00:00
ef55989c-dc03-5792-94c3-b95139564ee6,ClassDojo,,100,S12,"education,consumer,entertainment,kids,metaverse",San Francisco,Active,https://github.com/lukaflpvc/YC-Vault/blob/1c86f32a981d479249496298f6bb746ff3c79efe/data/2025-04-21/YC_Companies.csv#L376,yc-vault:2025-04-21:YC_Companies.csv:row:376,2026-08-27T12:07:08+00:00
3bec5ae7-5711-519d-bea7-2c7ad3938839,Study Edge,,50,S12,edtech,Gainesville FL,Active,https://github.com/lukaflpvc/YC-Vault/blob/1c86f32a981d479249496298f6bb746ff3c79efe/data/2025-04-21/YC_Companies.csv#L377,yc-vault:2025-04-21:YC_Companies.csv:row:377,2026-08-27T12:07:08+00:00
cdecab9b-d13e-5191-82aa-fef3b232feae,Virool,,51,S12,video advertising,San Francisco,Active,https://github.com/lukaflpvc/YC-Vault/blob/1c86f32a981d479249496298f6bb746ff3c79efe/data/2025-04-21/YC_Companies.csv#L378,yc-vault:2025-04-21:YC_Companies.csv:row:378,2026-08-27T12:07:08+00:00
4f422d11-9fb0-5e13-aa5e-6aae39a2bc81,Mattermark,,11,S12,,San Francisco,Active,https://github.com/lukaflpvc/YC-Vault/blob/1c86f32a981d479249496298f6bb746ff3c79efe/data/2025-04-21/YC_Companies.csv#L380,yc-vault:2025-04-21:YC_Companies.csv:row:380,2026-08-27T12:07:08+00:00
a243b5d2-263d-59ce-a4c3-2513a1d20a9c,Natero,,11,S12,saas,Mountain View,Active,https://github.com/lukaflpvc/YC-Vault/blob/1c86f32a981d479249496298f6bb746ff3c79efe/data/2025-04-21/YC_Companies.csv#L381,yc-vault:2025-04-21:YC_Companies.csv:row:381,2026-08-27T12:07:08+00:00
8c9db600-4a85-5312-874e-673109989668,BufferBox,,2,S12,e-commerce,Waterloo,Active,https://github.com/lukaflpvc/YC-Vault/blob/1c86f32a981d479249496298f6bb746ff3c79efe/data/2025-04-21/YC_Companies.csv#L382,yc-vault:2025-04-21:YC_Companies.csv:row:382,2026-08-27T12:07:08+00:00
f6992dfe-5a0c-566d-98ed-1e614df15e94,Easel,,2,S12,design-tools,CA,Active,https://github.com/lukaflpvc/YC-Vault/blob/1c86f32a981d479249496298f6bb746ff3c79efe/data/2025-04-21/YC_Companies.csv#L383,yc-vault:2025-04-21:YC_Companies.csv:row:383,2026-08-27T12:07:08+00:00
d6fe2d69-5f9b-529f-a49e-4c2dcca94cb0,Vayable,,2,S12,"education, marketplace, sustainable-tourism",San Francisco,Active,https://github.com/lukaflpvc/YC-Vault/blob/1c86f32a981d479249496298f6bb746ff3c79efe/data/2025-04-21/YC_Companies.csv#L384,yc-vault:2025-04-21:YC_Companies.csv:row:384,2026-08-27T12:07:08+00:00
077bd2fb-a156-5274-8623-d878c8b6968a,Soylent,,51,S12,"sustainability, food-tech",Los Angeles,Active,https://github.com/lukaflpvc/YC-Vault/blob/1c86f32a981d479249496298f6bb746ff3c79efe/data/2025-04-21/YC_Companies.csv#L385,yc-vault:2025-04-21:YC_Companies.csv:row:385,2026-08-27T12:07:08+00:00
fe307474-cb38-57fb-bb39-7db4131152c2,OmniVirt,,15,S12,advertising,San Francisco,Active,https://github.com/lukaflpvc/YC-Vault/blob/1c86f32a981d479249496298f6bb746ff3c79efe/data/2025-04-21/YC_Companies.csv#L387,yc-vault:2025-04-21:YC_Companies.csv:row:387,2026-08-27T12:07:08+00:00
3afaef43-3a69-5830-9d5e-5590fc5f938c,Fullstack Academy,,170,S12,education,New York,Active,https://github.com/lukaflpvc/YC-Vault/blob/1c86f32a981d479249496298f6bb746ff3c79efe/data/2025-04-21/YC_Companies.csv#L388,yc-vault:2025-04-21:YC_Companies.csv:row:388,2026-08-27T12:07:08+00:00
113c3506-7b86-5130-ae40-75c3fce70f4b,Statwing,,2,S12,,San Francisco,Active,https://github.com/lukaflpvc/YC-Vault/blob/1c86f32a981d479249496298f6bb746ff3c79efe/data/2025-04-21/YC_Companies.csv#L389,yc-vault:2025-04-21:YC_Companies.csv:row:389,2026-08-27T12:07:08+00:00
d44a254b-9405-5a43-a570-274db866e860,Kamcord,,11,S12,,San Francisco,Active,https://github.com/lukaflpvc/YC-Vault/blob/1c86f32a981d479249496298f6bb746ff3c79efe/data/2025-04-21/YC_Companies.csv#L390,yc-vault:2025-04-21:YC_Companies.csv:row:390,2026-08-27T12:07:08+00:00
a77e647f-dc7c-555f-824a-4499eeda0a51,ZeroMailer,,2,S12,email,,Active,https://github.com/lukaflpvc/YC-Vault/blob/1c86f32a981d479249496298f6bb746ff3c79efe/data/2025-04-21/YC_Companies.csv#L391,yc-vault:2025-04-21:YC_Companies.csv:row:391,2026-08-27T12:07:08+00:00
a6d72e99-c931-5881-837d-99d7332cb42f,Boosted,,51,S12,electric-vehicles,Mountain View,Active,https://github.com/lukaflpvc/YC-Vault/blob/1c86f32a981d479249496298f6bb746ff3c79efe/data/2025-04-21/YC_Companies.csv#L392,yc-vault:2025-04-21:YC_Companies.csv:row:392,2026-08-27T12:07:08+00:00
92133094-fe68-5aa2-a066-16042b2dfe2d,Knowmia,,11,S12,"education, video, personalization",San Francisco,Active,https://github.com/lukaflpvc/YC-Vault/blob/1c86f32a981d479249496298f6bb746ff3c79efe/data/2025-04-21/YC_Companies.csv#L393,yc-vault:2025-04-21:YC_Companies.csv:row:393,2026-08-27T12:07:08+00:00
f2ee87a2-852e-5717-bb45-40df62f49c14,Light Table/Eve,,5,S12,"developer-tools, hard-tech",San Francisco,Active,https://github.com/lukaflpvc/YC-Vault/blob/1c86f32a981d479249496298f6bb746ff3c79efe/data/2025-04-21/YC_Companies.csv#L395,yc-vault:2025-04-21:YC_Companies.csv:row:395,2026-08-27T12:07:08+00:00
6101ba99-ede7-50ca-9658-602465a8e285,Thread,,92,S12,"e-commerce, retail, fashion",United Kingdom,Active,https://github.com/lukaflpvc/YC-Vault/blob/1c86f32a981d479249496298f6bb746ff3c79efe/data/2025-04-21/YC_Companies.csv#L396,yc-vault:2025-04-21:YC_Companies.csv:row:396,2026-08-27T12:07:08+00:00
cae75438-c23b-5cbe-bb6d-826b53777443,GetGoing,,11,S12,travel,Redwood City,Active,https://github.com/lukaflpvc/YC-Vault/blob/1c86f32a981d479249496298f6bb746ff3c79efe/data/2025-04-21/YC_Companies.csv#L397,yc-vault:2025-04-21:YC_Companies.csv:row:397,2026-08-27T12:07:08+00:00
e2d216ed-9f10-5741-a7fd-cdc23ccee412,Scoutzie,,2,S12,,Palo Alto,Active,https://github.com/lukaflpvc/YC-Vault/blob/1c86f32a981d479249496298f6bb746ff3c79efe/data/2025-04-21/YC_Companies.csv#L398,yc-vault:2025-04-21:YC_Companies.csv:row:398,2026-08-27T12:07:08+00:00
5b018ae2-7622-5a12-980e-8fe589e408d4,Viacycle,,2,S12,mobility,Atlanta,Active,https://github.com/lukaflpvc/YC-Vault/blob/1c86f32a981d479249496298f6bb746ff3c79efe/data/2025-04-21/YC_Companies.csv#L400,yc-vault:2025-04-21:YC_Companies.csv:row:400,2026-08-27T12:07:08+00:00
8e0de756-75cb-5936-913e-543fae5f8c05,Parallel Universe,,2,S12,"devops, cloud-computing",,Active,https://github.com/lukaflpvc/YC-Vault/blob/1c86f32a981d479249496298f6bb746ff3c79efe/data/2025-04-21/YC_Companies.csv#L401,yc-vault:2025-04-21:YC_Companies.csv:row:401,2026-08-27T12:07:08+00:00
8609e4bc-c789-5515-8da5-48b69d7ecc77,Celery,,11,S12,"e-commerce, crowdfunding",San Francisco,Active,https://github.com/lukaflpvc/YC-Vault/blob/1c86f32a981d479249496298f6bb746ff3c79efe/data/2025-04-21/YC_Companies.csv#L402,yc-vault:2025-04-21:YC_Companies.csv:row:402,2026-08-27T12:07:08+00:00
0a9cd3bc-6383-562d-9c7b-14e4e2562a02,Everyday.me,,11,S12,,,Active,https://github.com/lukaflpvc/YC-Vault/blob/1c86f32a981d479249496298f6bb746ff3c79efe/data/2025-04-21/YC_Companies.csv#L403,yc-vault:2025-04-21:YC_Companies.csv:row:403,2026-08-27T12:07:08+00:00
c2d1c5de-cadc-5fa5-adac-294b043e36ee,MicroEval,,2,S12,hr-tech,Hamlin NY,Active,https://github.com/lukaflpvc/YC-Vault/blob/1c86f32a981d479249496298f6bb746ff3c79efe/data/2025-04-21/YC_Companies.csv#L404,yc-vault:2025-04-21:YC_Companies.csv:row:404,2026-08-27T12:07:08+00:00
cdd3f50e-9740-553f-b36c-b3735fdcf27f,RegistryLove,,11,S12,e-commerce,Cupertino,Active,https://github.com/lukaflpvc/YC-Vault/blob/1c86f32a981d479249496298f6bb746ff3c79efe/data/2025-04-21/YC_Companies.csv#L406,yc-vault:2025-04-21:YC_Companies.csv:row:406,2026-08-27T12:07:08+00:00
87c5e00d-112b-54e8-8939-12741ee32308,GoScale,,2,S12,saas,London,Active,https://github.com/lukaflpvc/YC-Vault/blob/1c86f32a981d479249496298f6bb746ff3c79efe/data/2025-04-21/YC_Companies.csv#L407,yc-vault:2025-04-21:YC_Companies.csv:row:407,2026-08-27T12:07:08+00:00
025f6fea-b5f4-528e-ab53-bf042490fed4,Tastemaker,,11,S12,Interior design marketplace and online retailer,San Francisco,Active,https://github.com/lukaflpvc/YC-Vault/blob/1c86f32a981d479249496298f6bb746ff3c79efe/data/2025-04-21/YC_Companies.csv#L408,yc-vault:2025-04-21:YC_Companies.csv:row:408,2026-08-27T12:07:08+00:00
3572a24d-e483-5e01-8b45-55ee8fa535a5,Partnered,,11,S12,,San Francisco,Active,https://github.com/lukaflpvc/YC-Vault/blob/1c86f32a981d479249496298f6bb746ff3c79efe/data/2025-04-21/YC_Companies.csv#L410,yc-vault:2025-04-21:YC_Companies.csv:row:410,2026-08-27T12:07:08+00:00
22e1dc7c-c0b1-5c1b-81ec-def060426316,Profig,,2,S12,telecommunications,Mountain View,Active,https://github.com/lukaflpvc/YC-Vault/blob/1c86f32a981d479249496298f6bb746ff3c79efe/data/2025-04-21/YC_Companies.csv#L411,yc-vault:2025-04-21:YC_Companies.csv:row:411,2026-08-27T12:07:08+00:00
a2c02f7e-7dbd-5725-8c43-4040253562cf,Keychain Logistics,,2,S12,logistics,San Francisco,Active,https://github.com/lukaflpvc/YC-Vault/blob/1c86f32a981d479249496298f6bb746ff3c79efe/data/2025-04-21/YC_Companies.csv#L412,yc-vault:2025-04-21:YC_Companies.csv:row:412,2026-08-27T12:07:08+00:00
f8343ff9-2ff6-5bf8-98e8-5f2d32505151,ReelSurfer,,2,S12,,Menlo Park,Active,https://github.com/lukaflpvc/YC-Vault/blob/1c86f32a981d479249496298f6bb746ff3c79efe/data/2025-04-21/YC_Companies.csv#L413,yc-vault:2025-04-21:YC_Companies.csv:row:413,2026-08-27T12:07:08+00:00
8f8639a2-29d7-50f6-8262-88addd666a67,Dreamforge,,2,S12,3d-printing,San Francisco,Active,https://github.com/lukaflpvc/YC-Vault/blob/1c86f32a981d479249496298f6bb746ff3c79efe/data/2025-04-21/YC_Companies.csv#L414,yc-vault:2025-04-21:YC_Companies.csv:row:414,2026-08-27T12:07:08+00:00
f9d68a92-36fd-5dbb-a265-825da2faf8c9,Kippt,,2,S12,social,San Francisco,Active,https://github.com/lukaflpvc/YC-Vault/blob/1c86f32a981d479249496298f6bb746ff3c79efe/data/2025-04-21/YC_Companies.csv#L418,yc-vault:2025-04-21:YC_Companies.csv:row:418,2026-08-27T12:07:08+00:00
1f32731c-d313-5438-b166-6634b76bb283,Hiptype,,2,S12,"e-commerce, analytics",San Francisco,Active,https://github.com/lukaflpvc/YC-Vault/blob/1c86f32a981d479249496298f6bb746ff3c79efe/data/2025-04-21/YC_Companies.csv#L419,yc-vault:2025-04-21:YC_Companies.csv:row:419,2026-08-27T12:07:08+00:00
ad701f35-436c-5ca7-971a-fa86677c7a68,Markupwand,,3,S12,,Bengaluru,Active,https://github.com/lukaflpvc/YC-Vault/blob/1c86f32a981d479249496298f6bb746ff3c79efe/data/2025-04-21/YC_Companies.csv#L420,yc-vault:2025-04-21:YC_Companies.csv:row:420,2026-08-27T12:07:08+00:00
68063ece-4936-56ba-a29d-cdaf08018e50,Sparkboard,,1,S12,,,Active,https://github.com/lukaflpvc/YC-Vault/blob/1c86f32a981d479249496298f6bb746ff3c79efe/data/2025-04-21/YC_Companies.csv#L421,yc-vault:2025-04-21:YC_Companies.csv:row:421,2026-08-27T12:07:08+00:00
7fa3eb8a-ae35-50d9-8098-051cd6bb626a,Crohnology (by Healthy Labs),,1,S12,"consumer-health-services, social-network",San Francisco,Active,https://github.com/lukaflpvc/YC-Vault/blob/1c86f32a981d479249496298f6bb746ff3c79efe/data/2025-04-21/YC_Companies.csv#L422,yc-vault:2025-04-21:YC_Companies.csv:row:422,2026-08-27T12:07:08+00:00
6804b189-2b4a-5a29-92c9-7827b4374ea2,DataNitro,,11,S12,,New York,Active,https://github.com/lukaflpvc/YC-Vault/blob/1c86f32a981d479249496298f6bb746ff3c79efe/data/2025-04-21/YC_Companies.csv#L424,yc-vault:2025-04-21:YC_Companies.csv:row:424,2026-08-27T12:07:08+00:00
1ff62b0c-d5bb-50e9-8b9a-cbad0d2db3d6,Framebase,,2,S12,API for video.,San Francisco,Active,https://github.com/lukaflpvc/YC-Vault/blob/1c86f32a981d479249496298f6bb746ff3c79efe/data/2025-04-21/YC_Companies.csv#L426,yc-vault:2025-04-21:YC_Companies.csv:row:426,2026-08-27T12:07:08+00:00
ad57919b-7223-557f-ac81-2346cfabd6b7,Testmunk,,2,S12,Mobile App Testing,CA,Active,https://github.com/lukaflpvc/YC-Vault/blob/1c86f32a981d479249496298f6bb746ff3c79efe/data/2025-04-21/YC_Companies.csv#L427,yc-vault:2025-04-21:YC_Companies.csv:row:427,2026-08-27T12:07:08+00:00
95703787-491f-5828-8dbe-f8c8f97b1223,Arc,,2,S12,aerial videography,Palo Alto,Active,https://github.com/lukaflpvc/YC-Vault/blob/1c86f32a981d479249496298f6bb746ff3c79efe/data/2025-04-21/YC_Companies.csv#L428,yc-vault:2025-04-21:YC_Companies.csv:row:428,2026-08-27T12:07:08+00:00
188414eb-d0e5-5f0c-83b5-ae28ddee21df,Imgfave,,2,S12,,San Francisco,Active,https://github.com/lukaflpvc/YC-Vault/blob/1c86f32a981d479249496298f6bb746ff3c79efe/data/2025-04-21/YC_Companies.csv#L429,yc-vault:2025-04-21:YC_Companies.csv:row:429,2026-08-27T12:07:08+00:00
46015f6a-4478-5b00-b020-dac2ab59beee,LeanMarket,,2,S12,Mobile advertising,Mountain View,Active,https://github.com/lukaflpvc/YC-Vault/blob/1c86f32a981d479249496298f6bb746ff3c79efe/data/2025-04-21/YC_Companies.csv#L430,yc-vault:2025-04-21:YC_Companies.csv:row:430,2026-08-27T12:07:08+00:00
cf04d076-d15b-5ac8-9f35-4dadcd893e72,Canopy Labs,,11,S12,"artificial-intelligence,analytics,marketing,crm",New York,Active,https://github.com/lukaflpvc/YC-Vault/blob/1c86f32a981d479249496298f6bb746ff3c79efe/data/2025-04-21/YC_Companies.csv#L431,yc-vault:2025-04-21:YC_Companies.csv:row:431,2026-08-27T12:07:08+00:00
2afc6524-dc4b-5e7b-9820-706a606ac999,TomoGuides,,2,S12,travel,Seattle,Active,https://github.com/lukaflpvc/YC-Vault/blob/1c86f32a981d479249496298f6bb746ff3c79efe/data/2025-04-21/YC_Companies.csv#L432,yc-vault:2025-04-21:YC_Companies.csv:row:432,2026-08-27T12:07:08+00:00
73ba34d4-e8da-5f6a-b961-54c73fc96258,Heap,,388,W13,"saas, analytics",San Francisco,Active,https://github.com/lukaflpvc/YC-Vault/blob/1c86f32a981d479249496298f6bb746ff3c79efe/data/2025-04-21/YC_Companies.csv#L433,yc-vault:2025-04-21:YC_Companies.csv:row:433,2026-08-27T12:07:08+00:00
80f2ac0b-94d2-5002-93e0-5bc16f8abab8,Fivetran,,1200,W13,,Oakland,Active,https://github.com/lukaflpvc/YC-Vault/blob/1c86f32a981d479249496298f6bb746ff3c79efe/data/2025-04-21/YC_Companies.csv#L434,yc-vault:2025-04-21:YC_Companies.csv:row:434,2026-08-27T12:07:08+00:00
60899d17-a37f-54d4-9623-ddd57633a7ac,Zenefits,,500,W13,hr-tech,San Francisco,Active,https://github.com/lukaflpvc/YC-Vault/blob/1c86f32a981d479249496298f6bb746ff3c79efe/data/2025-04-21/YC_Companies.csv#L435,yc-vault:2025-04-21:YC_Companies.csv:row:435,2026-08-27T12:07:08+00:00
b6a915ab-38af-5d4f-94a9-2d3f4105bddc,North,,51,W13,hardware,Kitchener,Active,https://github.com/lukaflpvc/YC-Vault/blob/1c86f32a981d479249496298f6bb746ff3c79efe/data/2025-04-21/YC_Companies.csv#L436,yc-vault:2025-04-21:YC_Companies.csv:row:436,2026-08-27T12:07:08+00:00
da2c1180-76f0-50cd-a68d-d7709f095f04,Watsi,,11,W13,"crowdfunding, healthcare",San Francisco,Active,https://github.com/lukaflpvc/YC-Vault/blob/1c86f32a981d479249496298f6bb746ff3c79efe/data/2025-04-21/YC_Companies.csv#L437,yc-vault:2025-04-21:YC_Companies.csv:row:437,2026-08-27T12:07:08+00:00
82dc8f8c-4c4a-55c2-afd9-8eb2b819df82,Goldbelly,,125,W13,"marketplace,e-commerce",New York,Active,https://github.com/lukaflpvc/YC-Vault/blob/1c86f32a981d479249496298f6bb746ff3c79efe/data/2025-04-21/YC_Companies.csv#L438,yc-vault:2025-04-21:YC_Companies.csv:row:438,2026-08-27T12:07:08+00:00
b3355b39-6c9b-5979-b25a-018bba97b05d,Wevorce,,11,W13,legaltech,Bothell WA,Active,https://github.com/lukaflpvc/YC-Vault/blob/1c86f32a981d479249496298f6bb746ff3c79efe/data/2025-04-21/YC_Companies.csv#L439,yc-vault:2025-04-21:YC_Companies.csv:row:439,2026-08-27T12:07:08+00:00
0ce21d83-5b26-5a7f-905c-6677934c04f5,Wefunder,,35,W13,fintech,San Francisco,Active,https://github.com/lukaflpvc/YC-Vault/blob/1c86f32a981d479249496298f6bb746ff3c79efe/data/2025-04-21/YC_Companies.csv#L440,yc-vault:2025-04-21:YC_Companies.csv:row:440,2026-08-27T12:07:08+00:00
f5721347-f963-5baa-8d65-6e05b469150a,SimplyInsured,,35,W13,health-insurance,San Francisco,Active,https://github.com/lukaflpvc/YC-Vault/blob/1c86f32a981d479249496298f6bb746ff3c79efe/data/2025-04-21/YC_Companies.csv#L441,yc-vault:2025-04-21:YC_Companies.csv:row:441,2026-08-27T12:07:08+00:00
39c4f2a1-fd24-528a-9b56-e7d392b78449,Experiment,,1,W13,crowdfunding,Honolulu,Active,https://github.com/lukaflpvc/YC-Vault/blob/1c86f32a981d479249496298f6bb746ff3c79efe/data/2025-04-21/YC_Companies.csv#L442,yc-vault:2025-04-21:YC_Companies.csv:row:442,2026-08-27T12:07:08+00:00
b70ca9ef-8d8c-5645-876b-12108ddfc8f9,RADAR,,46,W13,"artificial-intelligence, retail-tech",New York,Active,https://github.com/lukaflpvc/YC-Vault/blob/1c86f32a981d479249496298f6bb746ff3c79efe/data/2025-04-21/YC_Companies.csv#L443,yc-vault:2025-04-21:YC_Companies.csv:row:443,2026-08-27T12:07:08+00:00
65227a27-0f85-583b-b64e-24d2b9001c18,Lollipuff,,11,W13,marketplace,Mountain View,Active,https://github.com/lukaflpvc/YC-Vault/blob/1c86f32a981d479249496298f6bb746ff3c79efe/data/2025-04-21/YC_Companies.csv#L444,yc-vault:2025-04-21:YC_Companies.csv:row:444,2026-08-27T12:07:08+00:00
01bfc6d5-bffd-5482-86e5-4f1e7b63958b,Strikingly,,99,W13,e-commerce,Shanghai,Active,https://github.com/lukaflpvc/YC-Vault/blob/1c86f32a981d479249496298f6bb746ff3c79efe/data/2025-04-21/YC_Companies.csv#L445,yc-vault:2025-04-21:YC_Companies.csv:row:445,2026-08-27T12:07:08+00:00
1c651404-fe34-5c96-9782-5b73634fb5c5,InfluxData,,210,W13,"analytics, open-source, time-series, databases",San Francisco,Active,https://github.com/lukaflpvc/YC-Vault/blob/1c86f32a981d479249496298f6bb746ff3c79efe/data/2025-04-21/YC_Companies.csv#L446,yc-vault:2025-04-21:YC_Companies.csv:row:446,2026-08-27T12:07:08+00:00
35a428ec-33a9-5718-814a-058a381a76a6,Etleap,,11,W13,data-engineering,San Francisco,Active,https://github.com/lukaflpvc/YC-Vault/blob/1c86f32a981d479249496298f6bb746ff3c79efe/data/2025-04-21/YC_Companies.csv#L447,yc-vault:2025-04-21:YC_Companies.csv:row:447,2026-08-27T12:07:08+00:00
d714f0ba-8cb3-539d-93f3-51fb367050ed,Cheetah,,2,W13,"logistics, supply-chain",San Francisco,Active,https://github.com/lukaflpvc/YC-Vault/blob/1c86f32a981d479249496298f6bb746ff3c79efe/data/2025-04-21/YC_Companies.csv#L448,yc-vault:2025-04-21:YC_Companies.csv:row:448,2026-08-27T12:07:08+00:00
6cde0d9c-8461-522b-82f7-5fdf65a5c568,Padlet,,40,W13,"education, saas",San Francisco,Active,https://github.com/lukaflpvc/YC-Vault/blob/1c86f32a981d479249496298f6bb746ff3c79efe/data/2025-04-21/YC_Companies.csv#L450,yc-vault:2025-04-21:YC_Companies.csv:row:450,2026-08-27T12:07:08+00:00
75405b48-307e-5faf-b170-9b639362de6c,BuildZoom,,100,W13,"real-estate, construction",San Francisco,Active,https://github.com/lukaflpvc/YC-Vault/blob/1c86f32a981d479249496298f6bb746ff3c79efe/data/2025-04-21/YC_Companies.csv#L451,yc-vault:2025-04-21:YC_Companies.csv:row:451,2026-08-27T12:07:08+00:00
f7c759fe-96c1-526d-8aaf-55b06348933c,CircuitLab,,2,W13,"hardware, saas",Redwood City,Active,https://github.com/lukaflpvc/YC-Vault/blob/1c86f32a981d479249496298f6bb746ff3c79efe/data/2025-04-21/YC_Companies.csv#L452,yc-vault:2025-04-21:YC_Companies.csv:row:452,2026-08-27T12:07:08+00:00
f6fc806d-3dfe-5b66-af80-412a182d844e,StyleUp,,2,W13,,New York,Active,https://github.com/lukaflpvc/YC-Vault/blob/1c86f32a981d479249496298f6bb746ff3c79efe/data/2025-04-21/YC_Companies.csv#L453,yc-vault:2025-04-21:YC_Companies.csv:row:453,2026-08-27T12:07:08+00:00
2501cd43-d84d-51ca-a00b-6c9d09d92639,Semantics3,,25,W13,"artificial-intelligence, logistics, e-commerce",San Francisco,Active,https://github.com/lukaflpvc/YC-Vault/blob/1c86f32a981d479249496298f6bb746ff3c79efe/data/2025-04-21/YC_Companies.csv#L455,yc-vault:2025-04-21:YC_Companies.csv:row:455,2026-08-27T12:07:08+00:00
e28b75a6-8201-5fc4-af3f-8b8c7b605136,Kalibrr,,51,W13,,Makati,Active,https://github.com/lukaflpvc/YC-Vault/blob/1c86f32a981d479249496298f6bb746ff3c79efe/data/2025-04-21/YC_Companies.csv#L456,yc-vault:2025-04-21:YC_Companies.csv:row:456,2026-08-27T12:07:08+00:00
3098de79-3103-516e-8de7-25c751ee62e2,Coin,,11,W13,payments,San Francisco,Active,https://github.com/lukaflpvc/YC-Vault/blob/1c86f32a981d479249496298f6bb746ff3c79efe/data/2025-04-21/YC_Companies.csv#L457,yc-vault:2025-04-21:YC_Companies.csv:row:457,2026-08-27T12:07:08+00:00
823684b3-0c20-577c-a390-edafd8f694f3,MedXT,,2,W13,"health-tech,medical-devices",San Francisco,Active,https://github.com/lukaflpvc/YC-Vault/blob/1c86f32a981d479249496298f6bb746ff3c79efe/data/2025-04-21/YC_Companies.csv#L458,yc-vault:2025-04-21:YC_Companies.csv:row:458,2026-08-27T12:07:08+00:00
16895104-b42b-5a6c-83ec-71de6247c679,Meldium,,2,W13,"security, enterprise",San Francisco,Active,https://github.com/lukaflpvc/YC-Vault/blob/1c86f32a981d479249496298f6bb746ff3c79efe/data/2025-04-21/YC_Companies.csv#L459,yc-vault:2025-04-21:YC_Companies.csv:row:459,2026-08-27T12:07:08+00:00
e13797be-b80c-5383-9e0e-04a5e9f150de,Bitnami,,75,W13,developer-tools,San Francisco,Active,https://github.com/lukaflpvc/YC-Vault/blob/1c86f32a981d479249496298f6bb746ff3c79efe/data/2025-04-21/YC_Companies.csv#L460,yc-vault:2025-04-21:YC_Companies.csv:row:460,2026-08-27T12:07:08+00:00
b10da092-44da-5b1f-92f3-76f9952d450d,GrepData,,51,W13,Big Data Analytics,San Francisco,Active,https://github.com/lukaflpvc/YC-Vault/blob/1c86f32a981d479249496298f6bb746ff3c79efe/data/2025-04-21/YC_Companies.csv#L461,yc-vault:2025-04-21:YC_Companies.csv:row:461,2026-08-27T12:07:08+00:00
ccc657b6-50b2-5a76-8a51-f4b91e06ba4e,VaycayHero,,55,W13,,San Francisco,Active,https://github.com/lukaflpvc/YC-Vault/blob/1c86f32a981d479249496298f6bb746ff3c79efe/data/2025-04-21/YC_Companies.csv#L462,yc-vault:2025-04-21:YC_Companies.csv:row:462,2026-08-27T12:07:08+00:00
09d5a2a1-4d68-5d7f-9da8-cf1e6fb2df8f,Scuba,,51,W13,analytics,,Active,https://github.com/lukaflpvc/YC-Vault/blob/1c86f32a981d479249496298f6bb746ff3c79efe/data/2025-04-21/YC_Companies.csv#L463,yc-vault:2025-04-21:YC_Companies.csv:row:463,2026-08-27T12:07:08+00:00
3798d6ca-e483-543e-9a4f-5f7644737dec,Screenhero,,2,W13,team-collaboration,Mountain View,Active,https://github.com/lukaflpvc/YC-Vault/blob/1c86f32a981d479249496298f6bb746ff3c79efe/data/2025-04-21/YC_Companies.csv#L464,yc-vault:2025-04-21:YC_Companies.csv:row:464,2026-08-27T12:07:08+00:00
6803c569-8ef2-5074-92d5-c6c444cfed61,Prophecy Sciences,,2,W13,neurotechnology,San Francisco,Active,https://github.com/lukaflpvc/YC-Vault/blob/1c86f32a981d479249496298f6bb746ff3c79efe/data/2025-04-21/YC_Companies.csv#L465,yc-vault:2025-04-21:YC_Companies.csv:row:465,2026-08-27T12:07:08+00:00
9dc36f7d-467b-50bb-a7e7-13413d96d7d9,Posmetrics,,2,W13,analytics,Cupertino,Active,https://github.com/lukaflpvc/YC-Vault/blob/1c86f32a981d479249496298f6bb746ff3c79efe/data/2025-04-21/YC_Companies.csv#L466,yc-vault:2025-04-21:YC_Companies.csv:row:466,2026-08-27T12:07:08+00:00
4d089f4d-0505-5ec4-8360-b97edd7317b5,Airware,,51,W13,"drones,enterprise",San Francisco,Active,https://github.com/lukaflpvc/YC-Vault/blob/1c86f32a981d479249496298f6bb746ff3c79efe/data/2025-04-21/YC_Companies.csv#L467,yc-vault:2025-04-21:YC_Companies.csv:row:467,2026-08-27T12:07:08+00:00
909d6e16-3ed2-50a4-a80e-9e32fb48342c,CrowdMed,,5,W13,consumer-health-services,San Francisco,Active,https://github.com/lukaflpvc/YC-Vault/blob/1c86f32a981d479249496298f6bb746ff3c79efe/data/2025-04-21/YC_Companies.csv#L469,yc-vault:2025-04-21:YC_Companies.csv:row:469,2026-08-27T12:07:08+00:00
3811879b-c4d5-58ef-9d0d-fff1122c6ae2,FlightCar,,51,W13,marketplace,San Francisco,Active,https://github.com/lukaflpvc/YC-Vault/blob/1c86f32a981d479249496298f6bb746ff3c79efe/data/2025-04-21/YC_Companies.csv#L470,yc-vault:2025-04-21:YC_Companies.csv:row:470,2026-08-27T12:07:08+00:00
68eb7109-9485-5b21-8e92-426e58eab501,Swapbox,,2,W13,"delivery, logistics, e-commerce",San Francisco,Active,https://github.com/lukaflpvc/YC-Vault/blob/1c86f32a981d479249496298f6bb746ff3c79efe/data/2025-04-21/YC_Companies.csv#L471,yc-vault:2025-04-21:YC_Companies.csv:row:471,2026-08-27T12:07:08+00:00
8a94ef69-8379-509c-958f-3d425499b7ca,BeatDeck,,2,W13,Music,Atlanta,Active,https://github.com/lukaflpvc/YC-Vault/blob/1c86f32a981d479249496298f6bb746ff3c79efe/data/2025-04-21/YC_Companies.csv#L472,yc-vault:2025-04-21:YC_Companies.csv:row:472,2026-08-27T12:07:08+00:00
3c7578ef-b2dc-5afa-beb4-ca91857b8562,Medisas,,11,W13,healthcare,San Francisco,Active,https://github.com/lukaflpvc/YC-Vault/blob/1c86f32a981d479249496298f6bb746ff3c79efe/data/2025-04-21/YC_Companies.csv#L474,yc-vault:2025-04-21:YC_Companies.csv:row:474,2026-08-27T12:07:08+00:00
3e39da67-2c30-58b0-886f-048b1a4a9e2f,Trainzen,,2,W13,"education, edtech",Sunnyvale,Active,https://github.com/lukaflpvc/YC-Vault/blob/1c86f32a981d479249496298f6bb746ff3c79efe/data/2025-04-21/YC_Companies.csv#L475,yc-vault:2025-04-21:YC_Companies.csv:row:475,2026-08-27T12:07:08+00:00
c8d4e990-a54e-518c-9f79-429d4e4790c5,PayTango,,2,W13,fintech,Mountain View,Active,https://github.com/lukaflpvc/YC-Vault/blob/1c86f32a981d479249496298f6bb746ff3c79efe/data/2025-04-21/YC_Companies.csv#L476,yc-vault:2025-04-21:YC_Companies.csv:row:476,2026-08-27T12:07:08+00:00
2651ff10-cfbd-51e7-bb6c-395a218edf84,Swish,,2,W13,"hardware, e-commerce",Palo Alto,Active,https://github.com/lukaflpvc/YC-Vault/blob/1c86f32a981d479249496298f6bb746ff3c79efe/data/2025-04-21/YC_Companies.csv#L477,yc-vault:2025-04-21:YC_Companies.csv:row:477,2026-08-27T12:07:08+00:00
a2723fb2-218a-5575-aadd-f2cd00b0ee8d,DoorDash,,8600,S13,,San Francisco,Active,https://github.com/lukaflpvc/YC-Vault/blob/1c86f32a981d479249496298f6bb746ff3c79efe/data/2025-04-21/YC_Companies.csv#L479,yc-vault:2025-04-21:YC_Companies.csv:row:479,2026-08-27T12:07:08+00:00
a97e92a0-2432-53c3-89aa-037344dd20d0,Casetext,,50,S13,"artificial-intelligence, legal",San Francisco,Active,https://github.com/lukaflpvc/YC-Vault/blob/1c86f32a981d479249496298f6bb746ff3c79efe/data/2025-04-21/YC_Companies.csv#L480,yc-vault:2025-04-21:YC_Companies.csv:row:480,2026-08-27T12:07:08+00:00
d37e5d0e-7a1f-5364-984f-acd0f80b8a0a,CoreOS,,150,S13,,San Francisco,Active,https://github.com/lukaflpvc/YC-Vault/blob/1c86f32a981d479249496298f6bb746ff3c79efe/data/2025-04-21/YC_Companies.csv#L481,yc-vault:2025-04-21:YC_Companies.csv:row:481,2026-08-27T12:07:08+00:00
c5b4e334-1232-5bd2-bbb0-de8dfcb243d1,Webflow,,600,S13,"saas, design, marketing",San Francisco,Active,https://github.com/lukaflpvc/YC-Vault/blob/1c86f32a981d479249496298f6bb746ff3c79efe/data/2025-04-21/YC_Companies.csv#L482,yc-vault:2025-04-21:YC_Companies.csv:row:482,2026-08-27T12:07:08+00:00
c0ec69cc-b3cd-5feb-b535-e8471db74926,True Link,,100,S13,fintech,San Francisco,Active,https://github.com/lukaflpvc/YC-Vault/blob/1c86f32a981d479249496298f6bb746ff3c79efe/data/2025-04-21/YC_Companies.csv#L483,yc-vault:2025-04-21:YC_Companies.csv:row:483,2026-08-27T12:07:08+00:00
d497a1b3-2841-56cf-88ef-6e6425206d45,Reebee,,11,S13,travel,Kitchener,Active,https://github.com/lukaflpvc/YC-Vault/blob/1c86f32a981d479249496298f6bb746ff3c79efe/data/2025-04-21/YC_Companies.csv#L484,yc-vault:2025-04-21:YC_Companies.csv:row:484,2026-08-27T12:07:08+00:00
b38eef2c-c387-509b-9eb1-dc6eb7e057cb,Lob,,150,S13,automation,San Francisco,Active,https://github.com/lukaflpvc/YC-Vault/blob/1c86f32a981d479249496298f6bb746ff3c79efe/data/2025-04-21/YC_Companies.csv#L485,yc-vault:2025-04-21:YC_Companies.csv:row:485,2026-08-27T12:07:08+00:00
44c3c3c2-81a5-54a2-99b8-028fa68d5d4c,Panorama Education,,350,S13,"education, saas, b2b",Boston,Active,https://github.com/lukaflpvc/YC-Vault/blob/1c86f32a981d479249496298f6bb746ff3c79efe/data/2025-04-21/YC_Companies.csv#L486,yc-vault:2025-04-21:YC_Companies.csv:row:486,2026-08-27T12:07:08+00:00
b0906f61-6cda-5085-beea-83176a06e78f,Cratejoy,,51,S13,subscriptions,Austin,Active,https://github.com/lukaflpvc/YC-Vault/blob/1c86f32a981d479249496298f6bb746ff3c79efe/data/2025-04-21/YC_Companies.csv#L487,yc-vault:2025-04-21:YC_Companies.csv:row:487,2026-08-27T12:07:08+00:00
aa400c77-28ab-5802-8f0d-65a463f4479b,"Estimote, Inc.",,40,S13,location intelligence platform,Kraków,Active,https://github.com/lukaflpvc/YC-Vault/blob/1c86f32a981d479249496298f6bb746ff3c79efe/data/2025-04-21/YC_Companies.csv#L488,yc-vault:2025-04-21:YC_Companies.csv:row:488,2026-08-27T12:07:08+00:00
fb55bd22-a7d3-5e88-a12f-ed754e4b722c,EasyPost,,51,S13,logistics,San Francisco,Active,https://github.com/lukaflpvc/YC-Vault/blob/1c86f32a981d479249496298f6bb746ff3c79efe/data/2025-04-21/YC_Companies.csv#L489,yc-vault:2025-04-21:YC_Companies.csv:row:489,2026-08-27T12:07:08+00:00
c07d2bdd-9696-5f49-bcb5-fbf124f4fa9a,Asseta,,4,S13,"Marketplace, b2b",Newport Beach,Active,https://github.com/lukaflpvc/YC-Vault/blob/1c86f32a981d479249496298f6bb746ff3c79efe/data/2025-04-21/YC_Companies.csv#L490,yc-vault:2025-04-21:YC_Companies.csv:row:490,2026-08-27T12:07:08+00:00
a55812c7-34df-56c1-80b2-1cf000554948,7cups,,11,S13,mental-health-tech,Virginia Beach,Active,https://github.com/lukaflpvc/YC-Vault/blob/1c86f32a981d479249496298f6bb746ff3c79efe/data/2025-04-21/YC_Companies.csv#L491,yc-vault:2025-04-21:YC_Companies.csv:row:491,2026-08-27T12:07:08+00:00
d0994e27-3ec9-56cd-acec-69ff28545ba4,Echo Locker,,2,S13,Android lock screen,,Active,https://github.com/lukaflpvc/YC-Vault/blob/1c86f32a981d479249496298f6bb746ff3c79efe/data/2025-04-21/YC_Companies.csv#L492,yc-vault:2025-04-21:YC_Companies.csv:row:492,2026-08-27T12:07:08+00:00
46ee0b62-3b6a-530d-91e3-c8706dd50ab0,Weilos,,11,S13,"fitness,health-&-wellness",San Francisco,Active,https://github.com/lukaflpvc/YC-Vault/blob/1c86f32a981d479249496298f6bb746ff3c79efe/data/2025-04-21/YC_Companies.csv#L493,yc-vault:2025-04-21:YC_Companies.csv:row:493,2026-08-27T12:07:08+00:00
e6a5dda4-2194-521c-b9c4-3a9a4aa24255,Datarank,,11,S13,"analytics, social",Fayetteville,Active,https://github.com/lukaflpvc/YC-Vault/blob/1c86f32a981d479249496298f6bb746ff3c79efe/data/2025-04-21/YC_Companies.csv#L494,yc-vault:2025-04-21:YC_Companies.csv:row:494,2026-08-27T12:07:08+00:00
521746b2-bc82-5805-a2bc-a05c18354f6f,Lumoid,,11,S13,e-commerce,San Francisco,Active,https://github.com/lukaflpvc/YC-Vault/blob/1c86f32a981d479249496298f6bb746ff3c79efe/data/2025-04-21/YC_Companies.csv#L495,yc-vault:2025-04-21:YC_Companies.csv:row:495,2026-08-27T12:07:08+00:00
72e2fb7c-b4ec-5e60-87be-e6d2de4a0ef4,Bop.fm,,2,S13,music,San Francisco,Active,https://github.com/lukaflpvc/YC-Vault/blob/1c86f32a981d479249496298f6bb746ff3c79efe/data/2025-04-21/YC_Companies.csv#L497,yc-vault:2025-04-21:YC_Companies.csv:row:497,2026-08-27T12:07:08+00:00
29bb6ba6-c456-5d4d-83ef-2bead04c82a1,Arcus,,100,S13,"fintech,payments,b2b",New York,Active,https://github.com/lukaflpvc/YC-Vault/blob/1c86f32a981d479249496298f6bb746ff3c79efe/data/2025-04-21/YC_Companies.csv#L498,yc-vault:2025-04-21:YC_Companies.csv:row:498,2026-08-27T12:07:08+00:00
0453428d-441f-5f64-a561-2d8d7c47bded,RealCrowd,,9,S13,real-estate,Portland,Active,https://github.com/lukaflpvc/YC-Vault/blob/1c86f32a981d479249496298f6bb746ff3c79efe/data/2025-04-21/YC_Companies.csv#L499,yc-vault:2025-04-21:YC_Companies.csv:row:499,2026-08-27T12:07:08+00:00
07bbb3ea-154f-5a52-bdaf-0675c9a70f8a,Senic,,16,S13,hardware,Berlin,Active,https://github.com/lukaflpvc/YC-Vault/blob/1c86f32a981d479249496298f6bb746ff3c79efe/data/2025-04-21/YC_Companies.csv#L500,yc-vault:2025-04-21:YC_Companies.csv:row:500,2026-08-27T12:07:08+00:00
17764523-cb2a-52e0-9162-b0e6d25c7c7f,SpoonRocket,,51,S13,delivery food-&-beverage,Berkeley,Active,https://github.com/lukaflpvc/YC-Vault/blob/1c86f32a981d479249496298f6bb746ff3c79efe/data/2025-04-21/YC_Companies.csv#L502,yc-vault:2025-04-21:YC_Companies.csv:row:502,2026-08-27T12:07:08+00:00
4a3f829c-e264-5769-8681-fb40fad1a254,SimpleLegal,,60,S13,"saas, legal",Mountain View,Active,https://github.com/lukaflpvc/YC-Vault/blob/1c86f32a981d479249496298f6bb746ff3c79efe/data/2025-04-21/YC_Companies.csv#L503,yc-vault:2025-04-21:YC_Companies.csv:row:503,2026-08-27T12:07:08+00:00
7f1f2cb8-01ac-5383-b2e2-0193b1bf9cbb,Hackermeter,,11,S13,,San Francisco,Active,https://github.com/lukaflpvc/YC-Vault/blob/1c86f32a981d479249496298f6bb746ff3c79efe/data/2025-04-21/YC_Companies.csv#L504,yc-vault:2025-04-21:YC_Companies.csv:row:504,2026-08-27T12:07:08+00:00
ad40d19e-3bcb-5a3e-84ba-d25748f17ac5,BloomThat,,11,S13,,San Francisco,Active,https://github.com/lukaflpvc/YC-Vault/blob/1c86f32a981d479249496298f6bb746ff3c79efe/data/2025-04-21/YC_Companies.csv#L505,yc-vault:2025-04-21:YC_Companies.csv:row:505,2026-08-27T12:07:08+00:00
5d76fd30-058f-55f9-81c8-aadd27bb69d6,Apptimize,,50,S13,saas,San Francisco,Active,https://github.com/lukaflpvc/YC-Vault/blob/1c86f32a981d479249496298f6bb746ff3c79efe/data/2025-04-21/YC_Companies.csv#L507,yc-vault:2025-04-21:YC_Companies.csv:row:507,2026-08-27T12:07:08+00:00
37993dc3-041c-51aa-a726-24baf41cef06,URX,,11,S13,advertising,San Francisco,Active,https://github.com/lukaflpvc/YC-Vault/blob/1c86f32a981d479249496298f6bb746ff3c79efe/data/2025-04-21/YC_Companies.csv#L508,yc-vault:2025-04-21:YC_Companies.csv:row:508,2026-08-27T12:07:08+00:00
e4f1af5a-80c9-504a-a998-335f1828ba4a,Ixiplay,,2,S13,"education, robotics",Sunnyvale,Active,https://github.com/lukaflpvc/YC-Vault/blob/1c86f32a981d479249496298f6bb746ff3c79efe/data/2025-04-21/YC_Companies.csv#L509,yc-vault:2025-04-21:YC_Companies.csv:row:509,2026-08-27T12:07:08+00:00
260faae0-3dbb-5d43-9024-100fd0b35836,Kivo,,2,S13,developer-tools,Palo Alto,Active,https://github.com/lukaflpvc/YC-Vault/blob/1c86f32a981d479249496298f6bb746ff3c79efe/data/2025-04-21/YC_Companies.csv#L511,yc-vault:2025-04-21:YC_Companies.csv:row:511,2026-08-27T12:07:08+00:00
e905b7f6-b7b2-5b38-902f-aa7785983d18,SoundFocus,,2,S13,Personalized mobile audio products,San Francisco,Active,https://github.com/lukaflpvc/YC-Vault/blob/1c86f32a981d479249496298f6bb746ff3c79efe/data/2025-04-21/YC_Companies.csv#L512,yc-vault:2025-04-21:YC_Companies.csv:row:512,2026-08-27T12:07:08+00:00
a5fc28bc-cd48-57e7-bfa0-f7e9952746c5,Butter Systems,,2,S13,"digital-health, restaurant-tech",San Francisco,Active,https://github.com/lukaflpvc/YC-Vault/blob/1c86f32a981d479249496298f6bb746ff3c79efe/data/2025-04-21/YC_Companies.csv#L513,yc-vault:2025-04-21:YC_Companies.csv:row:513,2026-08-27T12:07:08+00:00
81407183-00b3-5484-a3a6-fa495d3c9402,Amulyte,,2,S13,health-tech,Mountain View,Active,https://github.com/lukaflpvc/YC-Vault/blob/1c86f32a981d479249496298f6bb746ff3c79efe/data/2025-04-21/YC_Companies.csv#L515,yc-vault:2025-04-21:YC_Companies.csv:row:515,2026-08-27T12:07:08+00:00
daaf8159-9f05-510a-9bbe-972f43508132,Watchsend,,2,S13,,San Francisco,Active,https://github.com/lukaflpvc/YC-Vault/blob/1c86f32a981d479249496298f6bb746ff3c79efe/data/2025-04-21/YC_Companies.csv#L516,yc-vault:2025-04-21:YC_Companies.csv:row:516,2026-08-27T12:07:08+00:00
24b126ba-1770-541d-a5d7-0dc3d5b08f20,One Month,,1,S13,education,New York,Active,https://github.com/lukaflpvc/YC-Vault/blob/1c86f32a981d479249496298f6bb746ff3c79efe/data/2025-04-21/YC_Companies.csv#L517,yc-vault:2025-04-21:YC_Companies.csv:row:517,2026-08-27T12:07:08+00:00
be62bf80-12e9-57b9-b3f7-5263423df427,Meta,,11,S13,augmented-reality,San Mateo,Active,https://github.com/lukaflpvc/YC-Vault/blob/1c86f32a981d479249496298f6bb746ff3c79efe/data/2025-04-21/YC_Companies.csv#L518,yc-vault:2025-04-21:YC_Companies.csv:row:518,2026-08-27T12:07:08+00:00
9206526c-b721-5b1b-88a6-9c717907f619,LocalOn,,2,S13,Web marketing for SMBs & merchants associations,San Francisco,Active,https://github.com/lukaflpvc/YC-Vault/blob/1c86f32a981d479249496298f6bb746ff3c79efe/data/2025-04-21/YC_Companies.csv#L519,yc-vault:2025-04-21:YC_Companies.csv:row:519,2026-08-27T12:07:08+00:00
3b1c2e6d-5825-5d32-a210-2655c0c6a6ce,Le Tote,,201,S13,fashion,San Francisco,Active,https://github.com/lukaflpvc/YC-Vault/blob/1c86f32a981d479249496298f6bb746ff3c79efe/data/2025-04-21/YC_Companies.csv#L520,yc-vault:2025-04-21:YC_Companies.csv:row:520,2026-08-27T12:07:08+00:00
fb728324-741c-582d-95fb-0594f5ca4232,Hum,,11,S13,productivity,San Francisco,Active,https://github.com/lukaflpvc/YC-Vault/blob/1c86f32a981d479249496298f6bb746ff3c79efe/data/2025-04-21/YC_Companies.csv#L521,yc-vault:2025-04-21:YC_Companies.csv:row:521,2026-08-27T12:07:08+00:00
e4ea05ba-f8f8-5af8-bf4e-106285daf224,Graft Concepts,,2,S13,,Mountain View,Active,https://github.com/lukaflpvc/YC-Vault/blob/1c86f32a981d479249496298f6bb746ff3c79efe/data/2025-04-21/YC_Companies.csv#L522,yc-vault:2025-04-21:YC_Companies.csv:row:522,2026-08-27T12:07:08+00:00
2aa98a92-f576-5f54-92fd-45eb376e351e,Glio,,2,S13,e-commerce,Rio de Janeiro,Active,https://github.com/lukaflpvc/YC-Vault/blob/1c86f32a981d479249496298f6bb746ff3c79efe/data/2025-04-21/YC_Companies.csv#L523,yc-vault:2025-04-21:YC_Companies.csv:row:523,2026-08-27T12:07:08+00:00
257a11cb-e3f8-56f3-b65f-eefa730ef996,Floobits,,2,S13,collaboration,San Francisco,Active,https://github.com/lukaflpvc/YC-Vault/blob/1c86f32a981d479249496298f6bb746ff3c79efe/data/2025-04-21/YC_Companies.csv#L524,yc-vault:2025-04-21:YC_Companies.csv:row:524,2026-08-27T12:07:08+00:00
ff71ff06-aa48-50ba-a61a-504c932a4c2f,GoComm,,2,S13,Mobile communications platform,Mountain View,Active,https://github.com/lukaflpvc/YC-Vault/blob/1c86f32a981d479249496298f6bb746ff3c79efe/data/2025-04-21/YC_Companies.csv#L525,yc-vault:2025-04-21:YC_Companies.csv:row:525,2026-08-27T12:07:08+00:00
5677ecc4-6668-5e9c-a32a-dd34bc399545,Crowdery,,2,S13,"education, elearning",San Francisco,Active,https://github.com/lukaflpvc/YC-Vault/blob/1c86f32a981d479249496298f6bb746ff3c79efe/data/2025-04-21/YC_Companies.csv#L526,yc-vault:2025-04-21:YC_Companies.csv:row:526,2026-08-27T12:07:08+00:00
4e5b6835-a8f3-5943-9bc2-976a9c108b88,Buttercoin,,11,S13,marketplace,Palo Alto,Active,https://github.com/lukaflpvc/YC-Vault/blob/1c86f32a981d479249496298f6bb746ff3c79efe/data/2025-04-21/YC_Companies.csv#L527,yc-vault:2025-04-21:YC_Companies.csv:row:527,2026-08-27T12:07:08+00:00
06cf9b72-2cc3-5eed-9602-cb175e8402d0,StackMachine,,2,S13,"developer-tools, devops, cloud-computing",San Francisco,Active,https://github.com/lukaflpvc/YC-Vault/blob/1c86f32a981d479249496298f6bb746ff3c79efe/data/2025-04-21/YC_Companies.csv#L528,yc-vault:2025-04-21:YC_Companies.csv:row:528,2026-08-27T12:07:08+00:00
a32c2479-9abe-54e9-b3d7-c89e63f4fc8e,FanHero,,1,S13,,Mountain View,Active,https://github.com/lukaflpvc/YC-Vault/blob/1c86f32a981d479249496298f6bb746ff3c79efe/data/2025-04-21/YC_Companies.csv#L529,yc-vault:2025-04-21:YC_Companies.csv:row:529,2026-08-27T12:07:08+00:00
4949e158-86f6-51a8-ae32-9ff219aad7f4,Teleborder,,11,S13,immigration,San Francisco,Active,https://github.com/lukaflpvc/YC-Vault/blob/1c86f32a981d479249496298f6bb746ff3c79efe/data/2025-04-21/YC_Companies.csv#L530,yc-vault:2025-04-21:YC_Companies.csv:row:530,2026-08-27T12:07:08+00:00
69eb23de-cbe8-5e72-bde6-ec0ece21c1fb,Weave,,600,W14,saas,Lehi,Active,https://github.com/lukaflpvc/YC-Vault/blob/1c86f32a981d479249496298f6bb746ff3c79efe/data/2025-04-21/YC_Companies.csv#L531,yc-vault:2025-04-21:YC_Companies.csv:row:531,2026-08-27T12:07:08+00:00
fe54f303-1aef-59c5-87e6-4c9ad72493b7,Algolia,,810,W14,"developer-tools, saas, b2b",San Francisco,Active,https://github.com/lukaflpvc/YC-Vault/blob/1c86f32a981d479249496298f6bb746ff3c79efe/data/2025-04-21/YC_Companies.csv#L532,yc-vault:2025-04-21:YC_Companies.csv:row:532,2026-08-27T12:07:08+00:00
95189c71-efc6-5cbe-a3a8-9188082685d5,Bellabeat,,134,W14,femtech,San Francisco,Active,https://github.com/lukaflpvc/YC-Vault/blob/1c86f32a981d479249496298f6bb746ff3c79efe/data/2025-04-21/YC_Companies.csv#L533,yc-vault:2025-04-21:YC_Companies.csv:row:533,2026-08-27T12:07:08+00:00
67d20ab3-80c2-57b0-8114-8fc2ad464279,Cruise,,3000,W14,self-driving cars,San Francisco,Active,https://github.com/lukaflpvc/YC-Vault/blob/1c86f32a981d479249496298f6bb746ff3c79efe/data/2025-04-21/YC_Companies.csv#L534,yc-vault:2025-04-21:YC_Companies.csv:row:534,2026-08-27T12:07:08+00:00
5f3499fe-9365-53ab-b338-4a79f09821dd,Flexport,,3000,W14,"saas, logistics, supply-chain",San Francisco,Active,https://github.com/lukaflpvc/YC-Vault/blob/1c86f32a981d479249496298f6bb746ff3c79efe/data/2025-04-21/YC_Companies.csv#L535,yc-vault:2025-04-21:YC_Companies.csv:row:535,2026-08-27T12:07:08+00:00
7a794fe0-1282-5ffb-9325-e2097e633584,Immunity Project,,11,W14,"health-tech, biotech",San Francisco,Active,https://github.com/lukaflpvc/YC-Vault/blob/1c86f32a981d479249496298f6bb746ff3c79efe/data/2025-04-21/YC_Companies.csv#L536,yc-vault:2025-04-21:YC_Companies.csv:row:536,2026-08-27T12:07:08+00:00
b3f250db-deb5-5a3c-9198-83fa617deef4,Dyspatch,,20,W14,saas,Victoria,Active,https://github.com/lukaflpvc/YC-Vault/blob/1c86f32a981d479249496298f6bb746ff3c79efe/data/2025-04-21/YC_Companies.csv#L537,yc-vault:2025-04-21:YC_Companies.csv:row:537,2026-08-27T12:07:08+00:00
c2aa255c-61c1-58c7-b202-1bddf9be8968,MixerBox,,30,W14,"generative-ai,consumer,productivity,ai",Palo Alto,Active,https://github.com/lukaflpvc/YC-Vault/blob/1c86f32a981d479249496298f6bb746ff3c79efe/data/2025-04-21/YC_Companies.csv#L539,yc-vault:2025-04-21:YC_Companies.csv:row:539,2026-08-27T12:07:08+00:00
68ad8dcf-6abd-5b86-a7c9-3daf17b60204,Unbabel,,350,W14,AI-powered Language Operations platform,San Francisco,Active,https://github.com/lukaflpvc/YC-Vault/blob/1c86f32a981d479249496298f6bb746ff3c79efe/data/2025-04-21/YC_Companies.csv#L540,yc-vault:2025-04-21:YC_Companies.csv:row:540,2026-08-27T12:07:08+00:00
a67a50b5-7995-5609-9366-8584e42e898c,GBatteries,,25,W14,"energy-storage,hard-tech,climate",Ottawa,Active,https://github.com/lukaflpvc/YC-Vault/blob/1c86f32a981d479249496298f6bb746ff3c79efe/data/2025-04-21/YC_Companies.csv#L541,yc-vault:2025-04-21:YC_Companies.csv:row:541,2026-08-27T12:07:08+00:00
836ab3e6-d4dc-5f57-ad9e-d8366099e6df,Zinc,,10,W14,e-commerce,San Francisco,Active,https://github.com/lukaflpvc/YC-Vault/blob/1c86f32a981d479249496298f6bb746ff3c79efe/data/2025-04-21/YC_Companies.csv#L542,yc-vault:2025-04-21:YC_Companies.csv:row:542,2026-08-27T12:07:08+00:00
ca92c83f-2070-5e7e-b820-d7ffd5caf961,Zidisha,,1,W14,"fintech, marketplace, community, crowdfunding",Sterling VA,Active,https://github.com/lukaflpvc/YC-Vault/blob/1c86f32a981d479249496298f6bb746ff3c79efe/data/2025-04-21/YC_Companies.csv#L543,yc-vault:2025-04-21:YC_Companies.csv:row:543,2026-08-27T12:07:08+00:00
9bbeb143-fbbb-56a0-a430-9a7403ca08f6,Guesty,,700,W14,,Tel Aviv-Yafo,Active,https://github.com/lukaflpvc/YC-Vault/blob/1c86f32a981d479249496298f6bb746ff3c79efe/data/2025-04-21/YC_Companies.csv#L545,yc-vault:2025-04-21:YC_Companies.csv:row:545,2026-08-27T12:07:08+00:00
9d1ee6a5-96dd-52f6-a393-baed3504d406,Snapdocs,,285,W14,"saas, b2b, housing, enterprise, networks",San Francisco,Active,https://github.com/lukaflpvc/YC-Vault/blob/1c86f32a981d479249496298f6bb746ff3c79efe/data/2025-04-21/YC_Companies.csv#L546,yc-vault:2025-04-21:YC_Companies.csv:row:546,2026-08-27T12:07:08+00:00
892ff19d-ef58-5609-b003-88333e60580a,Shoobs,,5,W14,marketplace,London,Active,https://github.com/lukaflpvc/YC-Vault/blob/1c86f32a981d479249496298f6bb746ff3c79efe/data/2025-04-21/YC_Companies.csv#L547,yc-vault:2025-04-21:YC_Companies.csv:row:547,2026-08-27T12:07:08+00:00
c8d74484-3e5a-5214-a3da-22d432d0bd65,Pushbullet,,3,W14,notifications,San Francisco,Active,https://github.com/lukaflpvc/YC-Vault/blob/1c86f32a981d479249496298f6bb746ff3c79efe/data/2025-04-21/YC_Companies.csv#L548,yc-vault:2025-04-21:YC_Companies.csv:row:548,2026-08-27T12:07:08+00:00
3cae4a67-80b3-5d0f-b60d-cfae149b5c99,Povio,,250,W14,marketplace,San Francisco,Active,https://github.com/lukaflpvc/YC-Vault/blob/1c86f32a981d479249496298f6bb746ff3c79efe/data/2025-04-21/YC_Companies.csv#L549,yc-vault:2025-04-21:YC_Companies.csv:row:549,2026-08-27T12:07:08+00:00
e2bb50b9-3d65-575c-af3b-53f5903dff84,PiinPoint,,20,W14,"saas, real-estate, analytics",Kitchener,Active,https://github.com/lukaflpvc/YC-Vault/blob/1c86f32a981d479249496298f6bb746ff3c79efe/data/2025-04-21/YC_Companies.csv#L550,yc-vault:2025-04-21:YC_Companies.csv:row:550,2026-08-27T12:07:08+00:00
ee55d7bf-2329-5240-b422-3141490f2632,One Degree,,14,W14,nonprofit,San Francisco,Active,https://github.com/lukaflpvc/YC-Vault/blob/1c86f32a981d479249496298f6bb746ff3c79efe/data/2025-04-21/YC_Companies.csv#L551,yc-vault:2025-04-21:YC_Companies.csv:row:551,2026-08-27T12:07:08+00:00
39a6f740-f42f-55b8-849e-d5a48a5078cd,MBX,,150,W14,beauty,San Francisco,Active,https://github.com/lukaflpvc/YC-Vault/blob/1c86f32a981d479249496298f6bb746ff3c79efe/data/2025-04-21/YC_Companies.csv#L552,yc-vault:2025-04-21:YC_Companies.csv:row:552,2026-08-27T12:07:08+00:00
d19e9742-cec7-53a1-a691-dd0dd225ec5b,Emailio,,5,W14,health-&-wellness,,Active,https://github.com/lukaflpvc/YC-Vault/blob/1c86f32a981d479249496298f6bb746ff3c79efe/data/2025-04-21/YC_Companies.csv#L553,yc-vault:2025-04-21:YC_Companies.csv:row:553,2026-08-27T12:07:08+00:00
743dcfaf-68fa-5277-8a74-885d13eef744,DevCycle,,55,W14,saas,Toronto,Active,https://github.com/lukaflpvc/YC-Vault/blob/1c86f32a981d479249496298f6bb746ff3c79efe/data/2025-04-21/YC_Companies.csv#L554,yc-vault:2025-04-21:YC_Companies.csv:row:554,2026-08-27T12:07:08+00:00
c47b945f-6677-5df6-b9a7-bc2c2b73b21c,Axoni,,155,W14,fintech,New York,Active,https://github.com/lukaflpvc/YC-Vault/blob/1c86f32a981d479249496298f6bb746ff3c79efe/data/2025-04-21/YC_Companies.csv#L555,yc-vault:2025-04-21:YC_Companies.csv:row:555,2026-08-27T12:07:08+00:00
1171a331-b5ce-5060-8915-8357e511c27c,CodeNow,,2,W14,education,Chicago IL,Active,https://github.com/lukaflpvc/YC-Vault/blob/1c86f32a981d479249496298f6bb746ff3c79efe/data/2025-04-21/YC_Companies.csv#L556,yc-vault:2025-04-21:YC_Companies.csv:row:556,2026-08-27T12:07:08+00:00
75ff3f08-ad0d-592e-be8d-7d36d5f11cad,CodeCombat,,45,W14,"education, elearning, gaming",San Francisco,Active,https://github.com/lukaflpvc/YC-Vault/blob/1c86f32a981d479249496298f6bb746ff3c79efe/data/2025-04-21/YC_Companies.csv#L557,yc-vault:2025-04-21:YC_Companies.csv:row:557,2026-08-27T12:07:08+00:00
6e6d7c03-7406-5e2e-b853-226c56bfa157,Noora Health,,150,W14,consumer-health-services,Bengaluru,Active,https://github.com/lukaflpvc/YC-Vault/blob/1c86f32a981d479249496298f6bb746ff3c79efe/data/2025-04-21/YC_Companies.csv#L558,yc-vault:2025-04-21:YC_Companies.csv:row:558,2026-08-27T12:07:08+00:00
55e64ffa-2bc8-5a73-beb8-0531fd9f3dbd,Cambly,,200,W14,education,San Francisco,Active,https://github.com/lukaflpvc/YC-Vault/blob/1c86f32a981d479249496298f6bb746ff3c79efe/data/2025-04-21/YC_Companies.csv#L559,yc-vault:2025-04-21:YC_Companies.csv:row:559,2026-08-27T12:07:08+00:00
7ffafde0-cb31-5d68-8bea-04d0249620e8,CareMessage,,45,W14,"health-tech,digital-health",San Francisco,Active,https://github.com/lukaflpvc/YC-Vault/blob/1c86f32a981d479249496298f6bb746ff3c79efe/data/2025-04-21/YC_Companies.csv#L561,yc-vault:2025-04-21:YC_Companies.csv:row:561,2026-08-27T12:07:08+00:00
e0d85cce-e4a1-5d8e-af6d-8896a0b10ca8,Ambition,,55,W14,saas,Chattanooga TN,Active,https://github.com/lukaflpvc/YC-Vault/blob/1c86f32a981d479249496298f6bb746ff3c79efe/data/2025-04-21/YC_Companies.csv#L562,yc-vault:2025-04-21:YC_Companies.csv:row:562,2026-08-27T12:07:08+00:00
6cf46227-55ee-578a-af8d-c5f55d0b10c8,AirHelp,,350,W14,,,Active,https://github.com/lukaflpvc/YC-Vault/blob/1c86f32a981d479249496298f6bb746ff3c79efe/data/2025-04-21/YC_Companies.csv#L563,yc-vault:2025-04-21:YC_Companies.csv:row:563,2026-08-27T12:07:08+00:00
2a43ccfa-b993-58e5-9185-0c9bae85f9fe,Vidpresso,,7,W14,,Ogden UT,Active,https://github.com/lukaflpvc/YC-Vault/blob/1c86f32a981d479249496298f6bb746ff3c79efe/data/2025-04-21/YC_Companies.csv#L565,yc-vault:2025-04-21:YC_Companies.csv:row:565,2026-08-27T12:07:08+00:00
2241485c-1d8f-55c3-a513-b6e5f8f81339,Avametric,,11,W14,"augmented-reality, e-commerce, fashion",San Francisco,Active,https://github.com/lukaflpvc/YC-Vault/blob/1c86f32a981d479249496298f6bb746ff3c79efe/data/2025-04-21/YC_Companies.csv#L567,yc-vault:2025-04-21:YC_Companies.csv:row:567,2026-08-27T12:07:08+00:00
cfcd87fc-fa01-5126-859e-b996382fb9cf,Gobble,,73,W14,,Palo Alto,Active,https://github.com/lukaflpvc/YC-Vault/blob/1c86f32a981d479249496298f6bb746ff3c79efe/data/2025-04-21/YC_Companies.csv#L568,yc-vault:2025-04-21:YC_Companies.csv:row:568,2026-08-27T12:07:08+00:00
4b0bf888-2be5-5006-8e3d-160dc92fbb51,Zesty,,51,W14,,San Francisco,Active,https://github.com/lukaflpvc/YC-Vault/blob/1c86f32a981d479249496298f6bb746ff3c79efe/data/2025-04-21/YC_Companies.csv#L569,yc-vault:2025-04-21:YC_Companies.csv:row:569,2026-08-27T12:07:08+00:00
e4e7b2b1-8522-5807-8c62-a4c4abc3767b,Wit.ai,,11,W14,"developer-tools, nlp, apis",Palo Alto,Active,https://github.com/lukaflpvc/YC-Vault/blob/1c86f32a981d479249496298f6bb746ff3c79efe/data/2025-04-21/YC_Companies.csv#L570,yc-vault:2025-04-21:YC_Companies.csv:row:570,2026-08-27T12:07:08+00:00
e0610e34-48a4-5835-a32c-8b4f9f9f1837,SketchDeck,,20,W14,,San Francisco,Active,https://github.com/lukaflpvc/YC-Vault/blob/1c86f32a981d479249496298f6bb746ff3c79efe/data/2025-04-21/YC_Companies.csv#L571,yc-vault:2025-04-21:YC_Companies.csv:row:571,2026-08-27T12:07:08+00:00
01a135cb-20ed-5a16-b708-d228455cd5e5,Rocketrip,,68,W14,"fintech, travel, enterprise-software",New York,Active,https://github.com/lukaflpvc/YC-Vault/blob/1c86f32a981d479249496298f6bb746ff3c79efe/data/2025-04-21/YC_Companies.csv#L572,yc-vault:2025-04-21:YC_Companies.csv:row:572,2026-08-27T12:07:08+00:00
8bc7308a-3014-5d81-be46-d03ae8773122,Rickshaw,,11,W14,"delivery, logistics, api",San Francisco,Active,https://github.com/lukaflpvc/YC-Vault/blob/1c86f32a981d479249496298f6bb746ff3c79efe/data/2025-04-21/YC_Companies.csv#L573,yc-vault:2025-04-21:YC_Companies.csv:row:573,2026-08-27T12:07:08+00:00
cc4035cf-40e2-50c5-8dc0-041618351259,PipelineDB,,2,W14,"open-source, time-series",Los Angeles,Active,https://github.com/lukaflpvc/YC-Vault/blob/1c86f32a981d479249496298f6bb746ff3c79efe/data/2025-04-21/YC_Companies.csv#L574,yc-vault:2025-04-21:YC_Companies.csv:row:574,2026-08-27T12:07:08+00:00
4e3b8de3-501e-5f72-8fc2-c5b1bbcf76d5,Liftigniter,,11,W14,"machine-learning,personalization",San Francisco,Active,https://github.com/lukaflpvc/YC-Vault/blob/1c86f32a981d479249496298f6bb746ff3c79efe/data/2025-04-21/YC_Companies.csv#L575,yc-vault:2025-04-21:YC_Companies.csv:row:575,2026-08-27T12:07:08+00:00
a10583a0-b4ef-50aa-ba78-532d9ac37c0f,Theorem,,34,W14,"fintech, machine-learning",San Francisco,Active,https://github.com/lukaflpvc/YC-Vault/blob/1c86f32a981d479249496298f6bb746ff3c79efe/data/2025-04-21/YC_Companies.csv#L576,yc-vault:2025-04-21:YC_Companies.csv:row:576,2026-08-27T12:07:08+00:00
e5c30bfc-0eb7-5bc6-871d-87d0c50f03c2,StackLead,,2,W14,,San Francisco,Active,https://github.com/lukaflpvc/YC-Vault/blob/1c86f32a981d479249496298f6bb746ff3c79efe/data/2025-04-21/YC_Companies.csv#L577,yc-vault:2025-04-21:YC_Companies.csv:row:577,2026-08-27T12:07:08+00:00
263fcf89-0b09-5dd3-9afc-43c2def68381,Next Caller,,20,W14,,New York,Active,https://github.com/lukaflpvc/YC-Vault/blob/1c86f32a981d479249496298f6bb746ff3c79efe/data/2025-04-21/YC_Companies.csv#L578,yc-vault:2025-04-21:YC_Companies.csv:row:578,2026-08-27T12:07:08+00:00
d6e3231a-204b-50c5-8069-021e9bb65cd3,Motionlead,,11,W14,advertising,Paris,Active,https://github.com/lukaflpvc/YC-Vault/blob/1c86f32a981d479249496298f6bb746ff3c79efe/data/2025-04-21/YC_Companies.csv#L579,yc-vault:2025-04-21:YC_Companies.csv:row:579,2026-08-27T12:07:08+00:00
5973e021-895b-5436-b16f-0728acd31575,Kuna Systems,,11,W14,smart-home-assistants,,Active,https://github.com/lukaflpvc/YC-Vault/blob/1c86f32a981d479249496298f6bb746ff3c79efe/data/2025-04-21/YC_Companies.csv#L580,yc-vault:2025-04-21:YC_Companies.csv:row:580,2026-08-27T12:07:08+00:00
8f5f9069-2ab7-5d10-b150-cf7c0c98cedd,Kimono Labs,,11,W14,apis,San Francisco,Active,https://github.com/lukaflpvc/YC-Vault/blob/1c86f32a981d479249496298f6bb746ff3c79efe/data/2025-04-21/YC_Companies.csv#L581,yc-vault:2025-04-21:YC_Companies.csv:row:581,2026-08-27T12:07:08+00:00
848119f1-3d40-58e5-b8a3-b0788af0fa8b,Eventjoy,,2,W14,ticketing,San Francisco,Active,https://github.com/lukaflpvc/YC-Vault/blob/1c86f32a981d479249496298f6bb746ff3c79efe/data/2025-04-21/YC_Companies.csv#L582,yc-vault:2025-04-21:YC_Companies.csv:row:582,2026-08-27T12:07:08+00:00
c3d97515-acfd-5abb-a4eb-a97a8139c9a7,Chargehound,,13,W14,finops,Oakland,Active,https://github.com/lukaflpvc/YC-Vault/blob/1c86f32a981d479249496298f6bb746ff3c79efe/data/2025-04-21/YC_Companies.csv#L583,yc-vault:2025-04-21:YC_Companies.csv:row:583,2026-08-27T12:07:08+00:00
7591d2c1-6a77-515a-bd3f-d512c05c3a7d,Two Tap,,11,W14,"e-commerce, retail",San Francisco,Active,https://github.com/lukaflpvc/YC-Vault/blob/1c86f32a981d479249496298f6bb746ff3c79efe/data/2025-04-21/YC_Companies.csv#L584,yc-vault:2025-04-21:YC_Companies.csv:row:584,2026-08-27T12:07:08+00:00
f8619bae-5399-5630-8a0c-ee9dd497da50,Boostable,,11,W14,advertising,San Francisco,Active,https://github.com/lukaflpvc/YC-Vault/blob/1c86f32a981d479249496298f6bb746ff3c79efe/data/2025-04-21/YC_Companies.csv#L585,yc-vault:2025-04-21:YC_Companies.csv:row:585,2026-08-27T12:07:08+00:00
1c37b450-5478-556a-aa51-8c346c2a1520,Abacus,,30,W14,"fintech, saas, payments, b2b",New York,Active,https://github.com/lukaflpvc/YC-Vault/blob/1c86f32a981d479249496298f6bb746ff3c79efe/data/2025-04-21/YC_Companies.csv#L586,yc-vault:2025-04-21:YC_Companies.csv:row:586,2026-08-27T12:07:08+00:00
000f81ac-0ff6-5da2-9e7d-95f7716e7243,Whirlscape,,3,W14,deep-learning,Toronto,Active,https://github.com/lukaflpvc/YC-Vault/blob/1c86f32a981d479249496298f6bb746ff3c79efe/data/2025-04-21/YC_Companies.csv#L587,yc-vault:2025-04-21:YC_Companies.csv:row:587,2026-08-27T12:07:08+00:00
b1d5cf41-97dc-54e1-83d7-4b697da623ce,AirPair,,2,W14,remote-work,San Francisco,Active,https://github.com/lukaflpvc/YC-Vault/blob/1c86f32a981d479249496298f6bb746ff3c79efe/data/2025-04-21/YC_Companies.csv#L588,yc-vault:2025-04-21:YC_Companies.csv:row:588,2026-08-27T12:07:08+00:00
ffc1e71f-139e-503a-b082-6f1df5a7d3a3,ZowPow,,2,W14,gaming,San Francisco,Active,https://github.com/lukaflpvc/YC-Vault/blob/1c86f32a981d479249496298f6bb746ff3c79efe/data/2025-04-21/YC_Companies.csv#L589,yc-vault:2025-04-21:YC_Companies.csv:row:589,2026-08-27T12:07:08+00:00
03de47c3-2461-529d-b218-15d9ca5baa08,Unicorn.ly,,2,W14,"fintech, investing",Palo Alto,Active,https://github.com/lukaflpvc/YC-Vault/blob/1c86f32a981d479249496298f6bb746ff3c79efe/data/2025-04-21/YC_Companies.csv#L590,yc-vault:2025-04-21:YC_Companies.csv:row:590,2026-08-27T12:07:08+00:00
6b322d5d-4f7c-55ca-ac7b-9c10945786cb,Terravion,,11,W14,"drones, agriculture",San Leandro,Active,https://github.com/lukaflpvc/YC-Vault/blob/1c86f32a981d479249496298f6bb746ff3c79efe/data/2025-04-21/YC_Companies.csv#L591,yc-vault:2025-04-21:YC_Companies.csv:row:591,2026-08-27T12:07:08+00:00
0399dd82-458a-560e-a80e-f937ecf7f5cd,Style Lend,,2,W14,Marketplace,New York,Active,https://github.com/lukaflpvc/YC-Vault/blob/1c86f32a981d479249496298f6bb746ff3c79efe/data/2025-04-21/YC_Companies.csv#L592,yc-vault:2025-04-21:YC_Companies.csv:row:592,2026-08-27T12:07:08+00:00
6caeb5a5-7b7d-5250-bfe2-831d4db2eba0,Edyn,,2,W14,"iot, agriculture",Oakland,Active,https://github.com/lukaflpvc/YC-Vault/blob/1c86f32a981d479249496298f6bb746ff3c79efe/data/2025-04-21/YC_Companies.csv#L593,yc-vault:2025-04-21:YC_Companies.csv:row:593,2026-08-27T12:07:08+00:00
4e504b68-e15c-516c-902c-c91e898f409c,Shopagram,,1,W14,"e-commerce, retail",,Active,https://github.com/lukaflpvc/YC-Vault/blob/1c86f32a981d479249496298f6bb746ff3c79efe/data/2025-04-21/YC_Companies.csv#L594,yc-vault:2025-04-21:YC_Companies.csv:row:594,2026-08-27T12:07:08+00:00
0067c315-f4a8-5749-b1cb-88b1776702dc,MerryMint,,1,W14,"team-collaboration,remote",San Francisco,Active,https://github.com/lukaflpvc/YC-Vault/blob/1c86f32a981d479249496298f6bb746ff3c79efe/data/2025-04-21/YC_Companies.csv#L595,yc-vault:2025-04-21:YC_Companies.csv:row:595,2026-08-27T12:07:08+00:00
6e297ac3-5cb2-512a-b524-9336c40a05fc,HoverChat,,11,W14,messaging,Santa Clara,Active,https://github.com/lukaflpvc/YC-Vault/blob/1c86f32a981d479249496298f6bb746ff3c79efe/data/2025-04-21/YC_Companies.csv#L596,yc-vault:2025-04-21:YC_Companies.csv:row:596,2026-08-27T12:07:08+00:00
2ab46065-cc0b-55b1-b844-a6bcaa6a6d79,Move Loot,,51,W14,"marketplace, furniture",San Francisco,Active,https://github.com/lukaflpvc/YC-Vault/blob/1c86f32a981d479249496298f6bb746ff3c79efe/data/2025-04-21/YC_Companies.csv#L597,yc-vault:2025-04-21:YC_Companies.csv:row:597,2026-08-27T12:07:08+00:00
6ab8b123-ed19-5323-9f63-14c8bcea7d72,MadeSolid,,2,W14,"3d-printing, advanced-materials",Emeryville,Active,https://github.com/lukaflpvc/YC-Vault/blob/1c86f32a981d479249496298f6bb746ff3c79efe/data/2025-04-21/YC_Companies.csv#L598,yc-vault:2025-04-21:YC_Companies.csv:row:598,2026-08-27T12:07:08+00:00
5a84bd64-7b13-545d-b72f-2854128eaff4,Drive Pulse,,2,W14,"hardware, iot",Stanford,Active,https://github.com/lukaflpvc/YC-Vault/blob/1c86f32a981d479249496298f6bb746ff3c79efe/data/2025-04-21/YC_Companies.csv#L599,yc-vault:2025-04-21:YC_Companies.csv:row:599,2026-08-27T12:07:08+00:00
080a1827-73d8-5347-81e2-0ad3c9236d25,Threadable,,2,W14,,San Francisco,Active,https://github.com/lukaflpvc/YC-Vault/blob/1c86f32a981d479249496298f6bb746ff3c79efe/data/2025-04-21/YC_Companies.csv#L602,yc-vault:2025-04-21:YC_Companies.csv:row:602,2026-08-27T12:07:08+00:00
047502c3-0b6e-541f-b4cc-18fe23216ac2,Futureleague,,10,W14,education,Hughson CA,Active,https://github.com/lukaflpvc/YC-Vault/blob/1c86f32a981d479249496298f6bb746ff3c79efe/data/2025-04-21/YC_Companies.csv#L603,yc-vault:2025-04-21:YC_Companies.csv:row:603,2026-08-27T12:07:08+00:00
a73b79b4-30d6-59f8-8300-2e794b01e709,Awesometalk,,2,W14,,San Francisco,Active,https://github.com/lukaflpvc/YC-Vault/blob/1c86f32a981d479249496298f6bb746ff3c79efe/data/2025-04-21/YC_Companies.csv#L604,yc-vault:2025-04-21:YC_Companies.csv:row:604,2026-08-27T12:07:08+00:00
f8111a1b-a0b2-5bba-9d79-f2175870aff2,Ginkgo Bioworks,,641,S14,"synthetic-biology, diagnostics, automation",Boston,Active,https://github.com/lukaflpvc/YC-Vault/blob/1c86f32a981d479249496298f6bb746ff3c79efe/data/2025-04-21/YC_Companies.csv#L605,yc-vault:2025-04-21:YC_Companies.csv:row:605,2026-08-27T12:07:08+00:00
69256d20-4449-536e-bb8c-d5e91c9da3bc,Rigetti Computing,,51,S14,quantum-computing,Berkeley,Active,https://github.com/lukaflpvc/YC-Vault/blob/1c86f32a981d479249496298f6bb746ff3c79efe/data/2025-04-21/YC_Companies.csv#L606,yc-vault:2025-04-21:YC_Companies.csv:row:606,2026-08-27T12:07:08+00:00
05f58e87-acf4-59c3-ba1d-a8133776bb14,Oklo,,50,S14,"small-modular-reactors, climate",Santa Clara,Active,https://github.com/lukaflpvc/YC-Vault/blob/1c86f32a981d479249496298f6bb746ff3c79efe/data/2025-04-21/YC_Companies.csv#L607,yc-vault:2025-04-21:YC_Companies.csv:row:607,2026-08-27T12:07:08+00:00
dbbd15a7-7e3f-5eef-9483-99039c1b9202,Checkr,,800,S14,,San Francisco,Active,https://github.com/lukaflpvc/YC-Vault/blob/1c86f32a981d479249496298f6bb746ff3c79efe/data/2025-04-21/YC_Companies.csv#L608,yc-vault:2025-04-21:YC_Companies.csv:row:608,2026-08-27T12:07:08+00:00
7b67276a-2dad-5d44-9d93-5b8d17dfe7c3,Cognito,,12,S14,fintech,Palo Alto,Active,https://github.com/lukaflpvc/YC-Vault/blob/1c86f32a981d479249496298f6bb746ff3c79efe/data/2025-04-21/YC_Companies.csv#L609,yc-vault:2025-04-21:YC_Companies.csv:row:609,2026-08-27T12:07:08+00:00
ee088354-9113-5178-bb78-224f44f140b3,ShipBob,,1,S14,"logistics, e-commerce",Chicago,Active,https://github.com/lukaflpvc/YC-Vault/blob/1c86f32a981d479249496298f6bb746ff3c79efe/data/2025-04-21/YC_Companies.csv#L610,yc-vault:2025-04-21:YC_Companies.csv:row:610,2026-08-27T12:07:08+00:00
1244a4c3-3eaa-597a-b920-fd017bfa8c9b,Bayes Impact,,11,S14,nonprofit,San Francisco,Active,https://github.com/lukaflpvc/YC-Vault/blob/1c86f32a981d479249496298f6bb746ff3c79efe/data/2025-04-21/YC_Companies.csv#L611,yc-vault:2025-04-21:YC_Companies.csv:row:611,2026-08-27T12:07:08+00:00
0c245e2f-cc56-5720-9510-c926c779c83b,Helion Energy,,150,S14,fusion-energy,Everett,Active,https://github.com/lukaflpvc/YC-Vault/blob/1c86f32a981d479249496298f6bb746ff3c79efe/data/2025-04-21/YC_Companies.csv#L612,yc-vault:2025-04-21:YC_Companies.csv:row:612,2026-08-27T12:07:08+00:00
39088ddb-dc1c-53a6-a26d-aa4700b5603c,Front,,385,S14,saas,San Francisco,Active,https://github.com/lukaflpvc/YC-Vault/blob/1c86f32a981d479249496298f6bb746ff3c79efe/data/2025-04-21/YC_Companies.csv#L613,yc-vault:2025-04-21:YC_Companies.csv:row:613,2026-08-27T12:07:08+00:00
768045af-8605-5b33-9262-24fd8ca49293,Roomstorm,,4,S14,marketplace,Redwood City,Active,https://github.com/lukaflpvc/YC-Vault/blob/1c86f32a981d479249496298f6bb746ff3c79efe/data/2025-04-21/YC_Companies.csv#L614,yc-vault:2025-04-21:YC_Companies.csv:row:614,2026-08-27T12:07:08+00:00
5520b3c3-532f-5241-afa5-64e76d69e406,Hive,,65,S14,"saas, crm, sms, email",Kitchener,Active,https://github.com/lukaflpvc/YC-Vault/blob/1c86f32a981d479249496298f6bb746ff3c79efe/data/2025-04-21/YC_Companies.csv#L615,yc-vault:2025-04-21:YC_Companies.csv:row:615,2026-08-27T12:07:08+00:00
6e03d215-9402-54e8-bda5-b519c056f4e8,Tenjin,,30,S14,analytics,San Francisco,Active,https://github.com/lukaflpvc/YC-Vault/blob/1c86f32a981d479249496298f6bb746ff3c79efe/data/2025-04-21/YC_Companies.csv#L616,yc-vault:2025-04-21:YC_Companies.csv:row:616,2026-08-27T12:07:08+00:00
55f22127-dff1-5012-9eb9-3a9e38ce3bc1,SpotAngels,,11,S14,,San Francisco,Active,https://github.com/lukaflpvc/YC-Vault/blob/1c86f32a981d479249496298f6bb746ff3c79efe/data/2025-04-21/YC_Companies.csv#L617,yc-vault:2025-04-21:YC_Companies.csv:row:617,2026-08-27T12:07:08+00:00
1f6b7f92-facd-59a4-8e08-bee4b490ae8d,UserGems,,60,S14,b2b sales,Austria,Active,https://github.com/lukaflpvc/YC-Vault/blob/1c86f32a981d479249496298f6bb746ff3c79efe/data/2025-04-21/YC_Companies.csv#L618,yc-vault:2025-04-21:YC_Companies.csv:row:618,2026-08-27T12:07:08+00:00
9927357e-38fe-5bfc-b589-6ea7c11da8c1,SFOX,,40,S14,"fintech, crypto-web3",Los Angeles,Active,https://github.com/lukaflpvc/YC-Vault/blob/1c86f32a981d479249496298f6bb746ff3c79efe/data/2025-04-21/YC_Companies.csv#L619,yc-vault:2025-04-21:YC_Companies.csv:row:619,2026-08-27T12:07:08+00:00
89e68e97-a5d1-531a-b277-dbac8abd1818,PicnicHealth,,100,S14,"machine-learning, health-tech, digital-health, healthcare, nlp",San Francisco,Active,https://github.com/lukaflpvc/YC-Vault/blob/1c86f32a981d479249496298f6bb746ff3c79efe/data/2025-04-21/YC_Companies.csv#L620,yc-vault:2025-04-21:YC_Companies.csv:row:620,2026-08-27T12:07:08+00:00
5c3aa8ca-d9d9-5c60-9398-be571a1fa097,Permutive,,205,S14,,London,Active,https://github.com/lukaflpvc/YC-Vault/blob/1c86f32a981d479249496298f6bb746ff3c79efe/data/2025-04-21/YC_Companies.csv#L621,yc-vault:2025-04-21:YC_Companies.csv:row:621,2026-08-27T12:07:08+00:00
8416dd27-6b6a-5c77-bb39-a0f5503b5342,Hiro Systems,,40,S14,"defi, crypto-web3",New York,Active,https://github.com/lukaflpvc/YC-Vault/blob/1c86f32a981d479249496298f6bb746ff3c79efe/data/2025-04-21/YC_Companies.csv#L622,yc-vault:2025-04-21:YC_Companies.csv:row:622,2026-08-27T12:07:08+00:00
51ea91f8-e138-5ae3-a516-a82902358ff1,Alchemy,,25,S14,"advanced-materials, automotive",Kitchener,Active,https://github.com/lukaflpvc/YC-Vault/blob/1c86f32a981d479249496298f6bb746ff3c79efe/data/2025-04-21/YC_Companies.csv#L623,yc-vault:2025-04-21:YC_Companies.csv:row:623,2026-08-27T12:07:08+00:00
1b156e67-9c05-550b-bc9a-a2daa08484fa,MTailor,,11,S14,"machine-learning,e-commerce,apparel",San Francisco,Active,https://github.com/lukaflpvc/YC-Vault/blob/1c86f32a981d479249496298f6bb746ff3c79efe/data/2025-04-21/YC_Companies.csv#L624,yc-vault:2025-04-21:YC_Companies.csv:row:624,2026-08-27T12:07:08+00:00
b4bcec19-cd67-5e1e-88f9-ef8825999044,MetricWire,,3,S14,market-research,Kitchener Canada,Active,https://github.com/lukaflpvc/YC-Vault/blob/1c86f32a981d479249496298f6bb746ff3c79efe/data/2025-04-21/YC_Companies.csv#L625,yc-vault:2025-04-21:YC_Companies.csv:row:625,2026-08-27T12:07:08+00:00
227019bc-3996-5101-b401-0c3ba424b69e,Protocol Labs,,130,S14,"crypto-web3, open-source",Palo Alto,Active,https://github.com/lukaflpvc/YC-Vault/blob/1c86f32a981d479249496298f6bb746ff3c79efe/data/2025-04-21/YC_Companies.csv#L626,yc-vault:2025-04-21:YC_Companies.csv:row:626,2026-08-27T12:07:08+00:00
9fa4eaff-e88c-5522-9080-dfecb97789bf,Greentoe,,5,S14,"marketplace, e-commerce",New York,Active,https://github.com/lukaflpvc/YC-Vault/blob/1c86f32a981d479249496298f6bb746ff3c79efe/data/2025-04-21/YC_Companies.csv#L627,yc-vault:2025-04-21:YC_Companies.csv:row:627,2026-08-27T12:07:08+00:00
c876ff60-6794-52f5-a73d-2eeb0aba01fa,Hyperpad,,4,S14,,London Canada,Active,https://github.com/lukaflpvc/YC-Vault/blob/1c86f32a981d479249496298f6bb746ff3c79efe/data/2025-04-21/YC_Companies.csv#L628,yc-vault:2025-04-21:YC_Companies.csv:row:628,2026-08-27T12:07:08+00:00
f875c275-fae1-553c-a7a8-c8a82e6ec974,Flaviar,,60,S14,food-&-beverage,New York,Active,https://github.com/lukaflpvc/YC-Vault/blob/1c86f32a981d479249496298f6bb746ff3c79efe/data/2025-04-21/YC_Companies.csv#L629,yc-vault:2025-04-21:YC_Companies.csv:row:629,2026-08-27T12:07:08+00:00
73638617-a0ba-5e63-8ade-d457936b8b00,Clear,,900,S14,"Fintech SaaS platform for invoices, taxes, wealth management & credit",Bengaluru,Active,https://github.com/lukaflpvc/YC-Vault/blob/1c86f32a981d479249496298f6bb746ff3c79efe/data/2025-04-21/YC_Companies.csv#L630,yc-vault:2025-04-21:YC_Companies.csv:row:630,2026-08-27T12:07:08+00:00
ce351944-f468-56cc-a94b-e8721041d764,Billforward,,8,S14,analytics,San Francisco,Active,https://github.com/lukaflpvc/YC-Vault/blob/1c86f32a981d479249496298f6bb746ff3c79efe/data/2025-04-21/YC_Companies.csv#L631,yc-vault:2025-04-21:YC_Companies.csv:row:631,2026-08-27T12:07:08+00:00
9fbb7627-5ac5-5390-a9bd-860a486f55ab,Backpack,,2,S14,"Marketplace, international",San Francisco,Active,https://github.com/lukaflpvc/YC-Vault/blob/1c86f32a981d479249496298f6bb746ff3c79efe/data/2025-04-21/YC_Companies.csv#L632,yc-vault:2025-04-21:YC_Companies.csv:row:632,2026-08-27T12:07:08+00:00
394a1b36-b740-5d1a-8b29-d1eb713f09e3,Aptible,,25,S14,"developer-tools, devsecops, devops, web-development, cloud-computing",San Francisco,Active,https://github.com/lukaflpvc/YC-Vault/blob/1c86f32a981d479249496298f6bb746ff3c79efe/data/2025-04-21/YC_Companies.csv#L633,yc-vault:2025-04-21:YC_Companies.csv:row:633,2026-08-27T12:07:08+00:00
85f47acf-9c61-5470-8244-02a2b12f2bbc,Unwind Me,,2,S14,health-&-wellness,San Francisco,Active,https://github.com/lukaflpvc/YC-Vault/blob/1c86f32a981d479249496298f6bb746ff3c79efe/data/2025-04-21/YC_Companies.csv#L634,yc-vault:2025-04-21:YC_Companies.csv:row:634,2026-08-27T12:07:08+00:00
79fe311f-948a-5a17-a6fc-345b5cd1d131,Sliced Investing,,11,S14,"crowdfunding, investing",San Francisco,Active,https://github.com/lukaflpvc/YC-Vault/blob/1c86f32a981d479249496298f6bb746ff3c79efe/data/2025-04-21/YC_Companies.csv#L635,yc-vault:2025-04-21:YC_Companies.csv:row:635,2026-08-27T12:07:08+00:00
9d71362c-5352-5c73-9690-7e457ded3816,Ravti,,17,S14,,New York,Active,https://github.com/lukaflpvc/YC-Vault/blob/1c86f32a981d479249496298f6bb746ff3c79efe/data/2025-04-21/YC_Companies.csv#L636,yc-vault:2025-04-21:YC_Companies.csv:row:636,2026-08-27T12:07:08+00:00
06a10270-d0a1-5c55-a7c7-7be374d7272a,One Codex,,16,S14,"biotech, diagnostics, genomics",San Francisco,Active,https://github.com/lukaflpvc/YC-Vault/blob/1c86f32a981d479249496298f6bb746ff3c79efe/data/2025-04-21/YC_Companies.csv#L637,yc-vault:2025-04-21:YC_Companies.csv:row:637,2026-08-27T12:07:08+00:00
743229ea-c8d7-5eb8-9a57-8d1067c3e420,Women.com,,11,S14,women's-health,San Mateo,Active,https://github.com/lukaflpvc/YC-Vault/blob/1c86f32a981d479249496298f6bb746ff3c79efe/data/2025-04-21/YC_Companies.csv#L638,yc-vault:2025-04-21:YC_Companies.csv:row:638,2026-08-27T12:07:08+00:00
023ef610-20ca-5600-8734-fe4fe4cb4bad,Tule,,8,S14,"cellular-agriculture,machine-learning,iot",Davis,Active,https://github.com/lukaflpvc/YC-Vault/blob/1c86f32a981d479249496298f6bb746ff3c79efe/data/2025-04-21/YC_Companies.csv#L639,yc-vault:2025-04-21:YC_Companies.csv:row:639,2026-08-27T12:07:08+00:00
070f53b1-c8e4-56c1-a136-a1cb98192f0c,Payable,,2,S14,fintech,San Francisco,Active,https://github.com/lukaflpvc/YC-Vault/blob/1c86f32a981d479249496298f6bb746ff3c79efe/data/2025-04-21/YC_Companies.csv#L640,yc-vault:2025-04-21:YC_Companies.csv:row:640,2026-08-27T12:07:08+00:00
3ba9d994-f9e6-52b5-8445-87350ac393fe,Apto Payments,,32,S14,fintech,San Francisco,Active,https://github.com/lukaflpvc/YC-Vault/blob/1c86f32a981d479249496298f6bb746ff3c79efe/data/2025-04-21/YC_Companies.csv#L641,yc-vault:2025-04-21:YC_Companies.csv:row:641,2026-08-27T12:07:08+00:00
23b00ed7-da2b-5834-99cc-641c0ce65089,Product Hunt,,18,S14,,San Francisco,Active,https://github.com/lukaflpvc/YC-Vault/blob/1c86f32a981d479249496298f6bb746ff3c79efe/data/2025-04-21/YC_Companies.csv#L642,yc-vault:2025-04-21:YC_Companies.csv:row:642,2026-08-27T12:07:08+00:00
e662a933-f338-5bd9-ad43-b17f82feec6b,Replenish,,11,S14,"hardware, consumer, food-&-beverage",San Leandro,Active,https://github.com/lukaflpvc/YC-Vault/blob/1c86f32a981d479249496298f6bb746ff3c79efe/data/2025-04-21/YC_Companies.csv#L643,yc-vault:2025-04-21:YC_Companies.csv:row:643,2026-08-27T12:07:08+00:00
a09a0252-2bce-53aa-992d-6940942ae54d,ListRunner,,2,S14,health-tech,Mountain View,Active,https://github.com/lukaflpvc/YC-Vault/blob/1c86f32a981d479249496298f6bb746ff3c79efe/data/2025-04-21/YC_Companies.csv#L644,yc-vault:2025-04-21:YC_Companies.csv:row:644,2026-08-27T12:07:08+00:00
207cd042-1ed4-51a9-81a8-7bcd52b30f8d,Lawn Love,,150,S14,marketplace,San Diego,Active,https://github.com/lukaflpvc/YC-Vault/blob/1c86f32a981d479249496298f6bb746ff3c79efe/data/2025-04-21/YC_Companies.csv#L645,yc-vault:2025-04-21:YC_Companies.csv:row:645,2026-08-27T12:07:08+00:00
69f6e71f-5b4d-5eca-94de-bfad386ab124,Kash,,11,S14,"fintech, payments",San Francisco,Active,https://github.com/lukaflpvc/YC-Vault/blob/1c86f32a981d479249496298f6bb746ff3c79efe/data/2025-04-21/YC_Companies.csv#L646,yc-vault:2025-04-21:YC_Companies.csv:row:646,2026-08-27T12:07:08+00:00
09cb968f-b5f9-5585-b8aa-0e84c7c381b6,Impraise,,35,S14,"saas, human-resources",Amsterdam,Active,https://github.com/lukaflpvc/YC-Vault/blob/1c86f32a981d479249496298f6bb746ff3c79efe/data/2025-04-21/YC_Companies.csv#L647,yc-vault:2025-04-21:YC_Companies.csv:row:647,2026-08-27T12:07:08+00:00
d82c27f0-5bc2-5a6d-91fd-29ebb90cf489,Hublo,,2,S14,"analytics, marketing",Paris,Active,https://github.com/lukaflpvc/YC-Vault/blob/1c86f32a981d479249496298f6bb746ff3c79efe/data/2025-04-21/YC_Companies.csv#L648,yc-vault:2025-04-21:YC_Companies.csv:row:648,2026-08-27T12:07:08+00:00
728f5f4d-c33e-59d4-b8f9-f7a83fb31161,Blockspring,,3,S14,analytics,San Francisco,Active,https://github.com/lukaflpvc/YC-Vault/blob/1c86f32a981d479249496298f6bb746ff3c79efe/data/2025-04-21/YC_Companies.csv#L649,yc-vault:2025-04-21:YC_Companies.csv:row:649,2026-08-27T12:07:08+00:00
1f70890a-1061-5ba6-8b90-85ef8945527a,GovPredict,,60,S14,govtech,Washington D C,Active,https://github.com/lukaflpvc/YC-Vault/blob/1c86f32a981d479249496298f6bb746ff3c79efe/data/2025-04-21/YC_Companies.csv#L650,yc-vault:2025-04-21:YC_Companies.csv:row:650,2026-08-27T12:07:08+00:00
26b0e5e8-7c36-523e-9f7c-400c33399e4b,PersistIQ,,10,S14,saas,San Mateo,Active,https://github.com/lukaflpvc/YC-Vault/blob/1c86f32a981d479249496298f6bb746ff3c79efe/data/2025-04-21/YC_Companies.csv#L651,yc-vault:2025-04-21:YC_Companies.csv:row:651,2026-08-27T12:07:08+00:00
d22d5371-28e8-526d-9931-3cb77985aea0,Clara Labs,,20,S14,automation,San Francisco,Active,https://github.com/lukaflpvc/YC-Vault/blob/1c86f32a981d479249496298f6bb746ff3c79efe/data/2025-04-21/YC_Companies.csv#L653,yc-vault:2025-04-21:YC_Companies.csv:row:653,2026-08-27T12:07:08+00:00
2ff40d41-457c-54fb-a3eb-3e0f499508e5,Carlypso,,11,S14,marketplace,San Francisco,Active,https://github.com/lukaflpvc/YC-Vault/blob/1c86f32a981d479249496298f6bb746ff3c79efe/data/2025-04-21/YC_Companies.csv#L654,yc-vault:2025-04-21:YC_Companies.csv:row:654,2026-08-27T12:07:08+00:00
79792c0d-d539-5ee1-bdbb-3536d1a7e69e,Bitaccess,,55,S14,"fintech, crypto-web3",Ottawa,Active,https://github.com/lukaflpvc/YC-Vault/blob/1c86f32a981d479249496298f6bb746ff3c79efe/data/2025-04-21/YC_Companies.csv#L655,yc-vault:2025-04-21:YC_Companies.csv:row:655,2026-08-27T12:07:08+00:00
e0901bee-fcfe-5f61-a5bd-9298260f9344,Parenthoods,,2,S14,Communities for expecting and new parents.,San Francisco,Active,https://github.com/lukaflpvc/YC-Vault/blob/1c86f32a981d479249496298f6bb746ff3c79efe/data/2025-04-21/YC_Companies.csv#L656,yc-vault:2025-04-21:YC_Companies.csv:row:656,2026-08-27T12:07:08+00:00
f0165405-6bd8-52a7-bd0f-4d734c474cc6,Zip Phone,,1,S14,messaging,,Active,https://github.com/lukaflpvc/YC-Vault/blob/1c86f32a981d479249496298f6bb746ff3c79efe/data/2025-04-21/YC_Companies.csv#L657,yc-vault:2025-04-21:YC_Companies.csv:row:657,2026-08-27T12:07:08+00:00
ba87e24c-f646-5fb9-b2f7-807f47e79e75,Zenamins,,2,S14,health-&-wellness,San Francisco,Active,https://github.com/lukaflpvc/YC-Vault/blob/1c86f32a981d479249496298f6bb746ff3c79efe/data/2025-04-21/YC_Companies.csv#L658,yc-vault:2025-04-21:YC_Companies.csv:row:658,2026-08-27T12:07:08+00:00
7fa88bc9-ea52-5c7c-b77e-cf30329f99b3,Beep,,2,S14,"iot, telecommunications",San Francisco,Active,https://github.com/lukaflpvc/YC-Vault/blob/1c86f32a981d479249496298f6bb746ff3c79efe/data/2025-04-21/YC_Companies.csv#L659,yc-vault:2025-04-21:YC_Companies.csv:row:659,2026-08-27T12:07:08+00:00
392741a9-5214-56ca-90d3-b8417addf9e9,Zoomer,,51,S14,"delivery, logistics, food-&-beverage",Philadelphia,Active,https://github.com/lukaflpvc/YC-Vault/blob/1c86f32a981d479249496298f6bb746ff3c79efe/data/2025-04-21/YC_Companies.csv#L660,yc-vault:2025-04-21:YC_Companies.csv:row:660,2026-08-27T12:07:08+00:00
92fa17fe-b3a8-5638-a761-4385a71c7107,Whirl,,2,S14,"biometrics,payments",South San Francisco,Active,https://github.com/lukaflpvc/YC-Vault/blob/1c86f32a981d479249496298f6bb746ff3c79efe/data/2025-04-21/YC_Companies.csv#L662,yc-vault:2025-04-21:YC_Companies.csv:row:662,2026-08-27T12:07:08+00:00
e070fbda-5a97-5943-b57c-209e7e2e5984,Weave,,11,S14,artificial-intelligence,San Francisco,Active,https://github.com/lukaflpvc/YC-Vault/blob/1c86f32a981d479249496298f6bb746ff3c79efe/data/2025-04-21/YC_Companies.csv#L663,yc-vault:2025-04-21:YC_Companies.csv:row:663,2026-08-27T12:07:08+00:00
62bd3e6d-667e-57a7-ab63-0bf17a58cd06,Think Gaming,,1,S14,"gaming, analytics",New York,Active,https://github.com/lukaflpvc/YC-Vault/blob/1c86f32a981d479249496298f6bb746ff3c79efe/data/2025-04-21/YC_Companies.csv#L665,yc-vault:2025-04-21:YC_Companies.csv:row:665,2026-08-27T12:07:08+00:00
524865bd-d328-5e57-a080-09d6dc284770,Paid,,2,S14,fintech,San Francisco,Active,https://github.com/lukaflpvc/YC-Vault/blob/1c86f32a981d479249496298f6bb746ff3c79efe/data/2025-04-21/YC_Companies.csv#L666,yc-vault:2025-04-21:YC_Companies.csv:row:666,2026-08-27T12:07:08+00:00
3d8d4bde-9468-532d-b1ae-bdc424bf5c6d,HauteDay,,2,S14,gaming,Carlsbad CA,Active,https://github.com/lukaflpvc/YC-Vault/blob/1c86f32a981d479249496298f6bb746ff3c79efe/data/2025-04-21/YC_Companies.csv#L667,yc-vault:2025-04-21:YC_Companies.csv:row:667,2026-08-27T12:07:08+00:00
8850589a-be1a-5737-918b-2cbb42ff10bc,SalesSift,,2,S14,"artificial-intelligence,machine-learning,sales,marketing,crm",London,Active,https://github.com/lukaflpvc/YC-Vault/blob/1c86f32a981d479249496298f6bb746ff3c79efe/data/2025-04-21/YC_Companies.csv#L668,yc-vault:2025-04-21:YC_Companies.csv:row:668,2026-08-27T12:07:08+00:00
049ffdbb-244c-56a5-86ae-80e5904043d3,Shout,,2,S14,marketplace,New York,Active,https://github.com/lukaflpvc/YC-Vault/blob/1c86f32a981d479249496298f6bb746ff3c79efe/data/2025-04-21/YC_Companies.csv#L669,yc-vault:2025-04-21:YC_Companies.csv:row:669,2026-08-27T12:07:08+00:00
4e1d724f-e8c9-55af-8c63-297b9bff06c9,Roost,,2,S14,Web push notifications,New York,Active,https://github.com/lukaflpvc/YC-Vault/blob/1c86f32a981d479249496298f6bb746ff3c79efe/data/2025-04-21/YC_Companies.csv#L670,yc-vault:2025-04-21:YC_Companies.csv:row:670,2026-08-27T12:07:08+00:00
9a3c1fd2-3ced-517a-91f2-9f3b1d7a7858,Cheddar,,2,S14,"fintech, neobank",,Active,https://github.com/lukaflpvc/YC-Vault/blob/1c86f32a981d479249496298f6bb746ff3c79efe/data/2025-04-21/YC_Companies.csv#L671,yc-vault:2025-04-21:YC_Companies.csv:row:671,2026-08-27T12:07:08+00:00
1fff63e1-9dbe-5654-877b-3c92aff9b2ba,In Your Corner,,2,S14,"mental-health-tech, telehealth, digital-health",New York,Active,https://github.com/lukaflpvc/YC-Vault/blob/1c86f32a981d479249496298f6bb746ff3c79efe/data/2025-04-21/YC_Companies.csv#L672,yc-vault:2025-04-21:YC_Companies.csv:row:672,2026-08-27T12:07:08+00:00
7cc08947-5574-5319-8ecb-3aa10f3efd13,Nightingale,,2,S14,"education, health-tech",San Francisco,Active,https://github.com/lukaflpvc/YC-Vault/blob/1c86f32a981d479249496298f6bb746ff3c79efe/data/2025-04-21/YC_Companies.csv#L673,yc-vault:2025-04-21:YC_Companies.csv:row:673,2026-08-27T12:07:08+00:00
c1890612-2cc2-5895-bebb-46dd9af83c68,Neptune.io,,11,S14,"aiops, devops, monitoring",San Mateo,Active,https://github.com/lukaflpvc/YC-Vault/blob/1c86f32a981d479249496298f6bb746ff3c79efe/data/2025-04-21/YC_Companies.csv#L674,yc-vault:2025-04-21:YC_Companies.csv:row:674,2026-08-27T12:07:08+00:00
a8b24fda-99ce-5221-9245-884e0ae03c71,Naytev,,3,S14,"saas, social-media, marketing",San Francisco,Active,https://github.com/lukaflpvc/YC-Vault/blob/1c86f32a981d479249496298f6bb746ff3c79efe/data/2025-04-21/YC_Companies.csv#L675,yc-vault:2025-04-21:YC_Companies.csv:row:675,2026-08-27T12:07:08+00:00
1acd7777-198c-5830-9290-63abe7530dc8,VizeraLabs,,2,S14,furniture,Sunnyvale,Active,https://github.com/lukaflpvc/YC-Vault/blob/1c86f32a981d479249496298f6bb746ff3c79efe/data/2025-04-21/YC_Companies.csv#L676,yc-vault:2025-04-21:YC_Companies.csv:row:676,2026-08-27T12:07:08+00:00
3297e8a5-d8e7-5eac-92e5-f98d411eb6f3,TAXA Biotechnologies,,2,S14,"agriculture, genetic-engineering, biotechnology",San Francisco,Active,https://github.com/lukaflpvc/YC-Vault/blob/1c86f32a981d479249496298f6bb746ff3c79efe/data/2025-04-21/YC_Companies.csv#L677,yc-vault:2025-04-21:YC_Companies.csv:row:677,2026-08-27T12:07:08+00:00
2db09b46-bd39-57fc-bd8d-75b7df293670,Flytenow,,3,S14,air-taxis,San Francisco,Active,https://github.com/lukaflpvc/YC-Vault/blob/1c86f32a981d479249496298f6bb746ff3c79efe/data/2025-04-21/YC_Companies.csv#L678,yc-vault:2025-04-21:YC_Companies.csv:row:678,2026-08-27T12:07:08+00:00
416fcf36-ff4a-5bc5-aa43-388856292406,Fixed,,2,S14,legaltech,San Francisco,Active,https://github.com/lukaflpvc/YC-Vault/blob/1c86f32a981d479249496298f6bb746ff3c79efe/data/2025-04-21/YC_Companies.csv#L679,yc-vault:2025-04-21:YC_Companies.csv:row:679,2026-08-27T12:07:08+00:00
1fd2f33f-b6ec-517f-ab3a-b717f132a904,Owners Circle,,2,S14,crowdfunding,Berkeley,Active,https://github.com/lukaflpvc/YC-Vault/blob/1c86f32a981d479249496298f6bb746ff3c79efe/data/2025-04-21/YC_Companies.csv#L680,yc-vault:2025-04-21:YC_Companies.csv:row:680,2026-08-27T12:07:08+00:00
d7e13fde-6a49-54fd-a25c-b50387f12a80,Doblet,,2,S14,hardware,San Francisco,Active,https://github.com/lukaflpvc/YC-Vault/blob/1c86f32a981d479249496298f6bb746ff3c79efe/data/2025-04-21/YC_Companies.csv#L681,yc-vault:2025-04-21:YC_Companies.csv:row:681,2026-08-27T12:07:08+00:00
9a4fb694-26e7-5ed5-821a-3afab6167ed1,Bikanta,,2,S14,nanomedicine,Berkeley,Active,https://github.com/lukaflpvc/YC-Vault/blob/1c86f32a981d479249496298f6bb746ff3c79efe/data/2025-04-21/YC_Companies.csv#L682,yc-vault:2025-04-21:YC_Companies.csv:row:682,2026-08-27T12:07:08+00:00
5f3c1de8-5e1e-5725-88a8-08a9d33f812f,Bannerman,,3,S14,security,San Francisco,Active,https://github.com/lukaflpvc/YC-Vault/blob/1c86f32a981d479249496298f6bb746ff3c79efe/data/2025-04-21/YC_Companies.csv#L684,yc-vault:2025-04-21:YC_Companies.csv:row:684,2026-08-27T12:07:08+00:00
e2906825-a3b1-5626-8e52-e2fa054ea179,GitLab,,2000,W15,developer-tools,San Francisco,Active,https://github.com/lukaflpvc/YC-Vault/blob/1c86f32a981d479249496298f6bb746ff3c79efe/data/2025-04-21/YC_Companies.csv#L685,yc-vault:2025-04-21:YC_Companies.csv:row:685,2026-08-27T12:07:08+00:00
176ab619-8872-5905-9dd1-6e14e07ff0c8,Notable Labs,,40,W15,"biotech, drug-discovery, oncology",Foster City,Active,https://github.com/lukaflpvc/YC-Vault/blob/1c86f32a981d479249496298f6bb746ff3c79efe/data/2025-04-21/YC_Companies.csv#L686,yc-vault:2025-04-21:YC_Companies.csv:row:686,2026-08-27T12:07:08+00:00
619fe7a9-602a-5703-91b8-40dddd48ae94,Lucira Health,,43,W15,"health-tech, diagnostics",Emeryville,Active,https://github.com/lukaflpvc/YC-Vault/blob/1c86f32a981d479249496298f6bb746ff3c79efe/data/2025-04-21/YC_Companies.csv#L687,yc-vault:2025-04-21:YC_Companies.csv:row:687,2026-08-27T12:07:08+00:00
cd4f0e1e-8562-5007-bd60-1e0e0bdbd331,EquipmentShare,,5400,W15,construction,Columbia,Active,https://github.com/lukaflpvc/YC-Vault/blob/1c86f32a981d479249496298f6bb746ff3c79efe/data/2025-04-21/YC_Companies.csv#L688,yc-vault:2025-04-21:YC_Companies.csv:row:688,2026-08-27T12:07:08+00:00
41dde84c-c68b-50b8-97b9-448f1332c8ae,GrubMarket,,4548,W15,"e-commerce,supply-chain,food-tech,agriculture",San Francisco,Active,https://github.com/lukaflpvc/YC-Vault/blob/1c86f32a981d479249496298f6bb746ff3c79efe/data/2025-04-21/YC_Companies.csv#L689,yc-vault:2025-04-21:YC_Companies.csv:row:689,2026-08-27T12:07:08+00:00
e3c94785-bd9a-5244-aad2-518ad9a1e8a0,Razorpay,,2700,W15,"banking-as-a-service, fintech, payments, india",Bengaluru,Active,https://github.com/lukaflpvc/YC-Vault/blob/1c86f32a981d479249496298f6bb746ff3c79efe/data/2025-04-21/YC_Companies.csv#L690,yc-vault:2025-04-21:YC_Companies.csv:row:690,2026-08-27T12:07:08+00:00
b8a7f2aa-b7ee-5e8c-acad-11d2e0dd0b2e,Shasqi,,28,W15,"biotech, therapeutics",San Francisco,Active,https://github.com/lukaflpvc/YC-Vault/blob/1c86f32a981d479249496298f6bb746ff3c79efe/data/2025-04-21/YC_Companies.csv#L691,yc-vault:2025-04-21:YC_Companies.csv:row:691,2026-08-27T12:07:08+00:00
99ef61fa-6064-58e3-a258-eafcde8ac7cd,Mashgin,,75,W15,"Self-Checkout, Computer Vision, Deep Learning, Hardware, AI",Palo Alto,Active,https://github.com/lukaflpvc/YC-Vault/blob/1c86f32a981d479249496298f6bb746ff3c79efe/data/2025-04-21/YC_Companies.csv#L692,yc-vault:2025-04-21:YC_Companies.csv:row:692,2026-08-27T12:07:08+00:00
b8b8e555-ae13-5df4-a3f0-ba403b105ceb,NimbleRx,,130,W15,,Redwood City,Active,https://github.com/lukaflpvc/YC-Vault/blob/1c86f32a981d479249496298f6bb746ff3c79efe/data/2025-04-21/YC_Companies.csv#L693,yc-vault:2025-04-21:YC_Companies.csv:row:693,2026-08-27T12:07:08+00:00
98299246-f3a4-5675-bc63-8690e5f0a202,Replika,,28,W15,"mental-health, conversational-ai",San Francisco,Active,https://github.com/lukaflpvc/YC-Vault/blob/1c86f32a981d479249496298f6bb746ff3c79efe/data/2025-04-21/YC_Companies.csv#L694,yc-vault:2025-04-21:YC_Companies.csv:row:694,2026-08-27T12:07:08+00:00
f9fd0d2e-f15c-569c-b577-97866e3b913e,Tara AI,,13,W15,"artificial-intelligence, generative-ai, saas, devops, ai",San Jose,Active,https://github.com/lukaflpvc/YC-Vault/blob/1c86f32a981d479249496298f6bb746ff3c79efe/data/2025-04-21/YC_Companies.csv#L695,yc-vault:2025-04-21:YC_Companies.csv:row:695,2026-08-27T12:07:08+00:00
4219032d-baa7-52c1-afd1-efa81dcd587e,X-Zell,,19,W15,medical-devices,Singapore,Active,https://github.com/lukaflpvc/YC-Vault/blob/1c86f32a981d479249496298f6bb746ff3c79efe/data/2025-04-21/YC_Companies.csv#L697,yc-vault:2025-04-21:YC_Companies.csv:row:697,2026-08-27T12:07:08+00:00
e7e7cff3-84d4-53b1-b28d-0f286b7a1da3,Transcriptic,,13,W15,"robotics, biotech",Menlo Park,Active,https://github.com/lukaflpvc/YC-Vault/blob/1c86f32a981d479249496298f6bb746ff3c79efe/data/2025-04-21/YC_Companies.csv#L698,yc-vault:2025-04-21:YC_Companies.csv:row:698,2026-08-27T12:07:08+00:00
31313cd2-cf84-582c-806c-b6abddd9f59a,Zenflow,,18,W15,medical-devices,South San Francisco,Active,https://github.com/lukaflpvc/YC-Vault/blob/1c86f32a981d479249496298f6bb746ff3c79efe/data/2025-04-21/YC_Companies.csv#L699,yc-vault:2025-04-21:YC_Companies.csv:row:699,2026-08-27T12:07:08+00:00
2877c847-dbd3-5d3b-a714-0b0d134434c6,Tab,,9,W15,"fintech, marketplace, travel",London,Active,https://github.com/lukaflpvc/YC-Vault/blob/1c86f32a981d479249496298f6bb746ff3c79efe/data/2025-04-21/YC_Companies.csv#L700,yc-vault:2025-04-21:YC_Companies.csv:row:700,2026-08-27T12:07:08+00:00
c80e4f7d-659a-55ac-ac38-756dc2ae8b38,Priime,,3,W15,,San Francisco,Active,https://github.com/lukaflpvc/YC-Vault/blob/1c86f32a981d479249496298f6bb746ff3c79efe/data/2025-04-21/YC_Companies.csv#L701,yc-vault:2025-04-21:YC_Companies.csv:row:701,2026-08-27T12:07:08+00:00
99dac1fd-59c4-5cc8-ad24-15252a028ca0,Meadow,,14,W15,"saas, cannabis",San Francisco,Active,https://github.com/lukaflpvc/YC-Vault/blob/1c86f32a981d479249496298f6bb746ff3c79efe/data/2025-04-21/YC_Companies.csv#L702,yc-vault:2025-04-21:YC_Companies.csv:row:702,2026-08-27T12:07:08+00:00
896c6244-49ec-57aa-bf98-d911a2e35e80,Level Frames,,5,W15,e-commerce,NY,Active,https://github.com/lukaflpvc/YC-Vault/blob/1c86f32a981d479249496298f6bb746ff3c79efe/data/2025-04-21/YC_Companies.csv#L703,yc-vault:2025-04-21:YC_Companies.csv:row:703,2026-08-27T12:07:08+00:00
174e4993-2ea0-555e-9c85-5373cc839adf,Industrial Microbes,,12,W15,Industrial Microbes,Alameda,Active,https://github.com/lukaflpvc/YC-Vault/blob/1c86f32a981d479249496298f6bb746ff3c79efe/data/2025-04-21/YC_Companies.csv#L704,yc-vault:2025-04-21:YC_Companies.csv:row:704,2026-08-27T12:07:08+00:00
a4ecc30f-7508-5e94-bf0e-07f086f9297b,eBrandvalue,,10,W15,"analytics, social",Mountain View,Active,https://github.com/lukaflpvc/YC-Vault/blob/1c86f32a981d479249496298f6bb746ff3c79efe/data/2025-04-21/YC_Companies.csv#L706,yc-vault:2025-04-21:YC_Companies.csv:row:706,2026-08-27T12:07:08+00:00
02a954e5-f5ed-5ba7-be77-9678728c4068,Quantierra,,5,W15,"real-estate, investing",New York,Active,https://github.com/lukaflpvc/YC-Vault/blob/1c86f32a981d479249496298f6bb746ff3c79efe/data/2025-04-21/YC_Companies.csv#L707,yc-vault:2025-04-21:YC_Companies.csv:row:707,2026-08-27T12:07:08+00:00
ec19eae9-2d25-5e2f-97b1-1ad08e20a120,Cleanly,,40,W15,"delivery, logistics",New York,Active,https://github.com/lukaflpvc/YC-Vault/blob/1c86f32a981d479249496298f6bb746ff3c79efe/data/2025-04-21/YC_Companies.csv#L708,yc-vault:2025-04-21:YC_Companies.csv:row:708,2026-08-27T12:07:08+00:00
bdcacab3-7ad6-5027-8017-fc0c5e5d50bb,Resolve,,9,W15,"virtual-reality, construction, design-tools, metaverse",New York,Active,https://github.com/lukaflpvc/YC-Vault/blob/1c86f32a981d479249496298f6bb746ff3c79efe/data/2025-04-21/YC_Companies.csv#L709,yc-vault:2025-04-21:YC_Companies.csv:row:709,2026-08-27T12:07:08+00:00
2bea5443-ed3b-5835-b664-24a6673678e0,Makrwatch,,19,W15,"marketplace, b2b, social-media, advertising, creator-economy",New York,Active,https://github.com/lukaflpvc/YC-Vault/blob/1c86f32a981d479249496298f6bb746ff3c79efe/data/2025-04-21/YC_Companies.csv#L710,yc-vault:2025-04-21:YC_Companies.csv:row:710,2026-08-27T12:07:08+00:00
f78e2c79-3128-5596-b94c-f459d387e38d,TeamNote,,11,W15,Mobile Productivity(Slack for mobile workforces),Hong Kong,Active,https://github.com/lukaflpvc/YC-Vault/blob/1c86f32a981d479249496298f6bb746ff3c79efe/data/2025-04-21/YC_Companies.csv#L711,yc-vault:2025-04-21:YC_Companies.csv:row:711,2026-08-27T12:07:08+00:00
14425396-de87-5dd9-acfc-1158477bce24,Tempo,,158,W15,"machine-learning, consumer-health-services",San Francisco,Active,https://github.com/lukaflpvc/YC-Vault/blob/1c86f32a981d479249496298f6bb746ff3c79efe/data/2025-04-21/YC_Companies.csv#L712,yc-vault:2025-04-21:YC_Companies.csv:row:712,2026-08-27T12:07:08+00:00
b38cba18-ea3f-544a-8799-f00e8f8ac487,SIRUM,,15,W15,"consumer-health-services, nonprofit",Palo Alto,Active,https://github.com/lukaflpvc/YC-Vault/blob/1c86f32a981d479249496298f6bb746ff3c79efe/data/2025-04-21/YC_Companies.csv#L713,yc-vault:2025-04-21:YC_Companies.csv:row:713,2026-08-27T12:07:08+00:00
367dc447-c4f3-5892-965f-5b7f1b8892fc,Sails Co.,,4,W15,,Austin,Active,https://github.com/lukaflpvc/YC-Vault/blob/1c86f32a981d479249496298f6bb746ff3c79efe/data/2025-04-21/YC_Companies.csv#L714,yc-vault:2025-04-21:YC_Companies.csv:row:714,2026-08-27T12:07:08+00:00
fbb9646f-3e3a-51e5-96b9-a6aedf9c513f,ReadMe,,52,W15,,San Francisco,Active,https://github.com/lukaflpvc/YC-Vault/blob/1c86f32a981d479249496298f6bb746ff3c79efe/data/2025-04-21/YC_Companies.csv#L715,yc-vault:2025-04-21:YC_Companies.csv:row:715,2026-08-27T12:07:08+00:00
e425d181-1824-51f6-98ac-a13b5097fad0,BuildScience,,1,W15,"sustainability, proptech, energy",Niagara Falls,Active,https://github.com/lukaflpvc/YC-Vault/blob/1c86f32a981d479249496298f6bb746ff3c79efe/data/2025-04-21/YC_Companies.csv#L716,yc-vault:2025-04-21:YC_Companies.csv:row:716,2026-08-27T12:07:08+00:00
92a31d35-5111-52c7-9867-8eb68f80b339,Platzi,,300,W15,,San Francisco,Active,https://github.com/lukaflpvc/YC-Vault/blob/1c86f32a981d479249496298f6bb746ff3c79efe/data/2025-04-21/YC_Companies.csv#L717,yc-vault:2025-04-21:YC_Companies.csv:row:717,2026-08-27T12:07:08+00:00
e476563f-d938-5b7e-9c5c-7243a9ab9603,Labdoor,,11,W15,"marketplace,consumer-health-services",San Francisco,Active,https://github.com/lukaflpvc/YC-Vault/blob/1c86f32a981d479249496298f6bb746ff3c79efe/data/2025-04-21/YC_Companies.csv#L718,yc-vault:2025-04-21:YC_Companies.csv:row:718,2026-08-27T12:07:08+00:00
7c7415c2-4cc5-5812-a876-17b657726762,GiveMeTap,,1,W15,sustainability,London,Active,https://github.com/lukaflpvc/YC-Vault/blob/1c86f32a981d479249496298f6bb746ff3c79efe/data/2025-04-21/YC_Companies.csv#L719,yc-vault:2025-04-21:YC_Companies.csv:row:719,2026-08-27T12:07:08+00:00
7a6469b6-aa90-5a93-836e-79cffbfd6e6d,Bankjoy,,60,W15,"banking-as-a-service, conversational-banking, fintech",Troy MI,Active,https://github.com/lukaflpvc/YC-Vault/blob/1c86f32a981d479249496298f6bb746ff3c79efe/data/2025-04-21/YC_Companies.csv#L720,yc-vault:2025-04-21:YC_Companies.csv:row:720,2026-08-27T12:07:08+00:00
1461dcd3-7501-5310-ba53-3e577bc13629,Zeitview,,200,W15,"artificial-intelligence, drones, b2b, climate, renewable-energy",Santa Monica,Active,https://github.com/lukaflpvc/YC-Vault/blob/1c86f32a981d479249496298f6bb746ff3c79efe/data/2025-04-21/YC_Companies.csv#L721,yc-vault:2025-04-21:YC_Companies.csv:row:721,2026-08-27T12:07:08+00:00
faab7388-823c-5e58-adaa-7502f85dac21,The Human Utility,,2,W15,crowdfunding,Oakland,Active,https://github.com/lukaflpvc/YC-Vault/blob/1c86f32a981d479249496298f6bb746ff3c79efe/data/2025-04-21/YC_Companies.csv#L722,yc-vault:2025-04-21:YC_Companies.csv:row:722,2026-08-27T12:07:08+00:00
a98f7e2b-d852-5a7e-829c-0afd335227ac,Democracy Earth,,2,W15,"crypto-web3, nonprofit",Madrid,Active,https://github.com/lukaflpvc/YC-Vault/blob/1c86f32a981d479249496298f6bb746ff3c79efe/data/2025-04-21/YC_Companies.csv#L723,yc-vault:2025-04-21:YC_Companies.csv:row:723,2026-08-27T12:07:08+00:00
c594b570-f640-5dc5-9927-9e93abe41efa,Atomwise,,67,W15,"ai-powered-drug-discovery, deep-learning, biotech, drug-discovery, oncology",San Francisco,Active,https://github.com/lukaflpvc/YC-Vault/blob/1c86f32a981d479249496298f6bb746ff3c79efe/data/2025-04-21/YC_Companies.csv#L724,yc-vault:2025-04-21:YC_Companies.csv:row:724,2026-08-27T12:07:08+00:00
cc661c19-fde3-5201-a27d-965ab998c3dd,Bright,,100,W15,"fintech,solar-power,climate",Mexico City,Active,https://github.com/lukaflpvc/YC-Vault/blob/1c86f32a981d479249496298f6bb746ff3c79efe/data/2025-04-21/YC_Companies.csv#L725,yc-vault:2025-04-21:YC_Companies.csv:row:725,2026-08-27T12:07:08+00:00
9788c224-b867-5440-8fd4-2efd06e084cd,Magic,,350,W15,"b2b, ai-assistant",Washington,Active,https://github.com/lukaflpvc/YC-Vault/blob/1c86f32a981d479249496298f6bb746ff3c79efe/data/2025-04-21/YC_Companies.csv#L726,yc-vault:2025-04-21:YC_Companies.csv:row:726,2026-08-27T12:07:08+00:00
b35fcf3a-8a23-599e-b3da-cc5e1633f6ee,Mezmo,,172,W15,"developer-tools, devsecops, saas, kubernetes, data-engineering",San Jose,Active,https://github.com/lukaflpvc/YC-Vault/blob/1c86f32a981d479249496298f6bb746ff3c79efe/data/2025-04-21/YC_Companies.csv#L727,yc-vault:2025-04-21:YC_Companies.csv:row:727,2026-08-27T12:07:08+00:00
c4d86460-536d-5a6c-8fef-f92894e088fd,Akido Labs,,1000,W15,"healthcare, ai",Los Angeles,Active,https://github.com/lukaflpvc/YC-Vault/blob/1c86f32a981d479249496298f6bb746ff3c79efe/data/2025-04-21/YC_Companies.csv#L728,yc-vault:2025-04-21:YC_Companies.csv:row:728,2026-08-27T12:07:08+00:00
4da06366-5f40-5795-8685-8d1bcdad2f2e,Qventus,,163,W15,"artificial-intelligence,saas,digital-health,healthcare",San Francisco,Active,https://github.com/lukaflpvc/YC-Vault/blob/1c86f32a981d479249496298f6bb746ff3c79efe/data/2025-04-21/YC_Companies.csv#L729,yc-vault:2025-04-21:YC_Companies.csv:row:729,2026-08-27T12:07:08+00:00
17cc6ace-0ccc-53d4-b94e-91c598ea6cc2,DemocracyOS,,1,W15,"civic-tech, govtech",Buenos Aires,Active,https://github.com/lukaflpvc/YC-Vault/blob/1c86f32a981d479249496298f6bb746ff3c79efe/data/2025-04-21/YC_Companies.csv#L730,yc-vault:2025-04-21:YC_Companies.csv:row:730,2026-08-27T12:07:08+00:00
baf40c6a-9cf3-52f8-93df-8fe2fdb19b4d,Lumi,,67,W15,"packaging, e-commerce, supply chain",Los Angeles,Active,https://github.com/lukaflpvc/YC-Vault/blob/1c86f32a981d479249496298f6bb746ff3c79efe/data/2025-04-21/YC_Companies.csv#L731,yc-vault:2025-04-21:YC_Companies.csv:row:731,2026-08-27T12:07:08+00:00
6e0b69c8-0732-51a4-9098-c99ebd921031,Spire Health,,52,W15,"telehealth,medical-devices,digital-health",San Francisco,Active,https://github.com/lukaflpvc/YC-Vault/blob/1c86f32a981d479249496298f6bb746ff3c79efe/data/2025-04-21/YC_Companies.csv#L732,yc-vault:2025-04-21:YC_Companies.csv:row:732,2026-08-27T12:07:08+00:00
bed4602b-ac33-56b0-80ec-58e01be2d900,Chariot,,501,W15,transportation,San Francisco,Active,https://github.com/lukaflpvc/YC-Vault/blob/1c86f32a981d479249496298f6bb746ff3c79efe/data/2025-04-21/YC_Companies.csv#L733,yc-vault:2025-04-21:YC_Companies.csv:row:733,2026-08-27T12:07:08+00:00
f1aacbdc-c228-5f7f-af53-2ec4fa6b3a35,Raven Tech,,11,W15,"artificial intelligent, big data and the next generation operating system",Beijing,Active,https://github.com/lukaflpvc/YC-Vault/blob/1c86f32a981d479249496298f6bb746ff3c79efe/data/2025-04-21/YC_Companies.csv#L734,yc-vault:2025-04-21:YC_Companies.csv:row:734,2026-08-27T12:07:08+00:00
eb0f839d-e237-5d01-b141-e455d8feb815,Vanhawks,,11,W15,"iot, transportation",Toronto,Active,https://github.com/lukaflpvc/YC-Vault/blob/1c86f32a981d479249496298f6bb746ff3c79efe/data/2025-04-21/YC_Companies.csv#L735,yc-vault:2025-04-21:YC_Companies.csv:row:735,2026-08-27T12:07:08+00:00
57d5e358-8dde-58d3-b535-e4d9323086c8,Valor Water Analytics,,2,W15,,San Francisco,Active,https://github.com/lukaflpvc/YC-Vault/blob/1c86f32a981d479249496298f6bb746ff3c79efe/data/2025-04-21/YC_Companies.csv#L736,yc-vault:2025-04-21:YC_Companies.csv:row:736,2026-08-27T12:07:08+00:00
0498e6ff-9297-53b4-ac6f-e66ac0558bf1,SigOpt,,23,W15,"machine-learning, saas, ai",San Francisco,Active,https://github.com/lukaflpvc/YC-Vault/blob/1c86f32a981d479249496298f6bb746ff3c79efe/data/2025-04-21/YC_Companies.csv#L737,yc-vault:2025-04-21:YC_Companies.csv:row:737,2026-08-27T12:07:08+00:00
db8e8ae4-2153-5f2a-bf34-b37ece26bbd3,Seed,,11,W15,fintech,San Francisco,Active,https://github.com/lukaflpvc/YC-Vault/blob/1c86f32a981d479249496298f6bb746ff3c79efe/data/2025-04-21/YC_Companies.csv#L738,yc-vault:2025-04-21:YC_Companies.csv:row:738,2026-08-27T12:07:08+00:00
d554b8c2-d1d4-5120-8b00-c8f516ec3de7,Popular Pays,,37,W15,advertising,Chicago,Active,https://github.com/lukaflpvc/YC-Vault/blob/1c86f32a981d479249496298f6bb746ff3c79efe/data/2025-04-21/YC_Companies.csv#L740,yc-vault:2025-04-21:YC_Companies.csv:row:740,2026-08-27T12:07:08+00:00
95fc55a2-8b1f-5042-98e0-a13ea3c47f68,Outbound,,2,W15,"messaging, analytics, notifications",San Francisco,Active,https://github.com/lukaflpvc/YC-Vault/blob/1c86f32a981d479249496298f6bb746ff3c79efe/data/2025-04-21/YC_Companies.csv#L741,yc-vault:2025-04-21:YC_Companies.csv:row:741,2026-08-27T12:07:08+00:00
dfd4927e-9d40-5102-b338-e8442cc21f1e,Moltin,,32,W15,e-commerce,Boston,Active,https://github.com/lukaflpvc/YC-Vault/blob/1c86f32a981d479249496298f6bb746ff3c79efe/data/2025-04-21/YC_Companies.csv#L742,yc-vault:2025-04-21:YC_Companies.csv:row:742,2026-08-27T12:07:08+00:00
c9200f8b-2c2e-50dd-a3b0-2f0968edde5a,NexTravel,,17,W15,travel,San Francisco,Active,https://github.com/lukaflpvc/YC-Vault/blob/1c86f32a981d479249496298f6bb746ff3c79efe/data/2025-04-21/YC_Companies.csv#L743,yc-vault:2025-04-21:YC_Companies.csv:row:743,2026-08-27T12:07:08+00:00
9ab1b920-2703-51de-965b-b1b43914211c,WayUp,,50,W15,marketplace,New York,Active,https://github.com/lukaflpvc/YC-Vault/blob/1c86f32a981d479249496298f6bb746ff3c79efe/data/2025-04-21/YC_Companies.csv#L744,yc-vault:2025-04-21:YC_Companies.csv:row:744,2026-08-27T12:07:08+00:00
7cd427a2-682b-5aab-abce-6516c7ff360d,Bonfire,,95,W15,"saas,govtech,procurement",Canada,Active,https://github.com/lukaflpvc/YC-Vault/blob/1c86f32a981d479249496298f6bb746ff3c79efe/data/2025-04-21/YC_Companies.csv#L745,yc-vault:2025-04-21:YC_Companies.csv:row:745,2026-08-27T12:07:08+00:00
0678a687-25f6-58f8-8ab2-1a284fb0f9b2,YesGraph,,2,W15,,Palo Alto,Active,https://github.com/lukaflpvc/YC-Vault/blob/1c86f32a981d479249496298f6bb746ff3c79efe/data/2025-04-21/YC_Companies.csv#L747,yc-vault:2025-04-21:YC_Companies.csv:row:747,2026-08-27T12:07:08+00:00
e209f3fa-ffdf-5084-8040-a9f02977748b,Vest,,43,W15,"fintech, investing",McLean,Active,https://github.com/lukaflpvc/YC-Vault/blob/1c86f32a981d479249496298f6bb746ff3c79efe/data/2025-04-21/YC_Companies.csv#L748,yc-vault:2025-04-21:YC_Companies.csv:row:748,2026-08-27T12:07:08+00:00
8dfc5ea8-1fa9-56db-b8af-0d078ecd288c,Remix,,65,W15,"saas, transportation, mobility",San Francisco,Active,https://github.com/lukaflpvc/YC-Vault/blob/1c86f32a981d479249496298f6bb746ff3c79efe/data/2025-04-21/YC_Companies.csv#L749,yc-vault:2025-04-21:YC_Companies.csv:row:749,2026-08-27T12:07:08+00:00
566d24bc-5872-582f-822f-3063253c8b69,Mobydish,,10,W15,food-tech,Austin,Active,https://github.com/lukaflpvc/YC-Vault/blob/1c86f32a981d479249496298f6bb746ff3c79efe/data/2025-04-21/YC_Companies.csv#L750,yc-vault:2025-04-21:YC_Companies.csv:row:750,2026-08-27T12:07:08+00:00
52d560e2-9b89-5559-8ced-4059e722d1e4,Smarking,,17,W15,"saas, ai",San Francisco,Active,https://github.com/lukaflpvc/YC-Vault/blob/1c86f32a981d479249496298f6bb746ff3c79efe/data/2025-04-21/YC_Companies.csv#L751,yc-vault:2025-04-21:YC_Companies.csv:row:751,2026-08-27T12:07:08+00:00
45daa21b-ee84-55f0-ac74-0346089bacb2,Shift Labs,,6,W15,medical devices,Seattle,Active,https://github.com/lukaflpvc/YC-Vault/blob/1c86f32a981d479249496298f6bb746ff3c79efe/data/2025-04-21/YC_Companies.csv#L752,yc-vault:2025-04-21:YC_Companies.csv:row:752,2026-08-27T12:07:08+00:00
0077fe77-9390-5010-b00c-3bc6154c2048,Paperspace,,50,W15,"machine-learning, ai",NY,Active,https://github.com/lukaflpvc/YC-Vault/blob/1c86f32a981d479249496298f6bb746ff3c79efe/data/2025-04-21/YC_Companies.csv#L753,yc-vault:2025-04-21:YC_Companies.csv:row:753,2026-08-27T12:07:08+00:00
4fe66d49-2d1a-5337-8fdf-3f38e4faeb57,Pachyderm,,60,W15,"developer-tools, machine-learning, data-science",San Francisco,Active,https://github.com/lukaflpvc/YC-Vault/blob/1c86f32a981d479249496298f6bb746ff3c79efe/data/2025-04-21/YC_Companies.csv#L754,yc-vault:2025-04-21:YC_Companies.csv:row:754,2026-08-27T12:07:08+00:00
93fb44dc-2e67-5e45-a97d-17d4cf78c625,Open Listings,,48,W15,real-estate,Los Angeles,Active,https://github.com/lukaflpvc/YC-Vault/blob/1c86f32a981d479249496298f6bb746ff3c79efe/data/2025-04-21/YC_Companies.csv#L755,yc-vault:2025-04-21:YC_Companies.csv:row:755,2026-08-27T12:07:08+00:00
43618a62-8fd5-59c0-b255-22c85f1fa225,HigherMe,,45,W15,"saas, hr-tech, restaurant-tech",Toronto,Active,https://github.com/lukaflpvc/YC-Vault/blob/1c86f32a981d479249496298f6bb746ff3c79efe/data/2025-04-21/YC_Companies.csv#L756,yc-vault:2025-04-21:YC_Companies.csv:row:756,2026-08-27T12:07:08+00:00
a8a8426b-4487-5ad6-ab6a-a2a2d14f8a15,WorkLife,,2,W15,saas,San Francisco,Active,https://github.com/lukaflpvc/YC-Vault/blob/1c86f32a981d479249496298f6bb746ff3c79efe/data/2025-04-21/YC_Companies.csv#L757,yc-vault:2025-04-21:YC_Companies.csv:row:757,2026-08-27T12:07:08+00:00
ec8355b2-b8db-54d1-9a6a-23035a9862d7,CyberFend,,2,W15,"cybersecurity, fraud-prevention",Santa Clara,Active,https://github.com/lukaflpvc/YC-Vault/blob/1c86f32a981d479249496298f6bb746ff3c79efe/data/2025-04-21/YC_Companies.csv#L758,yc-vault:2025-04-21:YC_Companies.csv:row:758,2026-08-27T12:07:08+00:00
620aa5a7-0984-5ef3-8583-3191b147f729,Bluesmart,,51,W15,"iot, travel",New York,Active,https://github.com/lukaflpvc/YC-Vault/blob/1c86f32a981d479249496298f6bb746ff3c79efe/data/2025-04-21/YC_Companies.csv#L759,yc-vault:2025-04-21:YC_Companies.csv:row:759,2026-08-27T12:07:08+00:00
9dd1eed8-cb72-54fe-9cf2-b8a8f7f2bce8,Bizzy,,2,W15,"e-commerce, marketing",San Francisco,Active,https://github.com/lukaflpvc/YC-Vault/blob/1c86f32a981d479249496298f6bb746ff3c79efe/data/2025-04-21/YC_Companies.csv#L760,yc-vault:2025-04-21:YC_Companies.csv:row:760,2026-08-27T12:07:08+00:00
d8fab991-6198-538b-b1c1-4176ce821b86,Smyte,,11,W15,"security,fraud-detection",San Francisco,Active,https://github.com/lukaflpvc/YC-Vault/blob/1c86f32a981d479249496298f6bb746ff3c79efe/data/2025-04-21/YC_Companies.csv#L761,yc-vault:2025-04-21:YC_Companies.csv:row:761,2026-08-27T12:07:08+00:00
49b06d57-834b-5265-9173-68a5f3d394ff,Tech in Asia,,70,W15,media,Singapore,Active,https://github.com/lukaflpvc/YC-Vault/blob/1c86f32a981d479249496298f6bb746ff3c79efe/data/2025-04-21/YC_Companies.csv#L762,yc-vault:2025-04-21:YC_Companies.csv:row:762,2026-08-27T12:07:08+00:00
53cebb35-409b-56f0-8c45-9fb1b81d642e,Pomello,,8,W15,"machine-learning, saas",San Francisco,Active,https://github.com/lukaflpvc/YC-Vault/blob/1c86f32a981d479249496298f6bb746ff3c79efe/data/2025-04-21/YC_Companies.csv#L763,yc-vault:2025-04-21:YC_Companies.csv:row:763,2026-08-27T12:07:08+00:00
cf3f6436-e6a9-5cf3-9977-ca2f6a05a66f,Final,,11,W15,"payments, security",Oakland,Active,https://github.com/lukaflpvc/YC-Vault/blob/1c86f32a981d479249496298f6bb746ff3c79efe/data/2025-04-21/YC_Companies.csv#L764,yc-vault:2025-04-21:YC_Companies.csv:row:764,2026-08-27T12:07:08+00:00
7e18fcc4-5fa6-5795-9ea0-4b8e3901832a,ThinAir,,11,W15,"cybersecurity, enterprise",Palo Alto,Active,https://github.com/lukaflpvc/YC-Vault/blob/1c86f32a981d479249496298f6bb746ff3c79efe/data/2025-04-21/YC_Companies.csv#L765,yc-vault:2025-04-21:YC_Companies.csv:row:765,2026-08-27T12:07:08+00:00
984ceebb-0db0-5266-8f50-0520f06e5e7b,Nomiku,,11,W15,food-tech,San Francisco,Active,https://github.com/lukaflpvc/YC-Vault/blob/1c86f32a981d479249496298f6bb746ff3c79efe/data/2025-04-21/YC_Companies.csv#L766,yc-vault:2025-04-21:YC_Companies.csv:row:766,2026-08-27T12:07:08+00:00
693bc91a-3a26-5f22-8ee2-01e66e2cc660,Automate Ads,,2,W15,advertising,San Mateo,Active,https://github.com/lukaflpvc/YC-Vault/blob/1c86f32a981d479249496298f6bb746ff3c79efe/data/2025-04-21/YC_Companies.csv#L767,yc-vault:2025-04-21:YC_Companies.csv:row:767,2026-08-27T12:07:08+00:00
b124fbed-7b72-5945-b04e-8fd4110aa1a8,Lully,,5,W15,"sleep-tech, health-tech",San Francisco,Active,https://github.com/lukaflpvc/YC-Vault/blob/1c86f32a981d479249496298f6bb746ff3c79efe/data/2025-04-21/YC_Companies.csv#L768,yc-vault:2025-04-21:YC_Companies.csv:row:768,2026-08-27T12:07:08+00:00
f1a1ff30-b2f9-5446-a474-555a2d54bfb6,Bagaveev Corporation,,2,W15,"space-exploration,satellites",San Mateo,Active,https://github.com/lukaflpvc/YC-Vault/blob/1c86f32a981d479249496298f6bb746ff3c79efe/data/2025-04-21/YC_Companies.csv#L769,yc-vault:2025-04-21:YC_Companies.csv:row:769,2026-08-27T12:07:08+00:00
b6bf7645-5021-5c80-93a8-375efa56c655,Wink Health,,2,W15,"sleep-tech, health-tech",San Francisco,Active,https://github.com/lukaflpvc/YC-Vault/blob/1c86f32a981d479249496298f6bb746ff3c79efe/data/2025-04-21/YC_Companies.csv#L770,yc-vault:2025-04-21:YC_Companies.csv:row:770,2026-08-27T12:07:08+00:00
914f6056-33b3-5498-a6fb-30f668fd0b4c,VetPronto,,51,W15,healthcare,San Francisco,Active,https://github.com/lukaflpvc/YC-Vault/blob/1c86f32a981d479249496298f6bb746ff3c79efe/data/2025-04-21/YC_Companies.csv#L771,yc-vault:2025-04-21:YC_Companies.csv:row:771,2026-08-27T12:07:08+00:00
3878d863-32a5-5471-b579-0846ca39e42f,Standard Cyborg,,9,W15,"machine-learning, computer-vision, open-source",San Francisco,Active,https://github.com/lukaflpvc/YC-Vault/blob/1c86f32a981d479249496298f6bb746ff3c79efe/data/2025-04-21/YC_Companies.csv#L772,yc-vault:2025-04-21:YC_Companies.csv:row:772,2026-08-27T12:07:08+00:00
2d293689-f6eb-58dd-b12e-913ac89cbbc0,Spoil,,2,W15,,Berkeley,Active,https://github.com/lukaflpvc/YC-Vault/blob/1c86f32a981d479249496298f6bb746ff3c79efe/data/2025-04-21/YC_Companies.csv#L773,yc-vault:2025-04-21:YC_Companies.csv:row:773,2026-08-27T12:07:08+00:00
46ff97dd-915a-513e-8d27-e19c1ad8347c,Pigeonly,,40,W15,govtech,Las Vegas,Active,https://github.com/lukaflpvc/YC-Vault/blob/1c86f32a981d479249496298f6bb746ff3c79efe/data/2025-04-21/YC_Companies.csv#L775,yc-vault:2025-04-21:YC_Companies.csv:row:775,2026-08-27T12:07:08+00:00
ca56b043-d77e-51a5-b9a0-c6e383d5a525,Dabble,,3,W15,"artificial-intelligence,augmented-reality,computer-vision",Toronto,Active,https://github.com/lukaflpvc/YC-Vault/blob/1c86f32a981d479249496298f6bb746ff3c79efe/data/2025-04-21/YC_Companies.csv#L776,yc-vault:2025-04-21:YC_Companies.csv:row:776,2026-08-27T12:07:08+00:00
f3269a90-b742-57d8-9349-21b6f3963aee,Cinder,,2,W15,hardware,Palo Alto,Active,https://github.com/lukaflpvc/YC-Vault/blob/1c86f32a981d479249496298f6bb746ff3c79efe/data/2025-04-21/YC_Companies.csv#L777,yc-vault:2025-04-21:YC_Companies.csv:row:777,2026-08-27T12:07:08+00:00
1faadcd9-0f7b-5fd9-9ab3-c4ee70230396,Nextop,,2,W15,developer-tools,,Active,https://github.com/lukaflpvc/YC-Vault/blob/1c86f32a981d479249496298f6bb746ff3c79efe/data/2025-04-21/YC_Companies.csv#L778,yc-vault:2025-04-21:YC_Companies.csv:row:778,2026-08-27T12:07:08+00:00
94dd8d31-736d-5bef-a03c-93df16abfdb8,Glassjar,,2,W15,fintech,Mountain View,Active,https://github.com/lukaflpvc/YC-Vault/blob/1c86f32a981d479249496298f6bb746ff3c79efe/data/2025-04-21/YC_Companies.csv#L779,yc-vault:2025-04-21:YC_Companies.csv:row:779,2026-08-27T12:07:08+00:00
dbcaa1cd-fd22-519e-a75f-71044594fb79,Dealyze,,6,W15,retail-tech,San Francisco,Active,https://github.com/lukaflpvc/YC-Vault/blob/1c86f32a981d479249496298f6bb746ff3c79efe/data/2025-04-21/YC_Companies.csv#L780,yc-vault:2025-04-21:YC_Companies.csv:row:780,2026-08-27T12:07:08+00:00
729c0604-f841-5e7a-99a6-1a5e516bc968,Underground Cellar,,26,W15,"e-commerce, food-&-beverage",San Francisco,Active,https://github.com/lukaflpvc/YC-Vault/blob/1c86f32a981d479249496298f6bb746ff3c79efe/data/2025-04-21/YC_Companies.csv#L781,yc-vault:2025-04-21:YC_Companies.csv:row:781,2026-08-27T12:07:08+00:00
6f070dfe-9528-5588-b570-836995ebdc88,Rare Door,,2,W15,"e-commerce, retail",San Francisco,Active,https://github.com/lukaflpvc/YC-Vault/blob/1c86f32a981d479249496298f6bb746ff3c79efe/data/2025-04-21/YC_Companies.csv#L782,yc-vault:2025-04-21:YC_Companies.csv:row:782,2026-08-27T12:07:08+00:00
a726dfeb-f7a3-5171-92d3-df4250872ab1,Shift Messenger,,2,W15,"restaurant-tech, retail",San Francisco,Active,https://github.com/lukaflpvc/YC-Vault/blob/1c86f32a981d479249496298f6bb746ff3c79efe/data/2025-04-21/YC_Companies.csv#L783,yc-vault:2025-04-21:YC_Companies.csv:row:783,2026-08-27T12:07:08+00:00
c94c80da-4b1c-5c46-9d47-ee74b1f9e5a0,Pakible,,3,W15,manufacturing,San Francisco,Active,https://github.com/lukaflpvc/YC-Vault/blob/1c86f32a981d479249496298f6bb746ff3c79efe/data/2025-04-21/YC_Companies.csv#L785,yc-vault:2025-04-21:YC_Companies.csv:row:785,2026-08-27T12:07:08+00:00
994c29e6-06d6-5628-9f23-03c1aca69e6d,Omniref,,2,W15,developer-tools,San Francisco,Active,https://github.com/lukaflpvc/YC-Vault/blob/1c86f32a981d479249496298f6bb746ff3c79efe/data/2025-04-21/YC_Companies.csv#L786,yc-vault:2025-04-21:YC_Companies.csv:row:786,2026-08-27T12:07:08+00:00
5f79ba62-d971-500d-b466-9ae12dfa64a1,Kickpay,,2,W15,fintech,San Francisco,Active,https://github.com/lukaflpvc/YC-Vault/blob/1c86f32a981d479249496298f6bb746ff3c79efe/data/2025-04-21/YC_Companies.csv#L787,yc-vault:2025-04-21:YC_Companies.csv:row:787,2026-08-27T12:07:08+00:00
0b4aeb36-ccf5-592a-90e2-1a66f53c8bb9,Instavest,,2,W15,,Mountain View,Active,https://github.com/lukaflpvc/YC-Vault/blob/1c86f32a981d479249496298f6bb746ff3c79efe/data/2025-04-21/YC_Companies.csv#L788,yc-vault:2025-04-21:YC_Companies.csv:row:788,2026-08-27T12:07:08+00:00
71b3eba1-a64c-5c4e-86b6-58d740f4bc4c,GroupAhead,,2,W15,,San Francisco,Active,https://github.com/lukaflpvc/YC-Vault/blob/1c86f32a981d479249496298f6bb746ff3c79efe/data/2025-04-21/YC_Companies.csv#L789,yc-vault:2025-04-21:YC_Companies.csv:row:789,2026-08-27T12:07:08+00:00
e8cc5956-02ae-53d1-a424-a7e4c982ecf7,SparkGift,,2,W15,investing,San Francisco,Active,https://github.com/lukaflpvc/YC-Vault/blob/1c86f32a981d479249496298f6bb746ff3c79efe/data/2025-04-21/YC_Companies.csv#L790,yc-vault:2025-04-21:YC_Companies.csv:row:790,2026-08-27T12:07:08+00:00
f01583b7-f305-5d0c-916e-e644c45e2391,Cribspot,,2,W15,real-estate,Ann Arbor,Active,https://github.com/lukaflpvc/YC-Vault/blob/1c86f32a981d479249496298f6bb746ff3c79efe/data/2025-04-21/YC_Companies.csv#L791,yc-vault:2025-04-21:YC_Companies.csv:row:791,2026-08-27T12:07:08+00:00
24575d30-9f93-577c-9319-4b33d07786de,20n,,2,W15,"artificial-intelligence, biotech",San Francisco,Active,https://github.com/lukaflpvc/YC-Vault/blob/1c86f32a981d479249496298f6bb746ff3c79efe/data/2025-04-21/YC_Companies.csv#L793,yc-vault:2025-04-21:YC_Companies.csv:row:793,2026-08-27T12:07:08+00:00
cf3ac6f9-1443-5918-a663-1e024a3d9d95,3dot,,2,W15,,Ljubljana,Active,https://github.com/lukaflpvc/YC-Vault/blob/1c86f32a981d479249496298f6bb746ff3c79efe/data/2025-04-21/YC_Companies.csv#L794,yc-vault:2025-04-21:YC_Companies.csv:row:794,2026-08-27T12:07:08+00:00
b71866a0-051d-50ca-a038-60caa894b90e,Direct Match,,11,W15,,New York,Active,https://github.com/lukaflpvc/YC-Vault/blob/1c86f32a981d479249496298f6bb746ff3c79efe/data/2025-04-21/YC_Companies.csv#L795,yc-vault:2025-04-21:YC_Companies.csv:row:795,2026-08-27T12:07:08+00:00
1dfd4f7a-391d-5c5d-b09f-1b982a2017b0,Go1,,650,S15,elearning,San Francisco,Active,https://github.com/lukaflpvc/YC-Vault/blob/1c86f32a981d479249496298f6bb746ff3c79efe/data/2025-04-21/YC_Companies.csv#L796,yc-vault:2025-04-21:YC_Companies.csv:row:796,2026-08-27T12:07:08+00:00
4818c090-7c57-5f7e-8df9-0a1f2b5ac04a,OpenInvest,,110,S15,"fintech, investing",San Francisco,Active,https://github.com/lukaflpvc/YC-Vault/blob/1c86f32a981d479249496298f6bb746ff3c79efe/data/2025-04-21/YC_Companies.csv#L797,yc-vault:2025-04-21:YC_Companies.csv:row:797,2026-08-27T12:07:08+00:00
041c46d0-c993-5684-842d-ef0102c9c080,Scentbird,,165,S15,Luxury fragrance subscription service,New York,Active,https://github.com/lukaflpvc/YC-Vault/blob/1c86f32a981d479249496298f6bb746ff3c79efe/data/2025-04-21/YC_Companies.csv#L798,yc-vault:2025-04-21:YC_Companies.csv:row:798,2026-08-27T12:07:08+00:00
1d95c3d0-854c-5963-ac01-f5c435ae50f6,Human Interest,,765,S15,"fintech, saas, human-resources, hr-tech, investing",San Francisco,Active,https://github.com/lukaflpvc/YC-Vault/blob/1c86f32a981d479249496298f6bb746ff3c79efe/data/2025-04-21/YC_Companies.csv#L799,yc-vault:2025-04-21:YC_Companies.csv:row:799,2026-08-27T12:07:08+00:00
c1abbde2-993e-5993-a7f1-d31fd886414d,Flirtey (SkyDrop),,11,S15,"drones, delivery",Reno,Active,https://github.com/lukaflpvc/YC-Vault/blob/1c86f32a981d479249496298f6bb746ff3c79efe/data/2025-04-21/YC_Companies.csv#L800,yc-vault:2025-04-21:YC_Companies.csv:row:800,2026-08-27T12:07:08+00:00
a85ce68b-82dc-5f19-8548-b14ae8fe15c6,Eight Sleep,,100,S15,"hardware, health-tech",New York,Active,https://github.com/lukaflpvc/YC-Vault/blob/1c86f32a981d479249496298f6bb746ff3c79efe/data/2025-04-21/YC_Companies.csv#L801,yc-vault:2025-04-21:YC_Companies.csv:row:801,2026-08-27T12:07:08+00:00
4a9fc53d-fecf-5f79-8c0c-214874c894aa,Instawork,,500,S15,Marketplace,San Francisco,Active,https://github.com/lukaflpvc/YC-Vault/blob/1c86f32a981d479249496298f6bb746ff3c79efe/data/2025-04-21/YC_Companies.csv#L802,yc-vault:2025-04-21:YC_Companies.csv:row:802,2026-08-27T12:07:08+00:00
602a7a06-5666-5a43-ab40-004fb53aeb83,Cofactor Genomics,,13,S15,"medical-devices, biotech, diagnostics",St. Louis,Active,https://github.com/lukaflpvc/YC-Vault/blob/1c86f32a981d479249496298f6bb746ff3c79efe/data/2025-04-21/YC_Companies.csv#L803,yc-vault:2025-04-21:YC_Companies.csv:row:803,2026-08-27T12:07:08+00:00
9a9df9fe-6b48-5e0b-9d1b-4439b92ef164,Click & Grow,,28,S15,"indoor-mapping,gardening",Palo Alto,Active,https://github.com/lukaflpvc/YC-Vault/blob/1c86f32a981d479249496298f6bb746ff3c79efe/data/2025-04-21/YC_Companies.csv#L804,yc-vault:2025-04-21:YC_Companies.csv:row:804,2026-08-27T12:07:08+00:00
18589648-11e0-55a0-ae65-a8449fef6437,Bitmovin,,145,S15,video,San Francisco,Active,https://github.com/lukaflpvc/YC-Vault/blob/1c86f32a981d479249496298f6bb746ff3c79efe/data/2025-04-21/YC_Companies.csv#L805,yc-vault:2025-04-21:YC_Companies.csv:row:805,2026-08-27T12:07:08+00:00
0d010421-61fb-5551-a5a4-666f76386f99,TetraScience,,100,S15,"saas, data-engineering",Boston,Active,https://github.com/lukaflpvc/YC-Vault/blob/1c86f32a981d479249496298f6bb746ff3c79efe/data/2025-04-21/YC_Companies.csv#L806,yc-vault:2025-04-21:YC_Companies.csv:row:806,2026-08-27T12:07:08+00:00
f6a01aa7-25a6-500c-a095-d39b305439ed,The Ticket Fairy,,15,S15,,Los Angeles,Active,https://github.com/lukaflpvc/YC-Vault/blob/1c86f32a981d479249496298f6bb746ff3c79efe/data/2025-04-21/YC_Companies.csv#L807,yc-vault:2025-04-21:YC_Companies.csv:row:807,2026-08-27T12:07:08+00:00
0adcf0d5-e574-5c50-b0cb-9d4e0c8edc2b,HER,,10,S15,consumer,San Francisco,Active,https://github.com/lukaflpvc/YC-Vault/blob/1c86f32a981d479249496298f6bb746ff3c79efe/data/2025-04-21/YC_Companies.csv#L808,yc-vault:2025-04-21:YC_Companies.csv:row:808,2026-08-27T12:07:08+00:00
ca62045b-abb5-5108-a1ab-4e4b29bfb17e,Font Awesome,,17,S15,"developer-tools,saas,design-tools,open-source",Bentonville,Active,https://github.com/lukaflpvc/YC-Vault/blob/1c86f32a981d479249496298f6bb746ff3c79efe/data/2025-04-21/YC_Companies.csv#L809,yc-vault:2025-04-21:YC_Companies.csv:row:809,2026-08-27T12:07:08+00:00
910d3f9f-786f-5cb2-9f74-c6644af203f5,"80,000 Hours",,13,S15,nonprofit,London,Active,https://github.com/lukaflpvc/YC-Vault/blob/1c86f32a981d479249496298f6bb746ff3c79efe/data/2025-04-21/YC_Companies.csv#L810,yc-vault:2025-04-21:YC_Companies.csv:row:810,2026-08-27T12:07:08+00:00
3a765fe0-6951-5ba7-be31-bcc393c34ccf,Xendit,,700,S15,fintech,Jakarta,Active,https://github.com/lukaflpvc/YC-Vault/blob/1c86f32a981d479249496298f6bb746ff3c79efe/data/2025-04-21/YC_Companies.csv#L811,yc-vault:2025-04-21:YC_Companies.csv:row:811,2026-08-27T12:07:08+00:00
637853af-a20a-5532-8628-8bd868515535,Shred Video,,2,S15,"travel, video",San Francisco,Active,https://github.com/lukaflpvc/YC-Vault/blob/1c86f32a981d479249496298f6bb746ff3c79efe/data/2025-04-21/YC_Companies.csv#L812,yc-vault:2025-04-21:YC_Companies.csv:row:812,2026-08-27T12:07:08+00:00
88c41bf3-fa1d-51fa-ab41-b76963c43ec8,Shape (ShapeScale),,7,S15,"hardware, computer-vision, consumer-health-services",San Francisco,Active,https://github.com/lukaflpvc/YC-Vault/blob/1c86f32a981d479249496298f6bb746ff3c79efe/data/2025-04-21/YC_Companies.csv#L813,yc-vault:2025-04-21:YC_Companies.csv:row:813,2026-08-27T12:07:08+00:00
5b00b6f3-a910-52e0-a802-dc8401f6ec6b,RedCarpetUp,,100,S15,fintech,Gurugram,Active,https://github.com/lukaflpvc/YC-Vault/blob/1c86f32a981d479249496298f6bb746ff3c79efe/data/2025-04-21/YC_Companies.csv#L814,yc-vault:2025-04-21:YC_Companies.csv:row:814,2026-08-27T12:07:08+00:00
a258ae40-5374-511e-9eff-9413603a3561,Plate IQ,,200,S15,"fintech, finance",New York,Active,https://github.com/lukaflpvc/YC-Vault/blob/1c86f32a981d479249496298f6bb746ff3c79efe/data/2025-04-21/YC_Companies.csv#L815,yc-vault:2025-04-21:YC_Companies.csv:row:815,2026-08-27T12:07:08+00:00
1446aec2-7e04-5569-b300-2a2367a81ba1,PickTrace,,65,S15,saas,Los Angeles,Active,https://github.com/lukaflpvc/YC-Vault/blob/1c86f32a981d479249496298f6bb746ff3c79efe/data/2025-04-21/YC_Companies.csv#L816,yc-vault:2025-04-21:YC_Companies.csv:row:816,2026-08-27T12:07:08+00:00
9cf90802-1fbb-52c6-9b68-394c0baa8163,Fountain,,200,S15,hr-tech,San Francisco,Active,https://github.com/lukaflpvc/YC-Vault/blob/1c86f32a981d479249496298f6bb746ff3c79efe/data/2025-04-21/YC_Companies.csv#L817,yc-vault:2025-04-21:YC_Companies.csv:row:817,2026-08-27T12:07:08+00:00
4f320ea3-3c4c-51f8-89f0-9b996ca9b65e,MicroHealth,,10,S15,"digital-health, healthcare",New York,Active,https://github.com/lukaflpvc/YC-Vault/blob/1c86f32a981d479249496298f6bb746ff3c79efe/data/2025-04-21/YC_Companies.csv#L818,yc-vault:2025-04-21:YC_Companies.csv:row:818,2026-08-27T12:07:08+00:00
40107434-7cd6-5570-8b18-0d42607401e6,Zeplin,,140,S15,"developer-tools,saas,design-tools",San Francisco,Active,https://github.com/lukaflpvc/YC-Vault/blob/1c86f32a981d479249496298f6bb746ff3c79efe/data/2025-04-21/YC_Companies.csv#L819,yc-vault:2025-04-21:YC_Companies.csv:row:819,2026-08-27T12:07:08+00:00
4924b3d4-e685-525b-88fb-c15fed52c51e,Markhor,,5,S15,fashion,San Francisco,Active,https://github.com/lukaflpvc/YC-Vault/blob/1c86f32a981d479249496298f6bb746ff3c79efe/data/2025-04-21/YC_Companies.csv#L820,yc-vault:2025-04-21:YC_Companies.csv:row:820,2026-08-27T12:07:08+00:00
bf81b438-8828-50a9-acfd-1893cbc68717,Circle Medical,,153,S15,consumer-health-services,San Francisco,Active,https://github.com/lukaflpvc/YC-Vault/blob/1c86f32a981d479249496298f6bb746ff3c79efe/data/2025-04-21/YC_Companies.csv#L821,yc-vault:2025-04-21:YC_Companies.csv:row:821,2026-08-27T12:07:08+00:00
531e92cc-b9ed-58b5-b99b-8879f87877fa,GiveCampus,,105,S15,"education, fintech, saas, b2b",Washington DC,Active,https://github.com/lukaflpvc/YC-Vault/blob/1c86f32a981d479249496298f6bb746ff3c79efe/data/2025-04-21/YC_Companies.csv#L822,yc-vault:2025-04-21:YC_Companies.csv:row:822,2026-08-27T12:07:08+00:00
8276c3f0-42ca-5890-9730-0ea73dfe94ca,Drip Capital,,280,S15,fintech,India,Active,https://github.com/lukaflpvc/YC-Vault/blob/1c86f32a981d479249496298f6bb746ff3c79efe/data/2025-04-21/YC_Companies.csv#L823,yc-vault:2025-04-21:YC_Companies.csv:row:823,2026-08-27T12:07:08+00:00
c9e52ab6-c49d-567c-8a27-936740c1564b,Chaldal,,2886,S15,Retail / E-commerce,Dhaka,Active,https://github.com/lukaflpvc/YC-Vault/blob/1c86f32a981d479249496298f6bb746ff3c79efe/data/2025-04-21/YC_Companies.csv#L824,yc-vault:2025-04-21:YC_Companies.csv:row:824,2026-08-27T12:07:08+00:00
6d58fd41-7c88-5920-bdf2-85715a46266c,Bodyport,,19,S15,"medical-devices, healthcare, telemedicine",San Francisco,Active,https://github.com/lukaflpvc/YC-Vault/blob/1c86f32a981d479249496298f6bb746ff3c79efe/data/2025-04-21/YC_Companies.csv#L825,yc-vault:2025-04-21:YC_Companies.csv:row:825,2026-08-27T12:07:08+00:00
c7ac27d7-5ed0-575e-8ebf-6aa23c922fbb,Verge Genomics,,50,S15,"biotech, healthcare, ai-powered-drug-discovery",San Francisco,Active,https://github.com/lukaflpvc/YC-Vault/blob/1c86f32a981d479249496298f6bb746ff3c79efe/data/2025-04-21/YC_Companies.csv#L826,yc-vault:2025-04-21:YC_Companies.csv:row:826,2026-08-27T12:07:08+00:00
e923a6bd-06d0-563e-b6e5-6ba726cf7333,Thrive Agritech,,8,S15,"vertical-farming, agriculture, sustainable-agriculture",New York,Active,https://github.com/lukaflpvc/YC-Vault/blob/1c86f32a981d479249496298f6bb746ff3c79efe/data/2025-04-21/YC_Companies.csv#L827,yc-vault:2025-04-21:YC_Companies.csv:row:827,2026-08-27T12:07:08+00:00
e564f146-881a-52df-9ead-2f1bfe1f8c67,Tesorio,,53,S15,fintech,San Francisco,Active,https://github.com/lukaflpvc/YC-Vault/blob/1c86f32a981d479249496298f6bb746ff3c79efe/data/2025-04-21/YC_Companies.csv#L828,yc-vault:2025-04-21:YC_Companies.csv:row:828,2026-08-27T12:07:08+00:00
5dacf42f-a6b7-5196-8854-1b2993ccd11f,Reach Labs,,16,S15,"climate, energy",Emeryville,Active,https://github.com/lukaflpvc/YC-Vault/blob/1c86f32a981d479249496298f6bb746ff3c79efe/data/2025-04-21/YC_Companies.csv#L829,yc-vault:2025-04-21:YC_Companies.csv:row:829,2026-08-27T12:07:08+00:00
1ef4a168-f050-5132-bc0d-312f43601854,SunFarmer,,15,S15,solar-power,Kathmandu,Active,https://github.com/lukaflpvc/YC-Vault/blob/1c86f32a981d479249496298f6bb746ff3c79efe/data/2025-04-21/YC_Companies.csv#L830,yc-vault:2025-04-21:YC_Companies.csv:row:830,2026-08-27T12:07:08+00:00
6227bfbe-010a-5254-8e66-69cecde400df,Confident LIMS,,17,S15,"saas, b2b, cannabis, compliance, enterprise-software",Palo Alto,Active,https://github.com/lukaflpvc/YC-Vault/blob/1c86f32a981d479249496298f6bb746ff3c79efe/data/2025-04-21/YC_Companies.csv#L831,yc-vault:2025-04-21:YC_Companies.csv:row:831,2026-08-27T12:07:08+00:00
0bde6424-578a-5726-810c-e19fc2e3dee8,Branch8,,15,S15,"marketplace, e-commerce",Hong Kong,Active,https://github.com/lukaflpvc/YC-Vault/blob/1c86f32a981d479249496298f6bb746ff3c79efe/data/2025-04-21/YC_Companies.csv#L832,yc-vault:2025-04-21:YC_Companies.csv:row:832,2026-08-27T12:07:08+00:00
0c00e1a2-3bd3-5f83-a531-6235b228160c,Heroic Labs,,21,S15,"Social Infrastructure for Games, developer-tools, gaming",London,Active,https://github.com/lukaflpvc/YC-Vault/blob/1c86f32a981d479249496298f6bb746ff3c79efe/data/2025-04-21/YC_Companies.csv#L833,yc-vault:2025-04-21:YC_Companies.csv:row:833,2026-08-27T12:07:08+00:00
e153da77-a774-5bd6-bd03-d59cd02f737b,SnapMagic,,28,S15,"developer-tools, hardware, marketplace, ai",San Francisco,Active,https://github.com/lukaflpvc/YC-Vault/blob/1c86f32a981d479249496298f6bb746ff3c79efe/data/2025-04-21/YC_Companies.csv#L834,yc-vault:2025-04-21:YC_Companies.csv:row:834,2026-08-27T12:07:08+00:00
348a72c4-0688-5895-8848-d41dad89e959,Scope AR,,50,S15,augmented-reality,San Francisco,Active,https://github.com/lukaflpvc/YC-Vault/blob/1c86f32a981d479249496298f6bb746ff3c79efe/data/2025-04-21/YC_Companies.csv#L835,yc-vault:2025-04-21:YC_Companies.csv:row:835,2026-08-27T12:07:08+00:00
ad442b8f-9e74-55fe-87b4-fe308cf47d19,PartnerStack,,200,S15,,Toronto,Active,https://github.com/lukaflpvc/YC-Vault/blob/1c86f32a981d479249496298f6bb746ff3c79efe/data/2025-04-21/YC_Companies.csv#L836,yc-vault:2025-04-21:YC_Companies.csv:row:836,2026-08-27T12:07:08+00:00
c285e910-0c2b-5a9d-a872-8209de84da6d,Assembly,,12,S15,"manufacturing, logistics, china",Redwood City,Active,https://github.com/lukaflpvc/YC-Vault/blob/1c86f32a981d479249496298f6bb746ff3c79efe/data/2025-04-21/YC_Companies.csv#L837,yc-vault:2025-04-21:YC_Companies.csv:row:837,2026-08-27T12:07:08+00:00
d5ddc0ff-e785-5fbb-b41e-96e50bf0fa04,Gemnote,,40,S15,"e-commerce, customization",San Leandro,Active,https://github.com/lukaflpvc/YC-Vault/blob/1c86f32a981d479249496298f6bb746ff3c79efe/data/2025-04-21/YC_Companies.csv#L838,yc-vault:2025-04-21:YC_Companies.csv:row:838,2026-08-27T12:07:08+00:00
cfe1799d-00c8-5ffd-8ae2-6b78ad1c2fe7,New Story,,30,S15,housing,Atlanta,Active,https://github.com/lukaflpvc/YC-Vault/blob/1c86f32a981d479249496298f6bb746ff3c79efe/data/2025-04-21/YC_Companies.csv#L839,yc-vault:2025-04-21:YC_Companies.csv:row:839,2026-08-27T12:07:08+00:00
f04cfcf7-24c1-5d99-9585-01dea526fe1a,Ironclad,,400,S15,"saas, legaltech",San Francisco,Active,https://github.com/lukaflpvc/YC-Vault/blob/1c86f32a981d479249496298f6bb746ff3c79efe/data/2025-04-21/YC_Companies.csv#L840,yc-vault:2025-04-21:YC_Companies.csv:row:840,2026-08-27T12:07:08+00:00
f9cee93c-f573-5fe1-a747-f023902efb68,Leaders In Tech (formerly InnerSpace),,1,S15,,San Francisco,Active,https://github.com/lukaflpvc/YC-Vault/blob/1c86f32a981d479249496298f6bb746ff3c79efe/data/2025-04-21/YC_Companies.csv#L841,yc-vault:2025-04-21:YC_Companies.csv:row:841,2026-08-27T12:07:08+00:00
73f203e6-5bb3-5b0b-a190-48541ce762df,teaBOT,,2,S15,"food-service-robots-&-machines, hardware, robotics",Toronto,Active,https://github.com/lukaflpvc/YC-Vault/blob/1c86f32a981d479249496298f6bb746ff3c79efe/data/2025-04-21/YC_Companies.csv#L842,yc-vault:2025-04-21:YC_Companies.csv:row:842,2026-08-27T12:07:08+00:00
75b31358-d754-5ea2-a715-c9f6262cd2d8,Teleport,,200,S15,,Oakland,Active,https://github.com/lukaflpvc/YC-Vault/blob/1c86f32a981d479249496298f6bb746ff3c79efe/data/2025-04-21/YC_Companies.csv#L843,yc-vault:2025-04-21:YC_Companies.csv:row:843,2026-08-27T12:07:08+00:00
c5916c71-6c64-5f6c-90d6-21198927e8ab,Lugg,,50,S15,logistics,San Francisco,Active,https://github.com/lukaflpvc/YC-Vault/blob/1c86f32a981d479249496298f6bb746ff3c79efe/data/2025-04-21/YC_Companies.csv#L844,yc-vault:2025-04-21:YC_Companies.csv:row:844,2026-08-27T12:07:08+00:00
b12e649b-1edb-5674-9754-1202773efe97,Gigster,,51,S15,,San Francisco,Active,https://github.com/lukaflpvc/YC-Vault/blob/1c86f32a981d479249496298f6bb746ff3c79efe/data/2025-04-21/YC_Companies.csv#L845,yc-vault:2025-04-21:YC_Companies.csv:row:845,2026-08-27T12:07:08+00:00
327ed721-fe1b-563c-9b8c-87977274820a,Tenant Turner,,15,S15,"saas, smart-locks, proptech",Richmond,Active,https://github.com/lukaflpvc/YC-Vault/blob/1c86f32a981d479249496298f6bb746ff3c79efe/data/2025-04-21/YC_Companies.csv#L846,yc-vault:2025-04-21:YC_Companies.csv:row:846,2026-08-27T12:07:08+00:00
a16fb0ea-320e-577b-addd-aeb1918d5b2b,PlateJoy,,11,S15,health-tech,San Francisco,Active,https://github.com/lukaflpvc/YC-Vault/blob/1c86f32a981d479249496298f6bb746ff3c79efe/data/2025-04-21/YC_Companies.csv#L847,yc-vault:2025-04-21:YC_Companies.csv:row:847,2026-08-27T12:07:08+00:00
85d3e62f-5242-58d6-8b9d-72a3a287318f,Auro Robotics,,10,S15,robotics,Santa Clara,Active,https://github.com/lukaflpvc/YC-Vault/blob/1c86f32a981d479249496298f6bb746ff3c79efe/data/2025-04-21/YC_Companies.csv#L849,yc-vault:2025-04-21:YC_Companies.csv:row:849,2026-08-27T12:07:08+00:00
9f8000ab-dfd8-5ac4-af3b-9bfa4768477d,Mimir,,8,S15,education,Indianapolis,Active,https://github.com/lukaflpvc/YC-Vault/blob/1c86f32a981d479249496298f6bb746ff3c79efe/data/2025-04-21/YC_Companies.csv#L850,yc-vault:2025-04-21:YC_Companies.csv:row:850,2026-08-27T12:07:08+00:00
ceab7ee8-104f-59e1-80c0-796594821a8e,Blitz Esports,,11,S15,media,Berkeley,Active,https://github.com/lukaflpvc/YC-Vault/blob/1c86f32a981d479249496298f6bb746ff3c79efe/data/2025-04-21/YC_Companies.csv#L851,yc-vault:2025-04-21:YC_Companies.csv:row:851,2026-08-27T12:07:08+00:00
f7ede673-673c-512f-b623-ff4971899925,Xfers,,51,S15,fintech,Singapore,Active,https://github.com/lukaflpvc/YC-Vault/blob/1c86f32a981d479249496298f6bb746ff3c79efe/data/2025-04-21/YC_Companies.csv#L852,yc-vault:2025-04-21:YC_Companies.csv:row:852,2026-08-27T12:07:08+00:00
2dc97510-7756-59be-9dfb-fc7b341b2daa,Oolu,,230,S15,"solar-power, climate",Dakar,Active,https://github.com/lukaflpvc/YC-Vault/blob/1c86f32a981d479249496298f6bb746ff3c79efe/data/2025-04-21/YC_Companies.csv#L855,yc-vault:2025-04-21:YC_Companies.csv:row:855,2026-08-27T12:07:08+00:00
f322a693-0c22-5ff7-a03c-2c8c5ec27bd6,zPREDICTA,,2,S15,,San Jose,Active,https://github.com/lukaflpvc/YC-Vault/blob/1c86f32a981d479249496298f6bb746ff3c79efe/data/2025-04-21/YC_Companies.csv#L856,yc-vault:2025-04-21:YC_Companies.csv:row:856,2026-08-27T12:07:08+00:00
4855dbe9-27f3-5027-be2e-99a2ca287a4e,Sphere Secure Workspace,,2,S15,,London,Active,https://github.com/lukaflpvc/YC-Vault/blob/1c86f32a981d479249496298f6bb746ff3c79efe/data/2025-04-21/YC_Companies.csv#L857,yc-vault:2025-04-21:YC_Companies.csv:row:857,2026-08-27T12:07:08+00:00
33a3690f-3c0e-5bcd-9097-e7c45a674177,Cloudstitch,,4,S15,"developer-tools, saas",San Francisco,Active,https://github.com/lukaflpvc/YC-Vault/blob/1c86f32a981d479249496298f6bb746ff3c79efe/data/2025-04-21/YC_Companies.csv#L858,yc-vault:2025-04-21:YC_Companies.csv:row:858,2026-08-27T12:07:08+00:00
c5fe349d-28f2-5311-9db7-6f869257818e,Appcanary,,2,S15,"security, monitoring",Toronto,Active,https://github.com/lukaflpvc/YC-Vault/blob/1c86f32a981d479249496298f6bb746ff3c79efe/data/2025-04-21/YC_Companies.csv#L859,yc-vault:2025-04-21:YC_Companies.csv:row:859,2026-08-27T12:07:08+00:00
0f554070-18e9-515d-8c42-12b648269ed8,Bluecrew,,100,S15,Staffing and Recruiting,Chicago,Active,https://github.com/lukaflpvc/YC-Vault/blob/1c86f32a981d479249496298f6bb746ff3c79efe/data/2025-04-21/YC_Companies.csv#L860,yc-vault:2025-04-21:YC_Companies.csv:row:860,2026-08-27T12:07:08+00:00
8688a4ee-f7cc-5407-b29e-560be40bf48a,Willing,,10,S15,legaltech,Miami,Active,https://github.com/lukaflpvc/YC-Vault/blob/1c86f32a981d479249496298f6bb746ff3c79efe/data/2025-04-21/YC_Companies.csv#L861,yc-vault:2025-04-21:YC_Companies.csv:row:861,2026-08-27T12:07:08+00:00
0df143be-ae48-5762-bc1a-02c2001f14ce,Foxpass,,10,S15,devsecops,San Francisco,Active,https://github.com/lukaflpvc/YC-Vault/blob/1c86f32a981d479249496298f6bb746ff3c79efe/data/2025-04-21/YC_Companies.csv#L862,yc-vault:2025-04-21:YC_Companies.csv:row:862,2026-08-27T12:07:08+00:00
5f31101e-93b8-5ccb-b49c-effef2b17680,Eden,,45,S15,"saas, human-resources, b2b, collaboration, hr-tech",San Francisco,Active,https://github.com/lukaflpvc/YC-Vault/blob/1c86f32a981d479249496298f6bb746ff3c79efe/data/2025-04-21/YC_Companies.csv#L863,yc-vault:2025-04-21:YC_Companies.csv:row:863,2026-08-27T12:07:08+00:00
88817fa7-3ff2-52e3-b6d0-5211e99984c1,Cymmetria,,11,S15,cybersecurity,Tel Aviv-Yafo,Active,https://github.com/lukaflpvc/YC-Vault/blob/1c86f32a981d479249496298f6bb746ff3c79efe/data/2025-04-21/YC_Companies.csv#L864,yc-vault:2025-04-21:YC_Companies.csv:row:864,2026-08-27T12:07:08+00:00
290a4dab-1140-561a-96b6-fb02121e8b18,Convox,,3,S15,,Atlanta,Active,https://github.com/lukaflpvc/YC-Vault/blob/1c86f32a981d479249496298f6bb746ff3c79efe/data/2025-04-21/YC_Companies.csv#L865,yc-vault:2025-04-21:YC_Companies.csv:row:865,2026-08-27T12:07:08+00:00
7bbf3d5d-4e71-54ef-99bb-5963a8ecebd5,SourceDNA,,6,S15,analytics,Oakland,Active,https://github.com/lukaflpvc/YC-Vault/blob/1c86f32a981d479249496298f6bb746ff3c79efe/data/2025-04-21/YC_Companies.csv#L866,yc-vault:2025-04-21:YC_Companies.csv:row:866,2026-08-27T12:07:08+00:00
68cfcb68-bf28-5a52-b3c5-d773c32b4bd4,Second Measure,,62,S15,fintech,San Mateo,Active,https://github.com/lukaflpvc/YC-Vault/blob/1c86f32a981d479249496298f6bb746ff3c79efe/data/2025-04-21/YC_Companies.csv#L867,yc-vault:2025-04-21:YC_Companies.csv:row:867,2026-08-27T12:07:08+00:00
a2113cd5-c41e-5839-a8ee-f96c875b99ef,Jopwell,,50,S15,"saas,recruiting",New York,Active,https://github.com/lukaflpvc/YC-Vault/blob/1c86f32a981d479249496298f6bb746ff3c79efe/data/2025-04-21/YC_Companies.csv#L869,yc-vault:2025-04-21:YC_Companies.csv:row:869,2026-08-27T12:07:08+00:00
ad5022b9-98e3-54ed-a17c-45880accee61,Triplebyte,,70,S15,,San Francisco,Active,https://github.com/lukaflpvc/YC-Vault/blob/1c86f32a981d479249496298f6bb746ff3c79efe/data/2025-04-21/YC_Companies.csv#L870,yc-vault:2025-04-21:YC_Companies.csv:row:870,2026-08-27T12:07:08+00:00
244f43cd-aab5-542c-9280-23ac0e3e5fad,VOIQ,,8,S15,,Redwood City,Active,https://github.com/lukaflpvc/YC-Vault/blob/1c86f32a981d479249496298f6bb746ff3c79efe/data/2025-04-21/YC_Companies.csv#L871,yc-vault:2025-04-21:YC_Companies.csv:row:871,2026-08-27T12:07:08+00:00
07bef05b-4df2-5ed4-9411-fe33163b6ecf,Halolife,,2,S15,Healthcare,San Francisco,Active,https://github.com/lukaflpvc/YC-Vault/blob/1c86f32a981d479249496298f6bb746ff3c79efe/data/2025-04-21/YC_Companies.csv#L872,yc-vault:2025-04-21:YC_Companies.csv:row:872,2026-08-27T12:07:08+00:00
f3e0c8ff-b061-5d2c-bdba-34474dcd300d,Vive,,11,S15,,New York,Active,https://github.com/lukaflpvc/YC-Vault/blob/1c86f32a981d479249496298f6bb746ff3c79efe/data/2025-04-21/YC_Companies.csv#L873,yc-vault:2025-04-21:YC_Companies.csv:row:873,2026-08-27T12:07:08+00:00
b084878c-6b2b-5b43-8047-ae9b355ca18c,StyleBee,,11,S15,"marketplace, beauty",San Francisco,Active,https://github.com/lukaflpvc/YC-Vault/blob/1c86f32a981d479249496298f6bb746ff3c79efe/data/2025-04-21/YC_Companies.csv#L874,yc-vault:2025-04-21:YC_Companies.csv:row:874,2026-08-27T12:07:08+00:00
4ca8d3af-7327-50ee-8ecb-6a47f32ae842,Klarismo,,2,S15,health-tech,,Active,https://github.com/lukaflpvc/YC-Vault/blob/1c86f32a981d479249496298f6bb746ff3c79efe/data/2025-04-21/YC_Companies.csv#L875,yc-vault:2025-04-21:YC_Companies.csv:row:875,2026-08-27T12:07:08+00:00
043f4b91-8b5a-5105-b590-7d93604fdc7b,Wheelys Café,,11,S15,food-&-beverage,Stockholm,Active,https://github.com/lukaflpvc/YC-Vault/blob/1c86f32a981d479249496298f6bb746ff3c79efe/data/2025-04-21/YC_Companies.csv#L876,yc-vault:2025-04-21:YC_Companies.csv:row:876,2026-08-27T12:07:08+00:00
f5c9dbcb-5b2d-5377-ad6a-967ba901f1da,Fetch,,24,S15,"marketplace, logistics, transportation",Atlanta,Active,https://github.com/lukaflpvc/YC-Vault/blob/1c86f32a981d479249496298f6bb746ff3c79efe/data/2025-04-21/YC_Companies.csv#L877,yc-vault:2025-04-21:YC_Companies.csv:row:877,2026-08-27T12:07:08+00:00
94579d51-22dd-56b2-a43e-e408f65ea6dc,Maderight,,51,S15,manufacturing,San Mateo,Active,https://github.com/lukaflpvc/YC-Vault/blob/1c86f32a981d479249496298f6bb746ff3c79efe/data/2025-04-21/YC_Companies.csv#L878,yc-vault:2025-04-21:YC_Companies.csv:row:878,2026-08-27T12:07:08+00:00
43dacaff-bd8c-5c4e-b3ed-289d55db12b6,Saida,,4,S15,fintech,Nairobi Kenya,Active,https://github.com/lukaflpvc/YC-Vault/blob/1c86f32a981d479249496298f6bb746ff3c79efe/data/2025-04-21/YC_Companies.csv#L879,yc-vault:2025-04-21:YC_Companies.csv:row:879,2026-08-27T12:07:08+00:00
71483aae-4e01-5f5c-bffa-a2d8465c52ff,Traversal Networks,,1,S15,cybersecurity,Mountain View,Active,https://github.com/lukaflpvc/YC-Vault/blob/1c86f32a981d479249496298f6bb746ff3c79efe/data/2025-04-21/YC_Companies.csv#L880,yc-vault:2025-04-21:YC_Companies.csv:row:880,2026-08-27T12:07:08+00:00
27d3d540-e610-51b2-9bd2-e1d6add7e12d,Seva Coffee,,2,S15,"e-commerce, personalization",San Francisco,Active,https://github.com/lukaflpvc/YC-Vault/blob/1c86f32a981d479249496298f6bb746ff3c79efe/data/2025-04-21/YC_Companies.csv#L881,yc-vault:2025-04-21:YC_Companies.csv:row:881,2026-08-27T12:07:08+00:00
3eb7b27e-e9db-5e16-bdde-0c98587ecd39,Reduced Energy Microsystems,,2,S15,"artificial-intelligence, hardware, computer-vision, energy",San Francisco,Active,https://github.com/lukaflpvc/YC-Vault/blob/1c86f32a981d479249496298f6bb746ff3c79efe/data/2025-04-21/YC_Companies.csv#L882,yc-vault:2025-04-21:YC_Companies.csv:row:882,2026-08-27T12:07:08+00:00
341e6681-6b04-5d9f-9cce-cca592217d39,Prayas Analytics,,2,S15,retail-tech,New York,Active,https://github.com/lukaflpvc/YC-Vault/blob/1c86f32a981d479249496298f6bb746ff3c79efe/data/2025-04-21/YC_Companies.csv#L883,yc-vault:2025-04-21:YC_Companies.csv:row:883,2026-08-27T12:07:08+00:00
28f64798-f36c-563d-aba8-674313f63c50,Locent,,11,S15,messaging,Santa Monica CA,Active,https://github.com/lukaflpvc/YC-Vault/blob/1c86f32a981d479249496298f6bb746ff3c79efe/data/2025-04-21/YC_Companies.csv#L885,yc-vault:2025-04-21:YC_Companies.csv:row:885,2026-08-27T12:07:08+00:00
8aff623a-70c1-5ad6-bcfd-46365cb43853,Leada,,1,S15,elearning,Berkeley,Active,https://github.com/lukaflpvc/YC-Vault/blob/1c86f32a981d479249496298f6bb746ff3c79efe/data/2025-04-21/YC_Companies.csv#L886,yc-vault:2025-04-21:YC_Companies.csv:row:886,2026-08-27T12:07:08+00:00
62775267-54da-5570-bd75-1bce0c09db87,jEugene,,2,S15,legaltech,New York,Active,https://github.com/lukaflpvc/YC-Vault/blob/1c86f32a981d479249496298f6bb746ff3c79efe/data/2025-04-21/YC_Companies.csv#L887,yc-vault:2025-04-21:YC_Companies.csv:row:887,2026-08-27T12:07:08+00:00
754adf2f-4578-578e-97ad-ca6387a0a086,Bistrobot,,2,S15,food-service-robots-&-machines,San Francisco,Active,https://github.com/lukaflpvc/YC-Vault/blob/1c86f32a981d479249496298f6bb746ff3c79efe/data/2025-04-21/YC_Companies.csv#L888,yc-vault:2025-04-21:YC_Companies.csv:row:888,2026-08-27T12:07:08+00:00
e8ce51f7-86f2-5c37-8c1c-a81780ca9759,Afrostream,,11,S15,,Paris,Active,https://github.com/lukaflpvc/YC-Vault/blob/1c86f32a981d479249496298f6bb746ff3c79efe/data/2025-04-21/YC_Companies.csv#L890,yc-vault:2025-04-21:YC_Companies.csv:row:890,2026-08-27T12:07:08+00:00
ea3e8e85-0d5c-54a4-a37c-42e0300decd8,Stitch Health,,2,S15,consumer-health-services,San Francisco,Active,https://github.com/lukaflpvc/YC-Vault/blob/1c86f32a981d479249496298f6bb746ff3c79efe/data/2025-04-21/YC_Companies.csv#L891,yc-vault:2025-04-21:YC_Companies.csv:row:891,2026-08-27T12:07:08+00:00
7fe79978-fc81-55ab-a011-7555502c7ff2,Shotput,,2,S15,"robotics, logistics, e-commerce",Oakland,Active,https://github.com/lukaflpvc/YC-Vault/blob/1c86f32a981d479249496298f6bb746ff3c79efe/data/2025-04-21/YC_Companies.csv#L892,yc-vault:2025-04-21:YC_Companies.csv:row:892,2026-08-27T12:07:08+00:00
d8da5843-0a6d-56de-8f1b-d06ed1e88fe1,Call9,,51,S15,,NY,Active,https://github.com/lukaflpvc/YC-Vault/blob/1c86f32a981d479249496298f6bb746ff3c79efe/data/2025-04-21/YC_Companies.csv#L894,yc-vault:2025-04-21:YC_Companies.csv:row:894,2026-08-27T12:07:08+00:00
6e200092-599e-5731-b592-78bd4bb74b8e,Airmada,,2,S15,"drones, logistics",Boston,Active,https://github.com/lukaflpvc/YC-Vault/blob/1c86f32a981d479249496298f6bb746ff3c79efe/data/2025-04-21/YC_Companies.csv#L895,yc-vault:2025-04-21:YC_Companies.csv:row:895,2026-08-27T12:07:08+00:00
824664c3-5dfc-59bd-8eaf-19c86b9c1ff1,Hickory,,11,S15,education,New York,Active,https://github.com/lukaflpvc/YC-Vault/blob/1c86f32a981d479249496298f6bb746ff3c79efe/data/2025-04-21/YC_Companies.csv#L896,yc-vault:2025-04-21:YC_Companies.csv:row:896,2026-08-27T12:07:08+00:00
943b843b-a889-5fd8-9c0a-40dee18f7ccd,Vernox,,2,S15,construction,Berkeley,Active,https://github.com/lukaflpvc/YC-Vault/blob/1c86f32a981d479249496298f6bb746ff3c79efe/data/2025-04-21/YC_Companies.csv#L897,yc-vault:2025-04-21:YC_Companies.csv:row:897,2026-08-27T12:07:08+00:00
620d8ff4-5fbe-564a-8873-56a463cb8306,ROSS Intelligence,,30,S15,"artificial-intelligence, legaltech",San Francisco,Active,https://github.com/lukaflpvc/YC-Vault/blob/1c86f32a981d479249496298f6bb746ff3c79efe/data/2025-04-21/YC_Companies.csv#L898,yc-vault:2025-04-21:YC_Companies.csv:row:898,2026-08-27T12:07:08+00:00
54d57754-7efa-52b8-9c8b-01fc4f4783ce,Roomblocker,,2,S15,,San Francisco,Active,https://github.com/lukaflpvc/YC-Vault/blob/1c86f32a981d479249496298f6bb746ff3c79efe/data/2025-04-21/YC_Companies.csv#L899,yc-vault:2025-04-21:YC_Companies.csv:row:899,2026-08-27T12:07:08+00:00
5474da2c-5f97-55f3-b925-ab66943ffe9c,Serica,,2,S15,"blockchain,fintech,cannabis,healthcare",San Francisco,Active,https://github.com/lukaflpvc/YC-Vault/blob/1c86f32a981d479249496298f6bb746ff3c79efe/data/2025-04-21/YC_Companies.csv#L900,yc-vault:2025-04-21:YC_Companies.csv:row:900,2026-08-27T12:07:08+00:00
c93e33ac-fcaa-5322-a0db-861554e9dff5,Embark Trucks,,300,W16,autonomous-trucking,San Francisco,Active,https://github.com/lukaflpvc/YC-Vault/blob/1c86f32a981d479249496298f6bb746ff3c79efe/data/2025-04-21/YC_Companies.csv#L901,yc-vault:2025-04-21:YC_Companies.csv:row:901,2026-08-27T12:07:08+00:00
a39a3b00-6f7f-5552-8585-716ecad2ac89,Truebill,,225,W16,fintech,Silver Spring,Active,https://github.com/lukaflpvc/YC-Vault/blob/1c86f32a981d479249496298f6bb746ff3c79efe/data/2025-04-21/YC_Companies.csv#L902,yc-vault:2025-04-21:YC_Companies.csv:row:902,2026-08-27T12:07:08+00:00
201f6eb1-57f2-5941-895a-54ab9fc8c32c,Caper,,15,W16,retail-tech,,Active,https://github.com/lukaflpvc/YC-Vault/blob/1c86f32a981d479249496298f6bb746ff3c79efe/data/2025-04-21/YC_Companies.csv#L903,yc-vault:2025-04-21:YC_Companies.csv:row:903,2026-08-27T12:07:08+00:00
b438c565-4f89-512c-9fb9-57e28bb39b9f,NURX,,300,W16,consumer-health-services,New York,Active,https://github.com/lukaflpvc/YC-Vault/blob/1c86f32a981d479249496298f6bb746ff3c79efe/data/2025-04-21/YC_Companies.csv#L904,yc-vault:2025-04-21:YC_Companies.csv:row:904,2026-08-27T12:07:08+00:00
41f46685-0578-58e1-ac2c-460fed4c1710,Paystack,,115,W16,fintech,Lagos,Active,https://github.com/lukaflpvc/YC-Vault/blob/1c86f32a981d479249496298f6bb746ff3c79efe/data/2025-04-21/YC_Companies.csv#L905,yc-vault:2025-04-21:YC_Companies.csv:row:905,2026-08-27T12:07:08+00:00
846704ab-0423-509b-a047-8d68cf5322c5,GitPrime,,110,W16,"developer-tools, saas, b2b",Durango,Active,https://github.com/lukaflpvc/YC-Vault/blob/1c86f32a981d479249496298f6bb746ff3c79efe/data/2025-04-21/YC_Companies.csv#L906,yc-vault:2025-04-21:YC_Companies.csv:row:906,2026-08-27T12:07:08+00:00
fbeae177-e03d-5b77-920f-8644f301986f,Podium,,1000,W16,"fintech,saas,b2b,ai",Lehi,Active,https://github.com/lukaflpvc/YC-Vault/blob/1c86f32a981d479249496298f6bb746ff3c79efe/data/2025-04-21/YC_Companies.csv#L907,yc-vault:2025-04-21:YC_Companies.csv:row:907,2026-08-27T12:07:08+00:00
d33f3775-2aba-5129-af32-b793745cb440,Rappi,,4800,W16,"fintech,delivery,latin-america",Bogotá,Active,https://github.com/lukaflpvc/YC-Vault/blob/1c86f32a981d479249496298f6bb746ff3c79efe/data/2025-04-21/YC_Companies.csv#L908,yc-vault:2025-04-21:YC_Companies.csv:row:908,2026-08-27T12:07:08+00:00
67a25444-8792-5e65-8cb9-9edc3220ad08,Focal Systems,,170,W16,"deep-learning, grocery, computer-vision",New York,Active,https://github.com/lukaflpvc/YC-Vault/blob/1c86f32a981d479249496298f6bb746ff3c79efe/data/2025-04-21/YC_Companies.csv#L909,yc-vault:2025-04-21:YC_Companies.csv:row:909,2026-08-27T12:07:08+00:00
54743b8e-0ca2-5cff-87f0-e78cd745310e,Mio,,12,W16,"saas,messaging,team-collaboration",Austin,Active,https://github.com/lukaflpvc/YC-Vault/blob/1c86f32a981d479249496298f6bb746ff3c79efe/data/2025-04-21/YC_Companies.csv#L910,yc-vault:2025-04-21:YC_Companies.csv:row:910,2026-08-27T12:07:08+00:00
d0909a5b-9eb3-5be2-baa4-5fd75b12dc81,Daily,,62,W16,"developer-tools, open-source, ai, ai-assistant",San Francisco,Active,https://github.com/lukaflpvc/YC-Vault/blob/1c86f32a981d479249496298f6bb746ff3c79efe/data/2025-04-21/YC_Companies.csv#L911,yc-vault:2025-04-21:YC_Companies.csv:row:911,2026-08-27T12:07:08+00:00
8c56decf-ae28-5ad3-8580-7b7a465a7cd3,Petcube,,51,W16,hardware,San Francisco,Active,https://github.com/lukaflpvc/YC-Vault/blob/1c86f32a981d479249496298f6bb746ff3c79efe/data/2025-04-21/YC_Companies.csv#L912,yc-vault:2025-04-21:YC_Companies.csv:row:912,2026-08-27T12:07:08+00:00
beb21fb3-bffb-55fa-8eec-cbc51a7cee3d,Outschool,,107,W16,education,San Francisco,Active,https://github.com/lukaflpvc/YC-Vault/blob/1c86f32a981d479249496298f6bb746ff3c79efe/data/2025-04-21/YC_Companies.csv#L913,yc-vault:2025-04-21:YC_Companies.csv:row:913,2026-08-27T12:07:08+00:00
305f3f02-7f5a-5b39-a72f-24c91a4d2528,Mason,,65,W16,"hardware, saas, logistics",Seattle,Active,https://github.com/lukaflpvc/YC-Vault/blob/1c86f32a981d479249496298f6bb746ff3c79efe/data/2025-04-21/YC_Companies.csv#L914,yc-vault:2025-04-21:YC_Companies.csv:row:914,2026-08-27T12:07:08+00:00
621bbaa7-867b-57fd-869e-974bd303a281,MagicBus,,18,W16,transportation,Los Angeles,Active,https://github.com/lukaflpvc/YC-Vault/blob/1c86f32a981d479249496298f6bb746ff3c79efe/data/2025-04-21/YC_Companies.csv#L915,yc-vault:2025-04-21:YC_Companies.csv:row:915,2026-08-27T12:07:08+00:00
7dc4899c-5a4a-5654-84f0-788cdb2d9327,Tovala,,375,W16,food-&-beverage,Chicago,Active,https://github.com/lukaflpvc/YC-Vault/blob/1c86f32a981d479249496298f6bb746ff3c79efe/data/2025-04-21/YC_Companies.csv#L916,yc-vault:2025-04-21:YC_Companies.csv:row:916,2026-08-27T12:07:08+00:00
d61c54eb-a038-5fb9-b45d-68801972d0dd,iSono Health,,9,W16,"artificial-intelligence,consumer-health-services,medical-devices",San Francisco,Active,https://github.com/lukaflpvc/YC-Vault/blob/1c86f32a981d479249496298f6bb746ff3c79efe/data/2025-04-21/YC_Companies.csv#L917,yc-vault:2025-04-21:YC_Companies.csv:row:917,2026-08-27T12:07:08+00:00
dfc14f2f-757d-50c2-a30a-933b0348f1d2,GetAccept,,200,W16,saas,San Francisco,Active,https://github.com/lukaflpvc/YC-Vault/blob/1c86f32a981d479249496298f6bb746ff3c79efe/data/2025-04-21/YC_Companies.csv#L918,yc-vault:2025-04-21:YC_Companies.csv:row:918,2026-08-27T12:07:08+00:00
8eef30ab-df66-5ce6-8f39-f7985687b4f5,Chatfuel,,53,W16,,San Francisco,Active,https://github.com/lukaflpvc/YC-Vault/blob/1c86f32a981d479249496298f6bb746ff3c79efe/data/2025-04-21/YC_Companies.csv#L919,yc-vault:2025-04-21:YC_Companies.csv:row:919,2026-08-27T12:07:08+00:00
6d05559e-9f46-5daf-984e-b8431ca48329,Stealth Worker,,5,W16,"Information Security (Cyber Security), Compliance and Privacy (GDPR &…)",Menlo Park,Active,https://github.com/lukaflpvc/YC-Vault/blob/1c86f32a981d479249496298f6bb746ff3c79efe/data/2025-04-21/YC_Companies.csv#L921,yc-vault:2025-04-21:YC_Companies.csv:row:921,2026-08-27T12:07:08+00:00
28d2c44c-5fd9-5e8b-90c0-25a29e855e49,Deepgram,,115,W16,artificial-intelligence,San Francisco,Active,https://github.com/lukaflpvc/YC-Vault/blob/1c86f32a981d479249496298f6bb746ff3c79efe/data/2025-04-21/YC_Companies.csv#L922,yc-vault:2025-04-21:YC_Companies.csv:row:922,2026-08-27T12:07:08+00:00
d17febe4-509f-5232-8376-c293718d603d,SOUNDBOKS,,50,W16,,Copenhagen,Active,https://github.com/lukaflpvc/YC-Vault/blob/1c86f32a981d479249496298f6bb746ff3c79efe/data/2025-04-21/YC_Companies.csv#L923,yc-vault:2025-04-21:YC_Companies.csv:row:923,2026-08-27T12:07:08+00:00
6c0b86f5-c825-57c3-bff9-758fd7d2d88a,Lattice,,540,W16,hr-tech,San Francisco,Active,https://github.com/lukaflpvc/YC-Vault/blob/1c86f32a981d479249496298f6bb746ff3c79efe/data/2025-04-21/YC_Companies.csv#L924,yc-vault:2025-04-21:YC_Companies.csv:row:924,2026-08-27T12:07:08+00:00
1979cd2e-8429-5a8d-915d-dd2988c0b0c7,Mux,,95,W16,developer-tools,San Francisco,Active,https://github.com/lukaflpvc/YC-Vault/blob/1c86f32a981d479249496298f6bb746ff3c79efe/data/2025-04-21/YC_Companies.csv#L925,yc-vault:2025-04-21:YC_Companies.csv:row:925,2026-08-27T12:07:08+00:00
4f305838-4f5a-5f51-8efd-bbe5804f7e78,Qvin,,30,W16,,Menlo Park,Active,https://github.com/lukaflpvc/YC-Vault/blob/1c86f32a981d479249496298f6bb746ff3c79efe/data/2025-04-21/YC_Companies.csv#L927,yc-vault:2025-04-21:YC_Companies.csv:row:927,2026-08-27T12:07:08+00:00
c9a257ec-f3c7-55ae-801c-1b661908733a,Perlara,,1,W16,Biotech,Oakland,Active,https://github.com/lukaflpvc/YC-Vault/blob/1c86f32a981d479249496298f6bb746ff3c79efe/data/2025-04-21/YC_Companies.csv#L928,yc-vault:2025-04-21:YC_Companies.csv:row:928,2026-08-27T12:07:08+00:00
e56ebf2d-e01e-58c8-8609-fbf18abb902c,DevColor,,7,W16,education,San Francisco,Active,https://github.com/lukaflpvc/YC-Vault/blob/1c86f32a981d479249496298f6bb746ff3c79efe/data/2025-04-21/YC_Companies.csv#L929,yc-vault:2025-04-21:YC_Companies.csv:row:929,2026-08-27T12:07:08+00:00
a3776f03-d811-5720-85bd-b37d4630a295,Lygos,,55,W16,"synthetic-biology, climate, biotechnology",San Francisco,Active,https://github.com/lukaflpvc/YC-Vault/blob/1c86f32a981d479249496298f6bb746ff3c79efe/data/2025-04-21/YC_Companies.csv#L930,yc-vault:2025-04-21:YC_Companies.csv:row:930,2026-08-27T12:07:08+00:00
308cd759-5658-545e-97ce-e4bb8cefbe2f,Zenysis,,11,W16,,San Francisco,Active,https://github.com/lukaflpvc/YC-Vault/blob/1c86f32a981d479249496298f6bb746ff3c79efe/data/2025-04-21/YC_Companies.csv#L931,yc-vault:2025-04-21:YC_Companies.csv:row:931,2026-08-27T12:07:08+00:00
92345950-ada3-54d9-8c06-91b9afe7fed0,Astranis,,400,W16,"space-exploration,satellites",San Francisco,Active,https://github.com/lukaflpvc/YC-Vault/blob/1c86f32a981d479249496298f6bb746ff3c79efe/data/2025-04-21/YC_Companies.csv#L932,yc-vault:2025-04-21:YC_Companies.csv:row:932,2026-08-27T12:07:08+00:00
07229aae-5376-5241-aaf6-aaf6d3638f2f,Bonsai,,25,W16,saas,Boulder,Active,https://github.com/lukaflpvc/YC-Vault/blob/1c86f32a981d479249496298f6bb746ff3c79efe/data/2025-04-21/YC_Companies.csv#L933,yc-vault:2025-04-21:YC_Companies.csv:row:933,2026-08-27T12:07:08+00:00
46bc083a-f971-5f0b-a025-ab6c17b0b363,Boom,,227,W16,"transportation, aerospace",Centennial,Active,https://github.com/lukaflpvc/YC-Vault/blob/1c86f32a981d479249496298f6bb746ff3c79efe/data/2025-04-21/YC_Companies.csv#L935,yc-vault:2025-04-21:YC_Companies.csv:row:935,2026-08-27T12:07:08+00:00
3ab45e6e-ba20-55ee-9197-1ce02100a4f7,Relativity Space,,1000,W16,space-exploration,Los Angeles,Active,https://github.com/lukaflpvc/YC-Vault/blob/1c86f32a981d479249496298f6bb746ff3c79efe/data/2025-04-21/YC_Companies.csv#L936,yc-vault:2025-04-21:YC_Companies.csv:row:936,2026-08-27T12:07:08+00:00
769ae4ee-2d6f-54a2-9ebf-6a8987acacb6,Sendbird,,300,W16,artificial-intelligence,San Mateo,Active,https://github.com/lukaflpvc/YC-Vault/blob/1c86f32a981d479249496298f6bb746ff3c79efe/data/2025-04-21/YC_Companies.csv#L937,yc-vault:2025-04-21:YC_Companies.csv:row:937,2026-08-27T12:07:08+00:00
dd62e450-a475-552b-9055-6353e74b5801,Wakie,,10,W16,"community, social-media",Menlo Park,Active,https://github.com/lukaflpvc/YC-Vault/blob/1c86f32a981d479249496298f6bb746ff3c79efe/data/2025-04-21/YC_Companies.csv#L938,yc-vault:2025-04-21:YC_Companies.csv:row:938,2026-08-27T12:07:08+00:00
ebf82d0a-25b1-5dc0-9a81-18772017b7df,Sanitation and Health Rights in India (SHRI),,1,W16,,India,Active,https://github.com/lukaflpvc/YC-Vault/blob/1c86f32a981d479249496298f6bb746ff3c79efe/data/2025-04-21/YC_Companies.csv#L939,yc-vault:2025-04-21:YC_Companies.csv:row:939,2026-08-27T12:07:08+00:00
2af6ed41-4b0c-5d52-9966-68b55b257fbe,Quilt Data,,6,W16,analytics,San Francisco,Active,https://github.com/lukaflpvc/YC-Vault/blob/1c86f32a981d479249496298f6bb746ff3c79efe/data/2025-04-21/YC_Companies.csv#L940,yc-vault:2025-04-21:YC_Companies.csv:row:940,2026-08-27T12:07:08+00:00
788a0362-0e2d-5b96-bf2f-2d9cc8d1fac0,FightCamp,,64,W16,"hardware, fitness, gaming",Newport Beach,Active,https://github.com/lukaflpvc/YC-Vault/blob/1c86f32a981d479249496298f6bb746ff3c79efe/data/2025-04-21/YC_Companies.csv#L941,yc-vault:2025-04-21:YC_Companies.csv:row:941,2026-08-27T12:07:08+00:00
f28e6dc9-e0bc-549b-b22a-aa2dea432ee1,Carbic,,8,W16,"industrial-workplace-safety,saas,iot",San Francisco,Active,https://github.com/lukaflpvc/YC-Vault/blob/1c86f32a981d479249496298f6bb746ff3c79efe/data/2025-04-21/YC_Companies.csv#L942,yc-vault:2025-04-21:YC_Companies.csv:row:942,2026-08-27T12:07:08+00:00
e1020f76-2e10-583e-89f2-8ce14953fcf3,NetBeez,,12,W16,Network monitoring,Pittsburgh,Active,https://github.com/lukaflpvc/YC-Vault/blob/1c86f32a981d479249496298f6bb746ff3c79efe/data/2025-04-21/YC_Companies.csv#L943,yc-vault:2025-04-21:YC_Companies.csv:row:943,2026-08-27T12:07:08+00:00
60b0b9a1-2d0c-5117-9c7a-ee988afeca93,mRelief,,12,W16,nonprofit,Chicago IL,Active,https://github.com/lukaflpvc/YC-Vault/blob/1c86f32a981d479249496298f6bb746ff3c79efe/data/2025-04-21/YC_Companies.csv#L944,yc-vault:2025-04-21:YC_Companies.csv:row:944,2026-08-27T12:07:08+00:00
fd7d7e29-b082-5a98-ac12-4db725ecea79,HistoWiz,,2,W16,"biotech, ai",NY,Active,https://github.com/lukaflpvc/YC-Vault/blob/1c86f32a981d479249496298f6bb746ff3c79efe/data/2025-04-21/YC_Companies.csv#L945,yc-vault:2025-04-21:YC_Companies.csv:row:945,2026-08-27T12:07:08+00:00
f4657c0d-32dc-5769-b578-7462df62bb96,GoLorry,,30,W16,"marketplace, logistics, india",Hyderabad,Active,https://github.com/lukaflpvc/YC-Vault/blob/1c86f32a981d479249496298f6bb746ff3c79efe/data/2025-04-21/YC_Companies.csv#L946,yc-vault:2025-04-21:YC_Companies.csv:row:946,2026-08-27T12:07:08+00:00
56c5da93-5b9f-5a03-a12f-4f6120ce4b3b,Gecko Robotics,,230,W16,AI + Robotics for the Built World,Pittsburgh,Active,https://github.com/lukaflpvc/YC-Vault/blob/1c86f32a981d479249496298f6bb746ff3c79efe/data/2025-04-21/YC_Companies.csv#L947,yc-vault:2025-04-21:YC_Companies.csv:row:947,2026-08-27T12:07:08+00:00
8300181b-c118-5255-91e6-e14d3050ba52,Lynks,,40,W16,e-commerce,Egypt,Active,https://github.com/lukaflpvc/YC-Vault/blob/1c86f32a981d479249496298f6bb746ff3c79efe/data/2025-04-21/YC_Companies.csv#L948,yc-vault:2025-04-21:YC_Companies.csv:row:948,2026-08-27T12:07:08+00:00
96471ebf-18e0-5ff1-90d6-ad584afee973,Thunkable,,40,W16,,San Francisco,Active,https://github.com/lukaflpvc/YC-Vault/blob/1c86f32a981d479249496298f6bb746ff3c79efe/data/2025-04-21/YC_Companies.csv#L949,yc-vault:2025-04-21:YC_Companies.csv:row:949,2026-08-27T12:07:08+00:00
8fa4572f-d98f-50a4-928b-7b1094f3896b,Apollo.io,,40,W16,,San Francisco,Active,https://github.com/lukaflpvc/YC-Vault/blob/1c86f32a981d479249496298f6bb746ff3c79efe/data/2025-04-21/YC_Companies.csv#L950,yc-vault:2025-04-21:YC_Companies.csv:row:950,2026-08-27T12:07:08+00:00
1f8d8ef8-3dcc-54d9-9aae-f5be54cbdebc,Salt Security,,200,W16,cybersecurity,Palo Alto,Active,https://github.com/lukaflpvc/YC-Vault/blob/1c86f32a981d479249496298f6bb746ff3c79efe/data/2025-04-21/YC_Companies.csv#L951,yc-vault:2025-04-21:YC_Companies.csv:row:951,2026-08-27T12:07:08+00:00
1e7397ca-d14f-5536-9eb5-1a956aa60906,Pave,,2,W16,analytics,Kitchener,Active,https://github.com/lukaflpvc/YC-Vault/blob/1c86f32a981d479249496298f6bb746ff3c79efe/data/2025-04-21/YC_Companies.csv#L952,yc-vault:2025-04-21:YC_Companies.csv:row:952,2026-08-27T12:07:08+00:00
24a0b39f-0727-5c85-938f-c99a5187da3b,Instabug,,190,W16,,San Francisco,Active,https://github.com/lukaflpvc/YC-Vault/blob/1c86f32a981d479249496298f6bb746ff3c79efe/data/2025-04-21/YC_Companies.csv#L953,yc-vault:2025-04-21:YC_Companies.csv:row:953,2026-08-27T12:07:08+00:00
0f514a6e-a2e1-5ec6-99fe-75518316aeb0,Function of Beauty,,300,W16,"beauty, personalization, e-commerce",New York,Active,https://github.com/lukaflpvc/YC-Vault/blob/1c86f32a981d479249496298f6bb746ff3c79efe/data/2025-04-21/YC_Companies.csv#L954,yc-vault:2025-04-21:YC_Companies.csv:row:954,2026-08-27T12:07:08+00:00
c964dea3-2c1a-5742-b4c9-7814c2e3de3e,Superside,,750,W16,saas,Oslo,Active,https://github.com/lukaflpvc/YC-Vault/blob/1c86f32a981d479249496298f6bb746ff3c79efe/data/2025-04-21/YC_Companies.csv#L955,yc-vault:2025-04-21:YC_Companies.csv:row:955,2026-08-27T12:07:08+00:00
44c97c7a-83f2-567f-b34b-2a99693f94df,Netomi,,3,W16,,San Mateo,Active,https://github.com/lukaflpvc/YC-Vault/blob/1c86f32a981d479249496298f6bb746ff3c79efe/data/2025-04-21/YC_Companies.csv#L956,yc-vault:2025-04-21:YC_Companies.csv:row:956,2026-08-27T12:07:08+00:00
973271a8-1505-5796-bdca-8e7d62a9aff0,Castle,,20,W16,"developer-tools, saas, security, fraud-detection",San Francisco,Active,https://github.com/lukaflpvc/YC-Vault/blob/1c86f32a981d479249496298f6bb746ff3c79efe/data/2025-04-21/YC_Companies.csv#L957,yc-vault:2025-04-21:YC_Companies.csv:row:957,2026-08-27T12:07:08+00:00
732e1c54-c815-500f-bb15-9d25d32985dd,Opentrons,,300,W16,,New York,Active,https://github.com/lukaflpvc/YC-Vault/blob/1c86f32a981d479249496298f6bb746ff3c79efe/data/2025-04-21/YC_Companies.csv#L958,yc-vault:2025-04-21:YC_Companies.csv:row:958,2026-08-27T12:07:08+00:00
f0bf8982-80bb-5d05-96e9-9d61f94ea846,MailTime,,18,W16,email,Hong Kong,Active,https://github.com/lukaflpvc/YC-Vault/blob/1c86f32a981d479249496298f6bb746ff3c79efe/data/2025-04-21/YC_Companies.csv#L959,yc-vault:2025-04-21:YC_Companies.csv:row:959,2026-08-27T12:07:08+00:00
cc3796f4-aa2e-55c5-9a5d-f3aa2ee18464,Revl,,22,W16,"machine-learning, saas, sports-tech, b2b, video",San Francisco,Active,https://github.com/lukaflpvc/YC-Vault/blob/1c86f32a981d479249496298f6bb746ff3c79efe/data/2025-04-21/YC_Companies.csv#L960,yc-vault:2025-04-21:YC_Companies.csv:row:960,2026-08-27T12:07:08+00:00
1ba02244-d649-5b53-b774-e54955d093bb,PocketSuite,,40,W16,,San Francisco,Active,https://github.com/lukaflpvc/YC-Vault/blob/1c86f32a981d479249496298f6bb746ff3c79efe/data/2025-04-21/YC_Companies.csv#L961,yc-vault:2025-04-21:YC_Companies.csv:row:961,2026-08-27T12:07:08+00:00
54bfe498-56b9-541d-8daf-6ce97c61df8f,Meter Feeder,,4,W16,"machine-learning, govtech, unmanned-vehicle",Pittsburgh,Active,https://github.com/lukaflpvc/YC-Vault/blob/1c86f32a981d479249496298f6bb746ff3c79efe/data/2025-04-21/YC_Companies.csv#L962,yc-vault:2025-04-21:YC_Companies.csv:row:962,2026-08-27T12:07:08+00:00
980abf55-ca8f-540b-94e8-b279cb7676d3,Inevitable Tech,,80,W16,,San Carlos,Active,https://github.com/lukaflpvc/YC-Vault/blob/1c86f32a981d479249496298f6bb746ff3c79efe/data/2025-04-21/YC_Companies.csv#L963,yc-vault:2025-04-21:YC_Companies.csv:row:963,2026-08-27T12:07:08+00:00
95affecb-dc93-5eec-898a-c40a41370e1a,Gigwell,,12,W16,,Los Angeles,Active,https://github.com/lukaflpvc/YC-Vault/blob/1c86f32a981d479249496298f6bb746ff3c79efe/data/2025-04-21/YC_Companies.csv#L964,yc-vault:2025-04-21:YC_Companies.csv:row:964,2026-08-27T12:07:08+00:00
550f36d4-5269-5cbc-8db3-815d24feef0a,Copia,,20,W16,"saas,b2b,food-tech",San Francisco,Active,https://github.com/lukaflpvc/YC-Vault/blob/1c86f32a981d479249496298f6bb746ff3c79efe/data/2025-04-21/YC_Companies.csv#L965,yc-vault:2025-04-21:YC_Companies.csv:row:965,2026-08-27T12:07:08+00:00
bcb2021b-0f4d-5e5c-8691-5faca4325097,Deako,,11,W16,"iot, home-automation",Seattle,Active,https://github.com/lukaflpvc/YC-Vault/blob/1c86f32a981d479249496298f6bb746ff3c79efe/data/2025-04-21/YC_Companies.csv#L966,yc-vault:2025-04-21:YC_Companies.csv:row:966,2026-08-27T12:07:08+00:00
d42b95b2-d75c-50ce-bb13-7c5694a5ae8e,Kip Health,,2,W16,mental-health-tech,San Francisco,Active,https://github.com/lukaflpvc/YC-Vault/blob/1c86f32a981d479249496298f6bb746ff3c79efe/data/2025-04-21/YC_Companies.csv#L968,yc-vault:2025-04-21:YC_Companies.csv:row:968,2026-08-27T12:07:08+00:00
07ca9cf8-5833-5600-83dc-3f4abe4523c7,Hingeto,,15,W16,marketplace,Oakland,Active,https://github.com/lukaflpvc/YC-Vault/blob/1c86f32a981d479249496298f6bb746ff3c79efe/data/2025-04-21/YC_Companies.csv#L969,yc-vault:2025-04-21:YC_Companies.csv:row:969,2026-08-27T12:07:08+00:00
a4caff23-4b6c-58f3-a8e9-e3599302819e,flexEngage,,25,W16,"analytics, retail",Orlando,Active,https://github.com/lukaflpvc/YC-Vault/blob/1c86f32a981d479249496298f6bb746ff3c79efe/data/2025-04-21/YC_Companies.csv#L970,yc-vault:2025-04-21:YC_Companies.csv:row:970,2026-08-27T12:07:08+00:00
21a582fa-f77b-5697-a981-7c43dc66a7b3,Nova,,11,W16,artificial-intelligence,San Francisco,Active,https://github.com/lukaflpvc/YC-Vault/blob/1c86f32a981d479249496298f6bb746ff3c79efe/data/2025-04-21/YC_Companies.csv#L971,yc-vault:2025-04-21:YC_Companies.csv:row:971,2026-08-27T12:07:08+00:00
bd2b8edf-2f93-5f14-b429-317d072f0787,UroDev Medical,,4,W16,medical-devices,San Clemente,Active,https://github.com/lukaflpvc/YC-Vault/blob/1c86f32a981d479249496298f6bb746ff3c79efe/data/2025-04-21/YC_Companies.csv#L972,yc-vault:2025-04-21:YC_Companies.csv:row:972,2026-08-27T12:07:08+00:00
4b604f9b-f09c-5338-ae51-004464c521fd,Landed,,2,W16,"fintech, proptech",San Francisco,Active,https://github.com/lukaflpvc/YC-Vault/blob/1c86f32a981d479249496298f6bb746ff3c79efe/data/2025-04-21/YC_Companies.csv#L974,yc-vault:2025-04-21:YC_Companies.csv:row:974,2026-08-27T12:07:08+00:00
df387a25-cb00-53f7-b6d8-fcd2c109031b,Plato,,26,W16,Mentorship platform for engineering leaders,San Francisco,Active,https://github.com/lukaflpvc/YC-Vault/blob/1c86f32a981d479249496298f6bb746ff3c79efe/data/2025-04-21/YC_Companies.csv#L976,yc-vault:2025-04-21:YC_Companies.csv:row:976,2026-08-27T12:07:08+00:00
fb63b946-7c7b-51ed-9cfd-c03fb80793f7,Goodybag,,11,W16,food-tech,Austin,Active,https://github.com/lukaflpvc/YC-Vault/blob/1c86f32a981d479249496298f6bb746ff3c79efe/data/2025-04-21/YC_Companies.csv#L977,yc-vault:2025-04-21:YC_Companies.csv:row:977,2026-08-27T12:07:08+00:00
a8a1d389-7c71-54f7-bfcc-41b3011f1672,Pulpix,,15,W16,"artificial-intelligence,machine-learning,video",New York,Active,https://github.com/lukaflpvc/YC-Vault/blob/1c86f32a981d479249496298f6bb746ff3c79efe/data/2025-04-21/YC_Companies.csv#L978,yc-vault:2025-04-21:YC_Companies.csv:row:978,2026-08-27T12:07:08+00:00
f4c76d7c-fd9d-54cb-8ec2-c4c78a3ef61d,MineralSoft,,35,W16,"analytics, energy",Austin,Active,https://github.com/lukaflpvc/YC-Vault/blob/1c86f32a981d479249496298f6bb746ff3c79efe/data/2025-04-21/YC_Companies.csv#L979,yc-vault:2025-04-21:YC_Companies.csv:row:979,2026-08-27T12:07:08+00:00
89e201d9-5062-5585-a075-f3626bad4f38,Luminist Labs,,2,W16,"medical-devices, diagnostics, genomics",Newark,Active,https://github.com/lukaflpvc/YC-Vault/blob/1c86f32a981d479249496298f6bb746ff3c79efe/data/2025-04-21/YC_Companies.csv#L980,yc-vault:2025-04-21:YC_Companies.csv:row:980,2026-08-27T12:07:08+00:00
465d76f7-e6f5-517f-9005-2e283a34727f,LendEDU,,10,W16,"fintech, marketplace",Hoboken,Active,https://github.com/lukaflpvc/YC-Vault/blob/1c86f32a981d479249496298f6bb746ff3c79efe/data/2025-04-21/YC_Companies.csv#L981,yc-vault:2025-04-21:YC_Companies.csv:row:981,2026-08-27T12:07:08+00:00
0ed3ea0e-5d2b-5082-abc1-785960ced318,Able Health,,11,W16,,San Francisco,Active,https://github.com/lukaflpvc/YC-Vault/blob/1c86f32a981d479249496298f6bb746ff3c79efe/data/2025-04-21/YC_Companies.csv#L982,yc-vault:2025-04-21:YC_Companies.csv:row:982,2026-08-27T12:07:08+00:00
39ddbce0-2dd0-589d-9c17-9461ef210b15,Loop Genomics,,7,W16,biotech,San Jose,Active,https://github.com/lukaflpvc/YC-Vault/blob/1c86f32a981d479249496298f6bb746ff3c79efe/data/2025-04-21/YC_Companies.csv#L983,yc-vault:2025-04-21:YC_Companies.csv:row:983,2026-08-27T12:07:08+00:00
31ea9cc7-13bd-5958-8d44-1aa34908ae3f,Algoriz,,4,W16,"artificial-intelligence, finance, trading",New York,Active,https://github.com/lukaflpvc/YC-Vault/blob/1c86f32a981d479249496298f6bb746ff3c79efe/data/2025-04-21/YC_Companies.csv#L984,yc-vault:2025-04-21:YC_Companies.csv:row:984,2026-08-27T12:07:08+00:00
06002c45-2b19-50cd-aeb4-775e9421db61,AlphaFlow,,26,W16,"fintech, real-estate",San Francisco,Active,https://github.com/lukaflpvc/YC-Vault/blob/1c86f32a981d479249496298f6bb746ff3c79efe/data/2025-04-21/YC_Companies.csv#L985,yc-vault:2025-04-21:YC_Companies.csv:row:985,2026-08-27T12:07:08+00:00
92fbd651-d60c-5cc1-a34c-6ce5f763bb83,VINEBOX (Usual Beverage Co.),,11,W16,,San Francisco,Active,https://github.com/lukaflpvc/YC-Vault/blob/1c86f32a981d479249496298f6bb746ff3c79efe/data/2025-04-21/YC_Companies.csv#L986,yc-vault:2025-04-21:YC_Companies.csv:row:986,2026-08-27T12:07:08+00:00
bdc811d2-7020-512a-8117-dff976e7476c,Magic Instruments,,2,W16,,Los Angeles,Active,https://github.com/lukaflpvc/YC-Vault/blob/1c86f32a981d479249496298f6bb746ff3c79efe/data/2025-04-21/YC_Companies.csv#L987,yc-vault:2025-04-21:YC_Companies.csv:row:987,2026-08-27T12:07:08+00:00
055e235d-06b2-543a-984a-7d422fde83e2,Compgun,,11,W16,,San Francisco,Active,https://github.com/lukaflpvc/YC-Vault/blob/1c86f32a981d479249496298f6bb746ff3c79efe/data/2025-04-21/YC_Companies.csv#L988,yc-vault:2025-04-21:YC_Companies.csv:row:988,2026-08-27T12:07:08+00:00
1e8ba9da-5998-5e3d-a596-feb244ace274,PhysioHealth,,2,W16,"health-tech, insurance, health-&-wellness",,Active,https://github.com/lukaflpvc/YC-Vault/blob/1c86f32a981d479249496298f6bb746ff3c79efe/data/2025-04-21/YC_Companies.csv#L989,yc-vault:2025-04-21:YC_Companies.csv:row:989,2026-08-27T12:07:08+00:00
aae6b791-2d25-5869-b8a0-47d4077e33a7,Modal,,18,W16,auto-commerce,San Francisco,Active,https://github.com/lukaflpvc/YC-Vault/blob/1c86f32a981d479249496298f6bb746ff3c79efe/data/2025-04-21/YC_Companies.csv#L990,yc-vault:2025-04-21:YC_Companies.csv:row:990,2026-08-27T12:07:08+00:00
67c87aff-628a-5e49-8095-1cc2f6449356,Streamup,,2,W16,social-media,Santa Monica,Active,https://github.com/lukaflpvc/YC-Vault/blob/1c86f32a981d479249496298f6bb746ff3c79efe/data/2025-04-21/YC_Companies.csv#L991,yc-vault:2025-04-21:YC_Companies.csv:row:991,2026-08-27T12:07:08+00:00
46504c6e-bed5-5ef3-ba54-4f172fce5a22,StrongIntro,,2,W16,recruiting,San Francisco,Active,https://github.com/lukaflpvc/YC-Vault/blob/1c86f32a981d479249496298f6bb746ff3c79efe/data/2025-04-21/YC_Companies.csv#L992,yc-vault:2025-04-21:YC_Companies.csv:row:992,2026-08-27T12:07:08+00:00
eb9140cf-53e0-5f1b-b441-b63189d6e685,Index,,5,W16,,San Francisco,Active,https://github.com/lukaflpvc/YC-Vault/blob/1c86f32a981d479249496298f6bb746ff3c79efe/data/2025-04-21/YC_Companies.csv#L993,yc-vault:2025-04-21:YC_Companies.csv:row:993,2026-08-27T12:07:08+00:00
124f22ba-0dc6-58b4-9fb3-fa065e0c3a07,Unnyhog,,1,W16,"entertainment, gaming",Los Angeles,Active,https://github.com/lukaflpvc/YC-Vault/blob/1c86f32a981d479249496298f6bb746ff3c79efe/data/2025-04-21/YC_Companies.csv#L994,yc-vault:2025-04-21:YC_Companies.csv:row:994,2026-08-27T12:07:08+00:00
edb687b9-e187-59c9-b7f1-695b39ecd393,Pathmind,,15,W16,"reinforcement-learning, warehouse-management-tech, supply-chain",San Francisco,Active,https://github.com/lukaflpvc/YC-Vault/blob/1c86f32a981d479249496298f6bb746ff3c79efe/data/2025-04-21/YC_Companies.csv#L995,yc-vault:2025-04-21:YC_Companies.csv:row:995,2026-08-27T12:07:08+00:00
4167f6bb-e3bd-5499-8c4c-ad7212338a52,Restocks,,2,W16,"e-commerce, fashion",San Francisco,Active,https://github.com/lukaflpvc/YC-Vault/blob/1c86f32a981d479249496298f6bb746ff3c79efe/data/2025-04-21/YC_Companies.csv#L997,yc-vault:2025-04-21:YC_Companies.csv:row:997,2026-08-27T12:07:08+00:00
0d780311-c127-5b24-b0ec-4e946a21c4f2,Real Artists,,2,W16,,,Active,https://github.com/lukaflpvc/YC-Vault/blob/1c86f32a981d479249496298f6bb746ff3c79efe/data/2025-04-21/YC_Companies.csv#L998,yc-vault:2025-04-21:YC_Companies.csv:row:998,2026-08-27T12:07:08+00:00
d1dc3315-07aa-572b-9d4f-08de3cf47db1,Kisan Network,,75,W16,"supply-chain, agriculture",Gurugram,Active,https://github.com/lukaflpvc/YC-Vault/blob/1c86f32a981d479249496298f6bb746ff3c79efe/data/2025-04-21/YC_Companies.csv#L999,yc-vault:2025-04-21:YC_Companies.csv:row:999,2026-08-27T12:07:08+00:00
a4b0d9c3-f6ad-50f5-9cdc-415431756cd3,Georgette Packaging,,15,W16,"logistics, climate",Kitchener,Active,https://github.com/lukaflpvc/YC-Vault/blob/1c86f32a981d479249496298f6bb746ff3c79efe/data/2025-04-21/YC_Companies.csv#L1000,yc-vault:2025-04-21:YC_Companies.csv:row:1000,2026-08-27T12:07:08+00:00
050ab924-a9be-5516-af3b-1c309424ce87,Cover,,50,W16,insurance,San Francisco,Active,https://github.com/lukaflpvc/YC-Vault/blob/1c86f32a981d479249496298f6bb746ff3c79efe/data/2025-04-21/YC_Companies.csv#L1001,yc-vault:2025-04-21:YC_Companies.csv:row:1001,2026-08-27T12:07:08+00:00
66dc6f11-eda7-5c72-98d3-085bbed17bdf,Envyl,,2,W16,"delivery,e-commerce,logistics",NY,Active,https://github.com/lukaflpvc/YC-Vault/blob/1c86f32a981d479249496298f6bb746ff3c79efe/data/2025-04-21/YC_Companies.csv#L1002,yc-vault:2025-04-21:YC_Companies.csv:row:1002,2026-08-27T12:07:08+00:00
3e30ab2e-4263-52bc-947b-0f89d5343272,Elucify,,11,W16,saas,San Francisco,Active,https://github.com/lukaflpvc/YC-Vault/blob/1c86f32a981d479249496298f6bb746ff3c79efe/data/2025-04-21/YC_Companies.csv#L1003,yc-vault:2025-04-21:YC_Companies.csv:row:1003,2026-08-27T12:07:08+00:00
9b2b5480-5b0c-5625-a97a-b6e5daada6dd,TRAC,,2,W16,sports-tech,Chicago,Active,https://github.com/lukaflpvc/YC-Vault/blob/1c86f32a981d479249496298f6bb746ff3c79efe/data/2025-04-21/YC_Companies.csv#L1004,yc-vault:2025-04-21:YC_Companies.csv:row:1004,2026-08-27T12:07:08+00:00
46e59b5d-bbc3-52c1-8dde-e3453e770c93,Anchor Health,,2,W16,health-tech,San Francisco,Active,https://github.com/lukaflpvc/YC-Vault/blob/1c86f32a981d479249496298f6bb746ff3c79efe/data/2025-04-21/YC_Companies.csv#L1005,yc-vault:2025-04-21:YC_Companies.csv:row:1005,2026-08-27T12:07:08+00:00
59e9e5e9-94f1-5f26-a1b2-040c9ee2a98e,Poppy,,2,W16,,Seattle,Active,https://github.com/lukaflpvc/YC-Vault/blob/1c86f32a981d479249496298f6bb746ff3c79efe/data/2025-04-21/YC_Companies.csv#L1006,yc-vault:2025-04-21:YC_Companies.csv:row:1006,2026-08-27T12:07:08+00:00
e4706adf-cec0-543b-8f2d-e65a8e6288b6,Patchwork Security,,2,W16,security,Oakland,Active,https://github.com/lukaflpvc/YC-Vault/blob/1c86f32a981d479249496298f6bb746ff3c79efe/data/2025-04-21/YC_Companies.csv#L1007,yc-vault:2025-04-21:YC_Companies.csv:row:1007,2026-08-27T12:07:08+00:00
b2fcb0f5-55db-5938-851d-97c91407e836,Interstate Analytics,,2,W16,"analytics, marketing",San Francisco,Active,https://github.com/lukaflpvc/YC-Vault/blob/1c86f32a981d479249496298f6bb746ff3c79efe/data/2025-04-21/YC_Companies.csv#L1008,yc-vault:2025-04-21:YC_Companies.csv:row:1008,2026-08-27T12:07:08+00:00
1ed6e2f1-c9cf-5dbd-9ff8-2e56330f9d87,ConstructVR,,2,W16,,San Francisco,Active,https://github.com/lukaflpvc/YC-Vault/blob/1c86f32a981d479249496298f6bb746ff3c79efe/data/2025-04-21/YC_Companies.csv#L1009,yc-vault:2025-04-21:YC_Companies.csv:row:1009,2026-08-27T12:07:08+00:00
d0d814ea-f080-5c6f-98af-5c65106d7be5,Castle,,11,W16,real-estate,Detroit,Active,https://github.com/lukaflpvc/YC-Vault/blob/1c86f32a981d479249496298f6bb746ff3c79efe/data/2025-04-21/YC_Companies.csv#L1010,yc-vault:2025-04-21:YC_Companies.csv:row:1010,2026-08-27T12:07:08+00:00
59b65f38-8a62-5514-b8d9-53918920fbcf,Monthli,,4,W16,marketplace,San Francisco,Active,https://github.com/lukaflpvc/YC-Vault/blob/1c86f32a981d479249496298f6bb746ff3c79efe/data/2025-04-21/YC_Companies.csv#L1011,yc-vault:2025-04-21:YC_Companies.csv:row:1011,2026-08-27T12:07:08+00:00
259fddaf-4fe3-57c0-ae9f-91b4e6ce1941,Start Closing,,2,W16,home-services,Coffeyville KS,Active,https://github.com/lukaflpvc/YC-Vault/blob/1c86f32a981d479249496298f6bb746ff3c79efe/data/2025-04-21/YC_Companies.csv#L1012,yc-vault:2025-04-21:YC_Companies.csv:row:1012,2026-08-27T12:07:08+00:00
6b91d0e9-2e1a-53f8-8a6f-cb766f0f2b2b,Open Motors,,11,W16,electric-vehicles,Palo Alto,Active,https://github.com/lukaflpvc/YC-Vault/blob/1c86f32a981d479249496298f6bb746ff3c79efe/data/2025-04-21/YC_Companies.csv#L1013,yc-vault:2025-04-21:YC_Companies.csv:row:1013,2026-08-27T12:07:08+00:00
c137358f-db9d-5f89-9adf-5f8967dce4df,Enflux,,2,W16,smart-clothing,San Francisco,Active,https://github.com/lukaflpvc/YC-Vault/blob/1c86f32a981d479249496298f6bb746ff3c79efe/data/2025-04-21/YC_Companies.csv#L1014,yc-vault:2025-04-21:YC_Companies.csv:row:1014,2026-08-27T12:07:08+00:00
c513f322-5d92-54d6-a18b-69bea25ae697,Unima,,26,W16,"health-tech, biotech, diagnostics",Zapopan,Active,https://github.com/lukaflpvc/YC-Vault/blob/1c86f32a981d479249496298f6bb746ff3c79efe/data/2025-04-21/YC_Companies.csv#L1015,yc-vault:2025-04-21:YC_Companies.csv:row:1015,2026-08-27T12:07:08+00:00
149ec342-0edb-5fd7-88ed-f7706ad98d11,Bus.com,,90,W16,"marketplace, transportation",Montreal,Active,https://github.com/lukaflpvc/YC-Vault/blob/1c86f32a981d479249496298f6bb746ff3c79efe/data/2025-04-21/YC_Companies.csv#L1016,yc-vault:2025-04-21:YC_Companies.csv:row:1016,2026-08-27T12:07:08+00:00
c9c81dfe-4c01-530b-8806-e20fdf4e8f99,InnoVein,,5,W16,medical-devices,San Carlos,Active,https://github.com/lukaflpvc/YC-Vault/blob/1c86f32a981d479249496298f6bb746ff3c79efe/data/2025-04-21/YC_Companies.csv#L1017,yc-vault:2025-04-21:YC_Companies.csv:row:1017,2026-08-27T12:07:08+00:00
db19aa47-ca9a-5d65-bd53-a0a5a6e7b11b,DoseDr,,2,W16,health-tech,Menlo Park,Active,https://github.com/lukaflpvc/YC-Vault/blob/1c86f32a981d479249496298f6bb746ff3c79efe/data/2025-04-21/YC_Companies.csv#L1018,yc-vault:2025-04-21:YC_Companies.csv:row:1018,2026-08-27T12:07:08+00:00
e427be60-3cb9-56e0-8074-04ecc0be45fb,Chillabit,,3,W16,social,Palo Alto,Active,https://github.com/lukaflpvc/YC-Vault/blob/1c86f32a981d479249496298f6bb746ff3c79efe/data/2025-04-21/YC_Companies.csv#L1019,yc-vault:2025-04-21:YC_Companies.csv:row:1019,2026-08-27T12:07:08+00:00
efd3c793-37fb-57ad-b635-62d4b10f8c9a,WorldCover,,20,W16,"fintech, insurance",New York,Active,https://github.com/lukaflpvc/YC-Vault/blob/1c86f32a981d479249496298f6bb746ff3c79efe/data/2025-04-21/YC_Companies.csv#L1020,yc-vault:2025-04-21:YC_Companies.csv:row:1020,2026-08-27T12:07:08+00:00
56aa3b59-a0f1-5d9b-88fc-5e35885228a2,UpLabs,,1,W16,,San Francisco,Active,https://github.com/lukaflpvc/YC-Vault/blob/1c86f32a981d479249496298f6bb746ff3c79efe/data/2025-04-21/YC_Companies.csv#L1021,yc-vault:2025-04-21:YC_Companies.csv:row:1021,2026-08-27T12:07:08+00:00
29034a4d-d3f8-55a1-ac30-e7bfdeb83c79,Toymail,,2,W16,"iot,kids",New York,Active,https://github.com/lukaflpvc/YC-Vault/blob/1c86f32a981d479249496298f6bb746ff3c79efe/data/2025-04-21/YC_Companies.csv#L1022,yc-vault:2025-04-21:YC_Companies.csv:row:1022,2026-08-27T12:07:08+00:00
2e57393b-0c49-5593-8e8e-0fa583109ed7,Bird,,500,S16,messaging,Amsterdam,Active,https://github.com/lukaflpvc/YC-Vault/blob/1c86f32a981d479249496298f6bb746ff3c79efe/data/2025-04-21/YC_Companies.csv#L1023,yc-vault:2025-04-21:YC_Companies.csv:row:1023,2026-08-27T12:07:08+00:00
e574d8b9-c415-52c8-b6ea-09e219b4e7e8,The Athletic,,600,S16,Subscription sports media,San Francisco,Active,https://github.com/lukaflpvc/YC-Vault/blob/1c86f32a981d479249496298f6bb746ff3c79efe/data/2025-04-21/YC_Companies.csv#L1024,yc-vault:2025-04-21:YC_Companies.csv:row:1024,2026-08-27T12:07:08+00:00
e852cea9-d1f1-5eaa-b23b-e2f676788f18,Meesho,,1450,S16,"e-commerce, retail",Bengaluru,Active,https://github.com/lukaflpvc/YC-Vault/blob/1c86f32a981d479249496298f6bb746ff3c79efe/data/2025-04-21/YC_Companies.csv#L1025,yc-vault:2025-04-21:YC_Companies.csv:row:1025,2026-08-27T12:07:08+00:00
e82d39d5-e63d-5e52-9d50-d405a8154fec,Proxy,,20,S16,"hard-tech, hardware, consumer, identity",San Francisco,Active,https://github.com/lukaflpvc/YC-Vault/blob/1c86f32a981d479249496298f6bb746ff3c79efe/data/2025-04-21/YC_Companies.csv#L1026,yc-vault:2025-04-21:YC_Companies.csv:row:1026,2026-08-27T12:07:08+00:00
d3976ad0-0cb5-54ba-b693-49a9d919fa93,Scale AI,,500,S16,artificial-intelligence,San Francisco,Active,https://github.com/lukaflpvc/YC-Vault/blob/1c86f32a981d479249496298f6bb746ff3c79efe/data/2025-04-21/YC_Companies.csv#L1027,yc-vault:2025-04-21:YC_Companies.csv:row:1027,2026-08-27T12:07:08+00:00
0f21c426-cc38-5142-8ed9-2198306df85c,Expo,,23,S16,developer-tools,Palo Alto,Active,https://github.com/lukaflpvc/YC-Vault/blob/1c86f32a981d479249496298f6bb746ff3c79efe/data/2025-04-21/YC_Companies.csv#L1028,yc-vault:2025-04-21:YC_Companies.csv:row:1028,2026-08-27T12:07:08+00:00
46810ba6-0275-5dcd-8dbd-08e3d4eda397,Elemeno Health,,25,S16,"saas, digital-health, healthcare",Oakland,Active,https://github.com/lukaflpvc/YC-Vault/blob/1c86f32a981d479249496298f6bb746ff3c79efe/data/2025-04-21/YC_Companies.csv#L1029,yc-vault:2025-04-21:YC_Companies.csv:row:1029,2026-08-27T12:07:08+00:00
98d09312-0ebe-50bc-911e-f10e271595b2,Suiteness,,7,S16,,Oakland,Active,https://github.com/lukaflpvc/YC-Vault/blob/1c86f32a981d479249496298f6bb746ff3c79efe/data/2025-04-21/YC_Companies.csv#L1030,yc-vault:2025-04-21:YC_Companies.csv:row:1030,2026-08-27T12:07:08+00:00
da397e66-c098-547c-b4c2-11887e6ccaa2,Jumpcut,,11,S16,,Los Angeles,Active,https://github.com/lukaflpvc/YC-Vault/blob/1c86f32a981d479249496298f6bb746ff3c79efe/data/2025-04-21/YC_Companies.csv#L1031,yc-vault:2025-04-21:YC_Companies.csv:row:1031,2026-08-27T12:07:08+00:00
3c33fb5e-c076-5489-a93c-17f2690e8bd8,Quero Education,,200,S16,,São José dos Campos,Active,https://github.com/lukaflpvc/YC-Vault/blob/1c86f32a981d479249496298f6bb746ff3c79efe/data/2025-04-21/YC_Companies.csv#L1032,yc-vault:2025-04-21:YC_Companies.csv:row:1032,2026-08-27T12:07:08+00:00
67e0805d-bb98-5d5e-a555-6a6c157b5e09,People.ai,,300,S16,"artificial-intelligence,saas,enterprise",San Francisco,Active,https://github.com/lukaflpvc/YC-Vault/blob/1c86f32a981d479249496298f6bb746ff3c79efe/data/2025-04-21/YC_Companies.csv#L1034,yc-vault:2025-04-21:YC_Companies.csv:row:1034,2026-08-27T12:07:08+00:00
5aa75bb8-3e85-51b8-872d-eb959b860fbc,Yoshi Mobility,,125,S16,,Nashville,Active,https://github.com/lukaflpvc/YC-Vault/blob/1c86f32a981d479249496298f6bb746ff3c79efe/data/2025-04-21/YC_Companies.csv#L1035,yc-vault:2025-04-21:YC_Companies.csv:row:1035,2026-08-27T12:07:08+00:00
4dd553eb-3d1e-5114-bc7e-ecc3d220e6a3,OMG Digital,,2,S16,,Accra,Active,https://github.com/lukaflpvc/YC-Vault/blob/1c86f32a981d479249496298f6bb746ff3c79efe/data/2025-04-21/YC_Companies.csv#L1036,yc-vault:2025-04-21:YC_Companies.csv:row:1036,2026-08-27T12:07:08+00:00
006af1e3-7d26-58ac-86cc-b3972161df46,Circa,,21,S16,sales-enablement,Santa Fe NM,Active,https://github.com/lukaflpvc/YC-Vault/blob/1c86f32a981d479249496298f6bb746ff3c79efe/data/2025-04-21/YC_Companies.csv#L1037,yc-vault:2025-04-21:YC_Companies.csv:row:1037,2026-08-27T12:07:08+00:00
05c60b81-5ef9-5576-b097-f752d409baf8,Ready Education,,54,S16,education,Montreal,Active,https://github.com/lukaflpvc/YC-Vault/blob/1c86f32a981d479249496298f6bb746ff3c79efe/data/2025-04-21/YC_Companies.csv#L1038,yc-vault:2025-04-21:YC_Companies.csv:row:1038,2026-08-27T12:07:08+00:00
c56222f2-2ec0-55d1-bc5c-9a743a655cd0,Flutterwave,,500,S16,fintech,Lagos,Active,https://github.com/lukaflpvc/YC-Vault/blob/1c86f32a981d479249496298f6bb746ff3c79efe/data/2025-04-21/YC_Companies.csv#L1039,yc-vault:2025-04-21:YC_Companies.csv:row:1039,2026-08-27T12:07:08+00:00
cac318e6-e02f-5d06-a44f-4ec26dd206d6,Emote,,6,S16,education,Oakland,Active,https://github.com/lukaflpvc/YC-Vault/blob/1c86f32a981d479249496298f6bb746ff3c79efe/data/2025-04-21/YC_Companies.csv#L1040,yc-vault:2025-04-21:YC_Companies.csv:row:1040,2026-08-27T12:07:08+00:00
16f1be9a-e4c2-56fa-8942-640c71f07ba7,SmartPath,,16,S16,fintech,Atlanta,Active,https://github.com/lukaflpvc/YC-Vault/blob/1c86f32a981d479249496298f6bb746ff3c79efe/data/2025-04-21/YC_Companies.csv#L1041,yc-vault:2025-04-21:YC_Companies.csv:row:1041,2026-08-27T12:07:08+00:00
beb57f79-b9aa-57cc-84bd-a3db13157308,Curtsy,,15,S16,"marketplace,sustainable-fashion,e-commerce",San Francisco,Active,https://github.com/lukaflpvc/YC-Vault/blob/1c86f32a981d479249496298f6bb746ff3c79efe/data/2025-04-21/YC_Companies.csv#L1042,yc-vault:2025-04-21:YC_Companies.csv:row:1042,2026-08-27T12:07:08+00:00
f7b0fef1-ca3c-5a24-a37b-439f0c04a10d,Validere,,110,S16,climatetech,Toronto,Active,https://github.com/lukaflpvc/YC-Vault/blob/1c86f32a981d479249496298f6bb746ff3c79efe/data/2025-04-21/YC_Companies.csv#L1043,yc-vault:2025-04-21:YC_Companies.csv:row:1043,2026-08-27T12:07:08+00:00
ccbf7fb1-d396-5d3d-b8e2-a1c58b1ba9ed,Airfordable,,7,S16,"fintech, travel",Chicago,Active,https://github.com/lukaflpvc/YC-Vault/blob/1c86f32a981d479249496298f6bb746ff3c79efe/data/2025-04-21/YC_Companies.csv#L1044,yc-vault:2025-04-21:YC_Companies.csv:row:1044,2026-08-27T12:07:08+00:00
53438155-5a54-5660-9038-ddf6010ed5b6,Athelas,,800,S16,health-tech,Mountain View,Active,https://github.com/lukaflpvc/YC-Vault/blob/1c86f32a981d479249496298f6bb746ff3c79efe/data/2025-04-21/YC_Companies.csv#L1045,yc-vault:2025-04-21:YC_Companies.csv:row:1045,2026-08-27T12:07:08+00:00
0a7880b4-ab75-506f-9852-6feedb199a9b,Miso,,60,S16,,Seoul,Active,https://github.com/lukaflpvc/YC-Vault/blob/1c86f32a981d479249496298f6bb746ff3c79efe/data/2025-04-21/YC_Companies.csv#L1046,yc-vault:2025-04-21:YC_Companies.csv:row:1046,2026-08-27T12:07:08+00:00
185c9ad3-8102-57c6-b2f1-fa41c69d3c6e,Squire Technologies,,150,S16,beauty,New York,Active,https://github.com/lukaflpvc/YC-Vault/blob/1c86f32a981d479249496298f6bb746ff3c79efe/data/2025-04-21/YC_Companies.csv#L1047,yc-vault:2025-04-21:YC_Companies.csv:row:1047,2026-08-27T12:07:08+00:00
8b0f8891-2bdd-53e7-bc55-864e32d676ce,GoGoGrandparent,,250,S16,,San Francisco,Active,https://github.com/lukaflpvc/YC-Vault/blob/1c86f32a981d479249496298f6bb746ff3c79efe/data/2025-04-21/YC_Companies.csv#L1048,yc-vault:2025-04-21:YC_Companies.csv:row:1048,2026-08-27T12:07:08+00:00
a33d6554-f608-5e59-ab75-7a0ad3fb1592,HiOperator,,200,S16,customer-service,San Francisco,Active,https://github.com/lukaflpvc/YC-Vault/blob/1c86f32a981d479249496298f6bb746ff3c79efe/data/2025-04-21/YC_Companies.csv#L1049,yc-vault:2025-04-21:YC_Companies.csv:row:1049,2026-08-27T12:07:08+00:00
2d901ee3-a152-5d50-84fb-13481cb6baf5,Synvivia,,4,S16,"artificial-intelligence, synthetic-biology, biotech, manufacturing, drug-discovery",Berkeley,Active,https://github.com/lukaflpvc/YC-Vault/blob/1c86f32a981d479249496298f6bb746ff3c79efe/data/2025-04-21/YC_Companies.csv#L1050,yc-vault:2025-04-21:YC_Companies.csv:row:1050,2026-08-27T12:07:08+00:00
07afb15c-eb17-5694-8685-1d465b0dbf3b,Legalist,,40,S16,"fintech, legaltech",San Francisco,Active,https://github.com/lukaflpvc/YC-Vault/blob/1c86f32a981d479249496298f6bb746ff3c79efe/data/2025-04-21/YC_Companies.csv#L1051,yc-vault:2025-04-21:YC_Companies.csv:row:1051,2026-08-27T12:07:08+00:00
2865b9e2-548a-5ee3-8790-4e50d69403ad,New Incentives,,51,S16,nonprofit,San Francisco,Active,https://github.com/lukaflpvc/YC-Vault/blob/1c86f32a981d479249496298f6bb746ff3c79efe/data/2025-04-21/YC_Companies.csv#L1052,yc-vault:2025-04-21:YC_Companies.csv:row:1052,2026-08-27T12:07:08+00:00
bac1c8c2-09b9-5c1f-9771-eb604321dd5b,Kenota (formerly ExVivo Labs),,35,S16,"healthcare, diagnostics",Kitchener,Active,https://github.com/lukaflpvc/YC-Vault/blob/1c86f32a981d479249496298f6bb746ff3c79efe/data/2025-04-21/YC_Companies.csv#L1053,yc-vault:2025-04-21:YC_Companies.csv:row:1053,2026-08-27T12:07:08+00:00
8e9d93ef-d5c2-5960-a823-30dccbde3b31,Multiply Labs,,36,S16,Robotics,San Francisco,Active,https://github.com/lukaflpvc/YC-Vault/blob/1c86f32a981d479249496298f6bb746ff3c79efe/data/2025-04-21/YC_Companies.csv#L1054,yc-vault:2025-04-21:YC_Companies.csv:row:1054,2026-08-27T12:07:08+00:00
59270e3a-152d-5afa-8719-cf0c6b2df0b2,Women Who Code,,25,S16,,Atlanta,Active,https://github.com/lukaflpvc/YC-Vault/blob/1c86f32a981d479249496298f6bb746ff3c79efe/data/2025-04-21/YC_Companies.csv#L1055,yc-vault:2025-04-21:YC_Companies.csv:row:1055,2026-08-27T12:07:08+00:00
22d1fe74-10b2-5a5c-a53a-2b84a54f0bb8,The Flex Company,,28,S16,"consumer, retail",Los Angeles,Active,https://github.com/lukaflpvc/YC-Vault/blob/1c86f32a981d479249496298f6bb746ff3c79efe/data/2025-04-21/YC_Companies.csv#L1056,yc-vault:2025-04-21:YC_Companies.csv:row:1056,2026-08-27T12:07:08+00:00
78c2b062-1552-5fc6-a1db-c34b284f2853,OneChronos,,35,S16,"fintech, marketplace, ai",New York,Active,https://github.com/lukaflpvc/YC-Vault/blob/1c86f32a981d479249496298f6bb746ff3c79efe/data/2025-04-21/YC_Companies.csv#L1057,yc-vault:2025-04-21:YC_Companies.csv:row:1057,2026-08-27T12:07:08+00:00
b4054dc4-7ebb-5b24-95a6-0bdc9d1480fd,Nova Credit,,100,S16,fintech,San Francisco,Active,https://github.com/lukaflpvc/YC-Vault/blob/1c86f32a981d479249496298f6bb746ff3c79efe/data/2025-04-21/YC_Companies.csv#L1058,yc-vault:2025-04-21:YC_Companies.csv:row:1058,2026-08-27T12:07:08+00:00
90241a31-d75f-58d4-b1b2-b4e209e5bcb4,Instrumentl,,60,S16,saas,San Francisco,Active,https://github.com/lukaflpvc/YC-Vault/blob/1c86f32a981d479249496298f6bb746ff3c79efe/data/2025-04-21/YC_Companies.csv#L1059,yc-vault:2025-04-21:YC_Companies.csv:row:1059,2026-08-27T12:07:08+00:00
285ba2bb-7154-5580-84eb-6f2fe892d780,RocketLit,,11,S16,"education, edtech",Santa Monica,Active,https://github.com/lukaflpvc/YC-Vault/blob/1c86f32a981d479249496298f6bb746ff3c79efe/data/2025-04-21/YC_Companies.csv#L1060,yc-vault:2025-04-21:YC_Companies.csv:row:1060,2026-08-27T12:07:08+00:00
d1346464-e34a-5fdd-986f-d7d5322ce4c0,Livement,,45,S16,"sports-tech, ticketing",Guadalajara,Active,https://github.com/lukaflpvc/YC-Vault/blob/1c86f32a981d479249496298f6bb746ff3c79efe/data/2025-04-21/YC_Companies.csv#L1061,yc-vault:2025-04-21:YC_Companies.csv:row:1061,2026-08-27T12:07:08+00:00
b52c9482-39bb-53b2-82f4-a3fafaaad6f6,Rose Rocket,,165,S16,"logistics, enterprise-software",Toronto,Active,https://github.com/lukaflpvc/YC-Vault/blob/1c86f32a981d479249496298f6bb746ff3c79efe/data/2025-04-21/YC_Companies.csv#L1062,yc-vault:2025-04-21:YC_Companies.csv:row:1062,2026-08-27T12:07:08+00:00
00cd9f8b-6109-59f1-ad15-e17ed2115e12,Upgraded,,13,S16,"fintech, retail",San Francisco,Active,https://github.com/lukaflpvc/YC-Vault/blob/1c86f32a981d479249496298f6bb746ff3c79efe/data/2025-04-21/YC_Companies.csv#L1064,yc-vault:2025-04-21:YC_Companies.csv:row:1064,2026-08-27T12:07:08+00:00
fe19312a-6566-5afa-9469-663405992b8e,Raptor Maps,,75,S16,"solar-power, climate, renewable-energy",Somerville,Active,https://github.com/lukaflpvc/YC-Vault/blob/1c86f32a981d479249496298f6bb746ff3c79efe/data/2025-04-21/YC_Companies.csv#L1065,yc-vault:2025-04-21:YC_Companies.csv:row:1065,2026-08-27T12:07:08+00:00
ca8fd06a-ce87-5425-aed4-5108659b77de,Joy,,60,S16,,San Francisco,Active,https://github.com/lukaflpvc/YC-Vault/blob/1c86f32a981d479249496298f6bb746ff3c79efe/data/2025-04-21/YC_Companies.csv#L1066,yc-vault:2025-04-21:YC_Companies.csv:row:1066,2026-08-27T12:07:08+00:00
1eff0102-b565-533a-88db-caa610972c36,CareRev,,275,S16,"marketplace, healthcare, enterprise-software",Remote,Active,https://github.com/lukaflpvc/YC-Vault/blob/1c86f32a981d479249496298f6bb746ff3c79efe/data/2025-04-21/YC_Companies.csv#L1067,yc-vault:2025-04-21:YC_Companies.csv:row:1067,2026-08-27T12:07:08+00:00
7b8e9e86-9624-5cdc-8c68-d3bc0c26100f,WorkRamp,,106,S16,"saas, customer-success, sales-enablement",San Francisco,Active,https://github.com/lukaflpvc/YC-Vault/blob/1c86f32a981d479249496298f6bb746ff3c79efe/data/2025-04-21/YC_Companies.csv#L1068,yc-vault:2025-04-21:YC_Companies.csv:row:1068,2026-08-27T12:07:08+00:00
64571658-661b-5ed7-8356-6cce970d9e59,Vetcove,,83,S16,,Miami,Active,https://github.com/lukaflpvc/YC-Vault/blob/1c86f32a981d479249496298f6bb746ff3c79efe/data/2025-04-21/YC_Companies.csv#L1069,yc-vault:2025-04-21:YC_Companies.csv:row:1069,2026-08-27T12:07:08+00:00
18f45178-8a50-5dc8-8bfc-c9de596cc531,NuCypher (aka Threshold Network),,10,S16,"cryptography, privacy",Austin,Active,https://github.com/lukaflpvc/YC-Vault/blob/1c86f32a981d479249496298f6bb746ff3c79efe/data/2025-04-21/YC_Companies.csv#L1070,yc-vault:2025-04-21:YC_Companies.csv:row:1070,2026-08-27T12:07:08+00:00
bffdbb04-b4ee-5da5-a544-3f207649cd92,Prime Lightworks,,1,S16,climate,Culver City CA,Active,https://github.com/lukaflpvc/YC-Vault/blob/1c86f32a981d479249496298f6bb746ff3c79efe/data/2025-04-21/YC_Companies.csv#L1071,yc-vault:2025-04-21:YC_Companies.csv:row:1071,2026-08-27T12:07:08+00:00
009f4603-f472-57a4-90a9-db8c706d6342,RunKit,,2,S16,,San Francisco,Active,https://github.com/lukaflpvc/YC-Vault/blob/1c86f32a981d479249496298f6bb746ff3c79efe/data/2025-04-21/YC_Companies.csv#L1072,yc-vault:2025-04-21:YC_Companies.csv:row:1072,2026-08-27T12:07:08+00:00
1327b02b-188c-5802-9eaa-397c0ee51f76,Innov8,,100,S16,Co-working offices,New Delhi,Active,https://github.com/lukaflpvc/YC-Vault/blob/1c86f32a981d479249496298f6bb746ff3c79efe/data/2025-04-21/YC_Companies.csv#L1074,yc-vault:2025-04-21:YC_Companies.csv:row:1074,2026-08-27T12:07:08+00:00
a4f2077e-b907-56e6-9706-34647ec88dab,Polymail,,2,S16,productivity,Marina del Rey CA,Active,https://github.com/lukaflpvc/YC-Vault/blob/1c86f32a981d479249496298f6bb746ff3c79efe/data/2025-04-21/YC_Companies.csv#L1075,yc-vault:2025-04-21:YC_Companies.csv:row:1075,2026-08-27T12:07:08+00:00
9d3a5dd1-88bd-53bd-97cd-63c4bb2a2738,Saleswhale,,23,S16,"artificial-intelligence,sales,automation",Singapore,Active,https://github.com/lukaflpvc/YC-Vault/blob/1c86f32a981d479249496298f6bb746ff3c79efe/data/2025-04-21/YC_Companies.csv#L1076,yc-vault:2025-04-21:YC_Companies.csv:row:1076,2026-08-27T12:07:08+00:00
5a014498-57d0-535a-a5ee-9a2ece2303b2,CrowdAI,,32,S16,"machine-learning, computer-vision",San Francisco,Active,https://github.com/lukaflpvc/YC-Vault/blob/1c86f32a981d479249496298f6bb746ff3c79efe/data/2025-04-21/YC_Companies.csv#L1077,yc-vault:2025-04-21:YC_Companies.csv:row:1077,2026-08-27T12:07:08+00:00
440a6633-5ef6-53dd-9ced-368074e54224,Bulldozair,,8,S16,"SaaS, construction, enterprise",Paris,Active,https://github.com/lukaflpvc/YC-Vault/blob/1c86f32a981d479249496298f6bb746ff3c79efe/data/2025-04-21/YC_Companies.csv#L1078,yc-vault:2025-04-21:YC_Companies.csv:row:1078,2026-08-27T12:07:08+00:00
749a463e-716c-5f20-867a-01b9c4c672c3,NeoWize,,3,S16,"machine-learning, e-commerce, personalization",Tel Aviv-Yafo,Active,https://github.com/lukaflpvc/YC-Vault/blob/1c86f32a981d479249496298f6bb746ff3c79efe/data/2025-04-21/YC_Companies.csv#L1079,yc-vault:2025-04-21:YC_Companies.csv:row:1079,2026-08-27T12:07:08+00:00
90fba04c-00bb-5569-9e28-bc598bc1bca9,Vidcode,,5,S16,education,San Francisco,Active,https://github.com/lukaflpvc/YC-Vault/blob/1c86f32a981d479249496298f6bb746ff3c79efe/data/2025-04-21/YC_Companies.csv#L1080,yc-vault:2025-04-21:YC_Companies.csv:row:1080,2026-08-27T12:07:08+00:00
3af1a8ec-7f9c-5205-a306-f006f3a93333,Symple,,11,S16,"delivery, logistics",San Francisco,Active,https://github.com/lukaflpvc/YC-Vault/blob/1c86f32a981d479249496298f6bb746ff3c79efe/data/2025-04-21/YC_Companies.csv#L1081,yc-vault:2025-04-21:YC_Companies.csv:row:1081,2026-08-27T12:07:08+00:00
a8d0cb2d-86ba-57d9-acc6-f7ca89ab540a,Revlo,,2,S16,creator-economy,San Francisco,Active,https://github.com/lukaflpvc/YC-Vault/blob/1c86f32a981d479249496298f6bb746ff3c79efe/data/2025-04-21/YC_Companies.csv#L1082,yc-vault:2025-04-21:YC_Companies.csv:row:1082,2026-08-27T12:07:08+00:00
200a11cc-f7b0-537e-80a2-ea3565cd98c4,Burrow,,60,S16,"consumer, e-commerce, furniture, retail",New York,Active,https://github.com/lukaflpvc/YC-Vault/blob/1c86f32a981d479249496298f6bb746ff3c79efe/data/2025-04-21/YC_Companies.csv#L1083,yc-vault:2025-04-21:YC_Companies.csv:row:1083,2026-08-27T12:07:08+00:00
78473d49-ae80-5843-804d-1536d0a8ba42,garten,,201,S16,"artificial-intelligence,iot",Burlingame,Active,https://github.com/lukaflpvc/YC-Vault/blob/1c86f32a981d479249496298f6bb746ff3c79efe/data/2025-04-21/YC_Companies.csv#L1084,yc-vault:2025-04-21:YC_Companies.csv:row:1084,2026-08-27T12:07:08+00:00
627b440c-2e70-5f9f-a03d-d5f4199e0a5a,Fabric,,2,S16,personal location-based journal,San Francisco,Active,https://github.com/lukaflpvc/YC-Vault/blob/1c86f32a981d479249496298f6bb746ff3c79efe/data/2025-04-21/YC_Companies.csv#L1085,yc-vault:2025-04-21:YC_Companies.csv:row:1085,2026-08-27T12:07:08+00:00
e0bdefb2-d06f-5344-864b-e3879ec8c263,Techmate,,11,S16,,New York,Active,https://github.com/lukaflpvc/YC-Vault/blob/1c86f32a981d479249496298f6bb746ff3c79efe/data/2025-04-21/YC_Companies.csv#L1086,yc-vault:2025-04-21:YC_Companies.csv:row:1086,2026-08-27T12:07:08+00:00
be82de2e-5a2d-5b79-b2a4-b11a9d8e8fbc,Opsolutely,,2,S16,devops,San Francisco,Active,https://github.com/lukaflpvc/YC-Vault/blob/1c86f32a981d479249496298f6bb746ff3c79efe/data/2025-04-21/YC_Companies.csv#L1087,yc-vault:2025-04-21:YC_Companies.csv:row:1087,2026-08-27T12:07:08+00:00
d4301e71-a401-5076-8962-688f1fa59411,SimpleCitizen,,23,S16,"civic-tech, govtech",Salt Lake City,Active,https://github.com/lukaflpvc/YC-Vault/blob/1c86f32a981d479249496298f6bb746ff3c79efe/data/2025-04-21/YC_Companies.csv#L1089,yc-vault:2025-04-21:YC_Companies.csv:row:1089,2026-08-27T12:07:08+00:00
a88543aa-7f20-5a23-b696-0cad74fc253c,Seneca Systems,,11,S16,govtech,Redwood City,Active,https://github.com/lukaflpvc/YC-Vault/blob/1c86f32a981d479249496298f6bb746ff3c79efe/data/2025-04-21/YC_Companies.csv#L1090,yc-vault:2025-04-21:YC_Companies.csv:row:1090,2026-08-27T12:07:08+00:00
b466bf5c-ac9b-573f-bfe4-36ab1cc0cb4f,SkyLights,,5,S16,"vr-health, entertainment, airlines",San Jose,Active,https://github.com/lukaflpvc/YC-Vault/blob/1c86f32a981d479249496298f6bb746ff3c79efe/data/2025-04-21/YC_Companies.csv#L1091,yc-vault:2025-04-21:YC_Companies.csv:row:1091,2026-08-27T12:07:08+00:00
158bbac2-fefc-5de7-80bc-df12733795ac,UtilityScore (formerly Pando),,6,S16,real-estate/api,Oakland,Active,https://github.com/lukaflpvc/YC-Vault/blob/1c86f32a981d479249496298f6bb746ff3c79efe/data/2025-04-21/YC_Companies.csv#L1092,yc-vault:2025-04-21:YC_Companies.csv:row:1092,2026-08-27T12:07:08+00:00
450aae5c-efed-5597-a161-3234416ba97c,Reebeez,,2,S16,aerospace,Austin,Active,https://github.com/lukaflpvc/YC-Vault/blob/1c86f32a981d479249496298f6bb746ff3c79efe/data/2025-04-21/YC_Companies.csv#L1093,yc-vault:2025-04-21:YC_Companies.csv:row:1093,2026-08-27T12:07:08+00:00
1d8445d4-3da7-5558-9aeb-9527a17c1c38,Ubiq,,6,S16,team-collaboration,Boston,Active,https://github.com/lukaflpvc/YC-Vault/blob/1c86f32a981d479249496298f6bb746ff3c79efe/data/2025-04-21/YC_Companies.csv#L1095,yc-vault:2025-04-21:YC_Companies.csv:row:1095,2026-08-27T12:07:08+00:00
018affb3-6186-5aae-ab23-9dec10b2c09f,Abundance Labs,,12,S16,cryptocurrency,San Francisco,Active,https://github.com/lukaflpvc/YC-Vault/blob/1c86f32a981d479249496298f6bb746ff3c79efe/data/2025-04-21/YC_Companies.csv#L1096,yc-vault:2025-04-21:YC_Companies.csv:row:1096,2026-08-27T12:07:08+00:00
3782ebcf-73b8-5114-b156-785d9b1a4fb3,GTRACK Technologies,,2,S16,"hard-tech,nanosensors",San Francisco,Active,https://github.com/lukaflpvc/YC-Vault/blob/1c86f32a981d479249496298f6bb746ff3c79efe/data/2025-04-21/YC_Companies.csv#L1097,yc-vault:2025-04-21:YC_Companies.csv:row:1097,2026-08-27T12:07:08+00:00
568b80c1-1401-5092-b439-513d7769821c,Xberts,,50,S16,e-commerce,San Francisco,Active,https://github.com/lukaflpvc/YC-Vault/blob/1c86f32a981d479249496298f6bb746ff3c79efe/data/2025-04-21/YC_Companies.csv#L1098,yc-vault:2025-04-21:YC_Companies.csv:row:1098,2026-08-27T12:07:08+00:00
f1bdc3fa-42e6-5157-a5c6-aaf62b9ace13,Scanate/Fellow,,2,S16,API for Invoice Financing,,Active,https://github.com/lukaflpvc/YC-Vault/blob/1c86f32a981d479249496298f6bb746ff3c79efe/data/2025-04-21/YC_Companies.csv#L1099,yc-vault:2025-04-21:YC_Companies.csv:row:1099,2026-08-27T12:07:08+00:00
b4745950-7b6a-5943-9c25-6ed5396813b8,Starsky Robotics,,11,S16,autonomous-trucking,San Francisco,Active,https://github.com/lukaflpvc/YC-Vault/blob/1c86f32a981d479249496298f6bb746ff3c79efe/data/2025-04-21/YC_Companies.csv#L1100,yc-vault:2025-04-21:YC_Companies.csv:row:1100,2026-08-27T12:07:08+00:00
788bb3a1-6891-5545-aabd-4c8f3bcd5321,Seerslab,,39,S16,augmented-reality,Palo Alto,Active,https://github.com/lukaflpvc/YC-Vault/blob/1c86f32a981d479249496298f6bb746ff3c79efe/data/2025-04-21/YC_Companies.csv#L1101,yc-vault:2025-04-21:YC_Companies.csv:row:1101,2026-08-27T12:07:08+00:00
b4350f11-6f15-57f1-9129-78dc3bee2488,Drivezy,,201,S16,marketplace,Bengaluru,Active,https://github.com/lukaflpvc/YC-Vault/blob/1c86f32a981d479249496298f6bb746ff3c79efe/data/2025-04-21/YC_Companies.csv#L1102,yc-vault:2025-04-21:YC_Companies.csv:row:1102,2026-08-27T12:07:08+00:00
e0c3323e-173e-536d-b868-4722ba7c1dc4,Airo Health,,2,S16,"artificial-intelligence,mental-health-tech",San Francisco,Active,https://github.com/lukaflpvc/YC-Vault/blob/1c86f32a981d479249496298f6bb746ff3c79efe/data/2025-04-21/YC_Companies.csv#L1103,yc-vault:2025-04-21:YC_Companies.csv:row:1103,2026-08-27T12:07:08+00:00
b60feab9-e584-5d0a-9a79-c2d909a5fff1,Coub,,11,S16,,Moscow,Active,https://github.com/lukaflpvc/YC-Vault/blob/1c86f32a981d479249496298f6bb746ff3c79efe/data/2025-04-21/YC_Companies.csv#L1105,yc-vault:2025-04-21:YC_Companies.csv:row:1105,2026-08-27T12:07:08+00:00
c881ddc8-2ddb-5260-a25f-6e712cde21f5,Robby Technologies,,11,S16,"autonomous-delivery, robotics",Palo Alto,Active,https://github.com/lukaflpvc/YC-Vault/blob/1c86f32a981d479249496298f6bb746ff3c79efe/data/2025-04-21/YC_Companies.csv#L1106,yc-vault:2025-04-21:YC_Companies.csv:row:1106,2026-08-27T12:07:08+00:00
2af23736-9ffe-52f1-b028-54e0972d7e2b,Mosaix.ai,,20,S16,emerging-markets,Palo Alto,Active,https://github.com/lukaflpvc/YC-Vault/blob/1c86f32a981d479249496298f6bb746ff3c79efe/data/2025-04-21/YC_Companies.csv#L1107,yc-vault:2025-04-21:YC_Companies.csv:row:1107,2026-08-27T12:07:08+00:00
3b0fea1b-4fd5-5ce0-a1b0-3a4fe0900b1a,Clip Health,,10,S16,health-tech,Fremont,Active,https://github.com/lukaflpvc/YC-Vault/blob/1c86f32a981d479249496298f6bb746ff3c79efe/data/2025-04-21/YC_Companies.csv#L1108,yc-vault:2025-04-21:YC_Companies.csv:row:1108,2026-08-27T12:07:08+00:00
bb9ca86f-2377-5f22-a50a-85214d03c2a5,Shield Bio,,28,S16,"healthcare, genomics, nanotechnology",San Jose,Active,https://github.com/lukaflpvc/YC-Vault/blob/1c86f32a981d479249496298f6bb746ff3c79efe/data/2025-04-21/YC_Companies.csv#L1109,yc-vault:2025-04-21:YC_Companies.csv:row:1109,2026-08-27T12:07:08+00:00
aaff285f-96c8-5c39-a5e1-1795fab2ab62,CoinTent,,2,S16,advertising,San Francisco,Active,https://github.com/lukaflpvc/YC-Vault/blob/1c86f32a981d479249496298f6bb746ff3c79efe/data/2025-04-21/YC_Companies.csv#L1110,yc-vault:2025-04-21:YC_Companies.csv:row:1110,2026-08-27T12:07:08+00:00
fa5132c0-4117-57ba-894a-033f53f96b75,Haywheel,,2,S16,food-&-beverage,New York,Active,https://github.com/lukaflpvc/YC-Vault/blob/1c86f32a981d479249496298f6bb746ff3c79efe/data/2025-04-21/YC_Companies.csv#L1111,yc-vault:2025-04-21:YC_Companies.csv:row:1111,2026-08-27T12:07:08+00:00
497443b7-81b4-57c8-8373-d5f0ca28ec08,Looklive,,11,S16,fashion,Atlanta,Active,https://github.com/lukaflpvc/YC-Vault/blob/1c86f32a981d479249496298f6bb746ff3c79efe/data/2025-04-21/YC_Companies.csv#L1112,yc-vault:2025-04-21:YC_Companies.csv:row:1112,2026-08-27T12:07:08+00:00
a611bde8-a9c7-5ba0-83b0-164127c48066,Metapacket,,2,S16,cybersecurity,San Francisco,Active,https://github.com/lukaflpvc/YC-Vault/blob/1c86f32a981d479249496298f6bb746ff3c79efe/data/2025-04-21/YC_Companies.csv#L1113,yc-vault:2025-04-21:YC_Companies.csv:row:1113,2026-08-27T12:07:08+00:00
758fd3a0-26e9-5a53-b700-909c383adcd2,Sway Finance,,2,S16,,San Francisco,Active,https://github.com/lukaflpvc/YC-Vault/blob/1c86f32a981d479249496298f6bb746ff3c79efe/data/2025-04-21/YC_Companies.csv#L1114,yc-vault:2025-04-21:YC_Companies.csv:row:1114,2026-08-27T12:07:08+00:00
f66fa76e-8ddf-555e-8fdd-7247f7fc8590,Hush,,2,S16,Mobile-first makeup retailer,Los Angeles,Active,https://github.com/lukaflpvc/YC-Vault/blob/1c86f32a981d479249496298f6bb746ff3c79efe/data/2025-04-21/YC_Companies.csv#L1115,yc-vault:2025-04-21:YC_Companies.csv:row:1115,2026-08-27T12:07:08+00:00
aab0ea66-fc5e-5098-a1d1-899200771924,Whyd,,2,S16,smart-home-assistants,Paris,Active,https://github.com/lukaflpvc/YC-Vault/blob/1c86f32a981d479249496298f6bb746ff3c79efe/data/2025-04-21/YC_Companies.csv#L1116,yc-vault:2025-04-21:YC_Companies.csv:row:1116,2026-08-27T12:07:08+00:00
54801853-c3f4-5663-84a7-f96ec901ac51,RigPlenish,,2,S16,"health-tech, workflow-automation",Cupertino,Active,https://github.com/lukaflpvc/YC-Vault/blob/1c86f32a981d479249496298f6bb746ff3c79efe/data/2025-04-21/YC_Companies.csv#L1117,yc-vault:2025-04-21:YC_Companies.csv:row:1117,2026-08-27T12:07:08+00:00
862540ae-5f42-56f2-bafe-706ac243d6ae,Farmstead,,10,S16,"artificial intelligence,grocery,delivery",San Mateo,Active,https://github.com/lukaflpvc/YC-Vault/blob/1c86f32a981d479249496298f6bb746ff3c79efe/data/2025-04-21/YC_Companies.csv#L1118,yc-vault:2025-04-21:YC_Companies.csv:row:1118,2026-08-27T12:07:08+00:00
c408479a-6ccf-561c-aa04-f9108f8ecf07,Hellobill,,2,S16,fintech,,Active,https://github.com/lukaflpvc/YC-Vault/blob/1c86f32a981d479249496298f6bb746ff3c79efe/data/2025-04-21/YC_Companies.csv#L1119,yc-vault:2025-04-21:YC_Companies.csv:row:1119,2026-08-27T12:07:08+00:00
53b57f9e-ac50-5224-8527-233676874654,PatientBank,,2,S16,health-tech,San Francisco,Active,https://github.com/lukaflpvc/YC-Vault/blob/1c86f32a981d479249496298f6bb746ff3c79efe/data/2025-04-21/YC_Companies.csv#L1120,yc-vault:2025-04-21:YC_Companies.csv:row:1120,2026-08-27T12:07:08+00:00
e4805c09-b146-5109-989b-a3dc7bfbb59c,Sixa,,11,S16,cloud-computing,,Active,https://github.com/lukaflpvc/YC-Vault/blob/1c86f32a981d479249496298f6bb746ff3c79efe/data/2025-04-21/YC_Companies.csv#L1121,yc-vault:2025-04-21:YC_Companies.csv:row:1121,2026-08-27T12:07:08+00:00
70f4faf2-d58b-5621-96df-a7dd6fda08a3,Selfycart,,2,S16,grocery,San Mateo,Active,https://github.com/lukaflpvc/YC-Vault/blob/1c86f32a981d479249496298f6bb746ff3c79efe/data/2025-04-21/YC_Companies.csv#L1122,yc-vault:2025-04-21:YC_Companies.csv:row:1122,2026-08-27T12:07:08+00:00
b4b2fde4-39f5-5f4b-8192-e3b051cbb36c,SmartSite,,2,S16,"hardware, construction",London,Active,https://github.com/lukaflpvc/YC-Vault/blob/1c86f32a981d479249496298f6bb746ff3c79efe/data/2025-04-21/YC_Companies.csv#L1123,yc-vault:2025-04-21:YC_Companies.csv:row:1123,2026-08-27T12:07:08+00:00
05f93868-e07b-51c4-b71f-0905cba0aa86,Mindori,,1,S16,e-commerce,Palo Alto,Active,https://github.com/lukaflpvc/YC-Vault/blob/1c86f32a981d479249496298f6bb746ff3c79efe/data/2025-04-21/YC_Companies.csv#L1124,yc-vault:2025-04-21:YC_Companies.csv:row:1124,2026-08-27T12:07:08+00:00
0b99350c-e1be-5585-a392-e42b85b084e8,The Rumie Initiative,,11,IK12,,Toronto,Active,https://github.com/lukaflpvc/YC-Vault/blob/1c86f32a981d479249496298f6bb746ff3c79efe/data/2025-04-21/YC_Companies.csv#L1125,yc-vault:2025-04-21:YC_Companies.csv:row:1125,2026-08-27T12:07:08+00:00
79a47469-c6d0-5800-ac2d-5746bbf8e303,Sense Education,,15,IK12,education,New York,Active,https://github.com/lukaflpvc/YC-Vault/blob/1c86f32a981d479249496298f6bb746ff3c79efe/data/2025-04-21/YC_Companies.csv#L1126,yc-vault:2025-04-21:YC_Companies.csv:row:1126,2026-08-27T12:07:08+00:00
50368c4b-8df7-50c1-8738-f804079ab8f2,Sown To Grow,,16,IK12,education,Oakland,Active,https://github.com/lukaflpvc/YC-Vault/blob/1c86f32a981d479249496298f6bb746ff3c79efe/data/2025-04-21/YC_Companies.csv#L1127,yc-vault:2025-04-21:YC_Companies.csv:row:1127,2026-08-27T12:07:08+00:00
ca7fc144-5525-5def-a2ba-85d1e56a7a70,Swing Education,,52,IK12,,San Mateo,Active,https://github.com/lukaflpvc/YC-Vault/blob/1c86f32a981d479249496298f6bb746ff3c79efe/data/2025-04-21/YC_Companies.csv#L1128,yc-vault:2025-04-21:YC_Companies.csv:row:1128,2026-08-27T12:07:08+00:00
a522f1d7-cad2-58a1-b472-af6bb69a56d3,KickUp,,9,IK12,,Philadelphia,Active,https://github.com/lukaflpvc/YC-Vault/blob/1c86f32a981d479249496298f6bb746ff3c79efe/data/2025-04-21/YC_Companies.csv#L1129,yc-vault:2025-04-21:YC_Companies.csv:row:1129,2026-08-27T12:07:08+00:00
6fa5808c-0014-5b25-8384-1edbf58db92e,ProjectPro,,26,IK12,"developer-tools, education, machine-learning",Bengaluru,Active,https://github.com/lukaflpvc/YC-Vault/blob/1c86f32a981d479249496298f6bb746ff3c79efe/data/2025-04-21/YC_Companies.csv#L1130,yc-vault:2025-04-21:YC_Companies.csv:row:1130,2026-08-27T12:07:08+00:00
3acf2736-f320-504a-988f-dc26bdd2f565,AdmitSee,,4,IK12,,San Francisco,Active,https://github.com/lukaflpvc/YC-Vault/blob/1c86f32a981d479249496298f6bb746ff3c79efe/data/2025-04-21/YC_Companies.csv#L1132,yc-vault:2025-04-21:YC_Companies.csv:row:1132,2026-08-27T12:07:08+00:00
12c5f38a-ebec-5b19-82b5-bcffb3d5c4be,Trinket,,1,IK12,education,Raleigh,Active,https://github.com/lukaflpvc/YC-Vault/blob/1c86f32a981d479249496298f6bb746ff3c79efe/data/2025-04-21/YC_Companies.csv#L1133,yc-vault:2025-04-21:YC_Companies.csv:row:1133,2026-08-27T12:07:08+00:00
4a1d6aa8-1fc0-5108-8435-b5fdb547d358,ReadWorks,,11,IK12,,New York,Active,https://github.com/lukaflpvc/YC-Vault/blob/1c86f32a981d479249496298f6bb746ff3c79efe/data/2025-04-21/YC_Companies.csv#L1134,yc-vault:2025-04-21:YC_Companies.csv:row:1134,2026-08-27T12:07:08+00:00
5e9711ee-3922-5018-ba6e-9ca50a8d414e,Educents,,11,IK12,,San Francisco,Active,https://github.com/lukaflpvc/YC-Vault/blob/1c86f32a981d479249496298f6bb746ff3c79efe/data/2025-04-21/YC_Companies.csv#L1135,yc-vault:2025-04-21:YC_Companies.csv:row:1135,2026-08-27T12:07:08+00:00
6ad4c803-c481-5a5f-8c17-db696b007af1,Formative,,2,IK12,,Inglewood CA,Active,https://github.com/lukaflpvc/YC-Vault/blob/1c86f32a981d479249496298f6bb746ff3c79efe/data/2025-04-21/YC_Companies.csv#L1136,yc-vault:2025-04-21:YC_Companies.csv:row:1136,2026-08-27T12:07:08+00:00
d3528ca9-ba0f-5af2-bd7a-609ffab8f6c8,Peekapak,,11,IK12,,Toronto,Active,https://github.com/lukaflpvc/YC-Vault/blob/1c86f32a981d479249496298f6bb746ff3c79efe/data/2025-04-21/YC_Companies.csv#L1137,yc-vault:2025-04-21:YC_Companies.csv:row:1137,2026-08-27T12:07:08+00:00
31d078f6-b7f3-54f6-9781-6f915551e4e0,TeachMe,,2,IK12,,Edmonton,Active,https://github.com/lukaflpvc/YC-Vault/blob/1c86f32a981d479249496298f6bb746ff3c79efe/data/2025-04-21/YC_Companies.csv#L1138,yc-vault:2025-04-21:YC_Companies.csv:row:1138,2026-08-27T12:07:08+00:00
